Date,Open,High,Low,Close,Adj Close,Volume,return,label
2020-01-02,1.1218937927914185,1.11668209181675,1.1227124952136271,1.1220825777136014,1.1220825777136014,0,0.0,0
2020-01-03,1.117081289339039,1.1125698347917734,1.1180679778177955,1.1171436967092128,1.1171436967092128,0,-0.10217342842298317,0
2020-01-06,1.1162458216170725,1.1158098921721327,1.1208249357723539,1.1161959902354566,1.1161959902354566,0,-0.019605740546549563,1
2020-01-07,1.1195825866542561,1.113486559818818,1.1199462550205683,1.1197995186198897,1.1197995186198897,0,0.07454823251054206,0
2020-01-08,1.1155734360629124,1.1110864162046858,1.1165200109194877,1.115473823603154,1.115473823603154,0,-0.08948810262473625,0
2020-01-09,1.1114445114645843,1.1095084716563814,1.112223327485126,1.111321047422334,1.111321047422334,0,-0.0859108327353195,0
2020-01-10,1.1109259554902986,1.1086228962405236,1.112099616646426,1.1111111405455043,1.1111111405455043,0,-0.004342462439609208,1
2020-01-13,1.1116546179885227,1.1114074767340767,1.1144669054687557,1.1116669190087825,1.1116669190087825,0,0.01149770382933413,1
2020-01-14,1.1134493888783255,1.1105558440155467,1.1145787037092398,1.1135733263029841,1.1135733263029841,0,0.03943892736959696,0
2020-01-15,1.1129660232306193,1.1120254623177885,1.1163454977295102,1.1130899269146484,1.1130899269146484,0,-0.010000356914845326,1
2020-01-16,1.115269833060674,1.1129784271244019,1.1171936127473365,1.1154004792630061,1.1154004792630061,0,0.047799704988378905,0
2020-01-17,1.113800283847123,1.1087580714691347,1.1145004425858973,1.1139578778356443,1.1139578778356443,0,-0.02984391273053048,0
2020-01-20,1.109520798601322,1.1077509478850727,1.1104941704936422,1.1094592399829228,1.1094592399829228,0,-0.09306586901719645,1
2020-01-21,1.1096439363339654,1.1086474378031816,1.111976007025567,1.1096931844007603,1.1096931844007603,0,0.004839740663852366,0
2020-01-22,1.1085859760558556,1.107162251724025,1.1097793606848276,1.1085614372141868,1.1085614372141868,0,-0.023413095002193296,1
2020-01-23,1.109754768983544,1.1037040150902295,1.1103215357646394,1.1096439363339654,1.1096439363339654,0,0.022394272353264816,0
2020-01-24,1.1055343018621329,1.1021227002755567,1.1060845867907234,1.105522063338739,1.105522063338739,0,-0.08527152103323832,0
2020-01-27,1.1026330685895713,1.1010063345275787,1.1039964855763733,1.1025358260385552,1.1025358260385552,0,-0.06177798225412954,0
2020-01-28,1.1019648179748596,1.0998558871032822,1.102657418142855,1.1019769778645843,1.1019769778645843,0,-0.011561208672934566,1
2020-01-29,1.1022927946839383,1.0993238822532279,1.1030222829065501,1.102256294908137,1.102256294908137,0,0.00577838986835031,0
2020-01-30,1.101406476058028,1.1008245021469312,1.103655297174621,1.101685576273556,1.101685576273556,0,-0.011806779614289083,1
2020-01-31,1.1028763225290272,1.1017948247635525,1.1090162781424875,1.1029127908757805,1.1029127908757805,0,0.02538808349676931,1
2020-02-03,1.108905592944551,1.1043500246216134,1.108905592944551,1.1089794050561064,1.1089794050561064,0,0.12550348331384864,0
2020-02-04,1.1062925985909506,1.103387389214644,1.1065619193790617,1.1062925985909506,1.1062925985909506,0,-0.05558348699028395,0
2020-02-05,1.1044720172315692,1.0998317332212428,1.1048503074535507,1.104728231267074,1.104728231267074,0,-0.032362952792611144,0
2020-02-06,1.1000495169994378,1.0965513554198953,1.1012852319597695,1.1002310212756246,1.1002310212756246,0,-0.09303633004241019,0
2020-02-07,1.0981046370220848,1.094690736720578,1.098699494985877,1.0982976507390354,1.0982976507390354,0,-0.039996731235225985,0
2020-02-10,1.0948705482504941,1.0909598586953038,1.0961306700037776,1.0949304985547195,1.0949304985547195,0,-0.06965818418945294,0
2020-02-11,1.0912265203460685,1.0893483336860126,1.0927003321109732,1.091345630637373,1.091345630637373,0,-0.07416219285975413,1
2020-02-12,1.0921799891011255,1.0887079525467793,1.092499747504725,1.091941501274295,1.091941501274295,0,0.012327113331300998,0
2020-02-13,1.0876422046159466,1.0835527439649564,1.0890873258015012,1.08759489430136,1.08759489430136,0,-0.08992072010590671,0
2020-02-14,1.0845987091392217,1.0831302234762565,1.086248102554175,1.0845987091392217,1.0845987091392217,0,-0.061983779308251136,0
2020-02-17,1.0840578223066208,1.0830246448358167,1.0854003786463342,1.0841753726889678,1.0841753726889678,0,-0.008757800898710833,0
2020-02-18,1.083705394053643,1.0786904762057845,1.0839003811659729,1.0840108232987542,1.0840108232987542,0,-0.003404126426227919,0
2020-02-19,1.0794706524745694,1.078360103876551,1.080847401283832,1.0795405284487793,1.0795405284487793,0,-0.0924795212676059,1
2020-02-20,1.0809641867651663,1.077957898437717,1.0820999990196276,1.081009807507087,1.081009807507087,0,0.030395807990513807,0
2020-02-21,1.078771904375371,1.078771904375371,1.0863661284506347,1.0787998591283123,1.0787998591283123,0,-0.045718453693576924,1
2020-02-24,1.083858087158847,1.080847401283832,1.0863661284506347,1.0839050729231245,1.0839050729231245,0,0.10561444905936504,1
2020-02-25,1.0849046422030297,1.0831771461538828,1.088174817635612,1.0849199363709796,1.0849199363709796,0,0.02099505490340444,1
2020-02-26,1.0881002204125285,1.0855641560997478,1.090357972320329,1.0881996621221495,1.0881996621221495,0,0.06784954405388582,1
2020-02-27,1.0885656850777259,1.0885656850777259,1.1005700954479873,1.0885894172848152,1.0885894172848152,0,0.008063085783951164,1
2020-02-28,1.0995535713993132,1.095158283812389,1.105277713837883,1.0997228736659714,1.0997228736659714,0,0.2303241174771491,1
2020-03-02,1.105253248422447,1.1037284119666382,1.1164078229123302,1.1051311559778645,1.1051311559778645,0,0.11188419911199904,1
2020-03-03,1.1144296690478102,1.1097301049689168,1.1207495384491235,1.1144047968009283,1.1144047968009283,0,0.1918490597392009,1
2020-03-04,1.1177305478614625,1.1096931844007603,1.1185682404182034,1.1180679778177955,1.1180679778177955,0,0.07578230030137055,0
2020-03-05,1.1139082505166458,1.1121738545923499,1.1204482002235259,1.1139082505166458,1.1139082505166458,0,-0.08605463449827819,1
2020-03-06,1.1223848708989694,1.1213905518330827,1.1354733496458942,1.1223848708989694,1.1223848708989694,0,0.17536064649716168,1
2020-03-09,1.138614967412427,1.1356796478294426,1.1495838233979128,1.1386020627862035,1.1386020627862035,0,0.33549423301345355,1
2020-03-10,1.1397439783611076,1.133414176243399,1.142295801849737,1.1397960119542185,1.1397960119542185,0,0.024699902619736924,0
2020-03-11,1.1316185545551563,1.1259004503946473,1.1365961358803274,1.1316505366215464,1.1316505366215464,0,-0.16851006131437918,0
2020-03-12,1.126075394196823,1.108082378394858,1.133285706720216,1.1261515098304236,1.1261515098304236,0,-0.11376148154604072,0
2020-03-13,1.1183555871697861,1.1065373970792327,1.1221329360938905,1.1184931463926477,1.1184931463926477,0,-0.15843290167377394,0
2020-03-16,1.1159593704758481,1.1088687272179056,1.1235399927406469,1.115536051490731,1.115536051490731,0,-0.06117509695667339,1
2020-03-17,1.1163330929514157,1.0957943253776872,1.1189061764199613,1.1163206141713737,1.1163206141713737,0,0.016230692503575964,0
2020-03-18,1.101685576273556,1.0831888949420372,1.1045000837070857,1.1015521199401939,1.1015521199401939,0,-0.3055242041474282,0
2020-03-19,1.0943433541723577,1.069793345138296,1.0945589695920466,1.0961546615962516,1.0961546615962516,0,-0.11166027755695582,0
2020-03-20,1.0658480679409836,1.0654506067090581,1.082989479832203,1.0657345256888135,1.0657345256888135,0,-0.6293185796527956,1
2020-03-23,1.0687528514891573,1.0660412875518646,1.0824853962812069,1.0694386765418966,1.0694386765418966,0,0.07662986650601869,1
2020-03-24,1.0764725852070305,1.075338210888946,1.0888501865403444,1.0764610507310306,1.0764610507310306,0,0.14527583190105595,1
2020-03-25,1.0801235742803463,1.0770175426996298,1.084951718750404,1.0802635739645214,1.0802635739645214,0,0.07866495165171483,1
2020-03-26,1.0887553597489659,1.0876540504656684,1.1025479985334599,1.08895690409715,1.08895690409715,0,0.179843843833091,1
2020-03-27,1.1046184003077117,1.0955182017773977,1.1086474378031816,1.1048258609555999,1.1048258609555999,0,0.3282900977536155,1
2020-03-30,1.1135361495694023,1.1012245837789614,1.1137841645923032,1.1139082505166458,1.1139082505166458,0,0.18789253656862273,0
2020-03-31,1.102839784099394,1.0929678453872687,1.1043622372088464,1.103046649653173,1.103046649653173,0,-0.2247000884202138,0
2020-04-01,1.1028154989825858,1.0918699397048508,1.1037527373070728,1.102657418142855,1.102657418142855,0,-0.008052252691268972,0
2020-04-02,1.0950983085625767,1.084434031230936,1.0962989197572712,1.0953622059006338,1.0953622059006338,0,-0.15092018722433664,0
2020-04-03,1.0843869995972624,1.0776198762008817,1.0858942489704622,1.0847398713872103,1.0847398713872103,0,-0.21975024993067335,0
2020-04-06,1.0808240054382585,1.07692476560643,1.0834353285520377,1.080695555227328,1.080695555227328,0,-0.0836670588569461,0
2020-04-07,1.0801936043601221,1.0791398021540324,1.0923350798402869,1.0803803028799488,1.0803803028799488,0,-0.006521803850206617,1
2020-04-08,1.0894314496894606,1.0831771461538828,1.0896213554463154,1.0895145076239707,1.0895145076239707,0,0.1889644666038516,0
2020-04-09,1.0861182896223338,1.084180066827076,1.0943553464411633,1.0863661284506347,1.0863661284506347,0,-0.06513230301143359,1
2020-04-10,1.0925976469304146,1.0921083962701759,1.0954102659193832,1.092740899142818,1.092740899142818,0,0.13187849159596063,1
2020-04-13,1.093135125516711,1.0893602167290513,1.0968520222691371,1.093266550032217,1.093266550032217,0,0.010874437646048769,0
2020-04-14,1.0919533698892512,1.0915719976382219,1.098394147088645,1.0922993076420708,1.0922993076420708,0,-0.020009891112876134,1
2020-04-15,1.0982373311572668,1.0857645205948958,1.098901067230959,1.0985389234103573,1.0985389234103573,0,0.12908246514168595,0
2020-04-16,1.0903817118752979,1.0829660610668288,1.090774237540615,1.0905101359847398,1.0905101359847398,0,-0.1660960724961261,0
2020-04-17,1.0860121979796045,1.081268142281893,1.0893246391062057,1.0858470905957092,1.0858470905957092,0,-0.09646706083136651,1
2020-04-20,1.0866258334987076,1.0843047215734307,1.0897044423411724,1.0866966389074748,1.0866966389074748,0,0.017575087058571033,0
2020-04-21,1.0863543106381643,1.0817944596355682,1.0879971984935417,1.0864841096378326,1.0864841096378326,0,-0.004396713364886092,0
2020-04-22,1.0857409816610697,1.082426800999327,1.088316912351625,1.0856466956276574,1.0856466956276574,0,-0.017324057889431383,0
2020-04-23,1.0806838604645561,1.0758356583917885,1.0843987746458073,1.0809641867651663,1.0809641867651663,0,-0.09686971272978458,0
2020-04-24,1.0776326814543518,1.072765727337884,1.0817710925237987,1.07770231967347,1.07770231967347,0,-0.06748009185128304,1
2020-04-27,1.0823682120606666,1.0812213151688945,1.086035748675001,1.0823682120606666,1.0823682120606666,0,0.0965259582947927,1
2020-04-28,1.0827197709880658,1.0811278124459105,1.0889687786019384,1.0824853962812069,1.0824853962812069,0,0.0024242563364126894,1
2020-04-29,1.0832358227033672,1.0831654675515836,1.0874293053660773,1.0836584255989934,1.0836584255989934,0,0.02426712183031353,1
2020-04-30,1.0876658965734265,1.0835645009024852,1.0969963923230204,1.0877249899410883,1.0877249899410883,0,0.08412731960241368,1
2020-05-01,1.0944750693896872,1.093541539606102,1.1016248839917324,1.0945469728601254,1.0945469728601254,0,0.1411302242069954,1
2020-05-04,1.0957463032182342,1.0901321085094056,1.0957823015508088,1.0959624718851717,1.0959624718851717,0,0.02928322998465858,0
2020-05-05,1.090453078493282,1.082696363885581,1.092132283202132,1.0904293358306878,1.0904293358306878,0,-0.11446711919462768,0
2020-05-06,1.0840108232987542,1.078422904104003,1.084481066944464,1.083858087158847,1.083858087158847,0,-0.13594314283444744,0
2020-05-07,1.0800535532802285,1.0767507998030463,1.0815721990593272,1.0798552908269607,1.0798552908269607,0,-0.08280811466086037,1
2020-05-08,1.0836936340584822,1.081630632117511,1.0873347258884993,1.08371715430404,1.08371715430404,0,0.07989255687757447,1
2020-05-11,1.0840108232987542,1.0804269875942794,1.0853049582279088,1.0839520627612893,1.0839520627612893,0,0.004859684293139356,0
2020-05-12,1.080917455616079,1.0785392355462207,1.0880445438157815,1.080940855507573,1.080940855507573,0,-0.06229454982433449,1
2020-05-13,1.0846339787265267,1.0831419712465242,1.0893364509022183,1.0846810317868805,1.0846810317868805,0,0.07737514490095751,0
2020-05-14,1.0821925530991257,1.0776558701202767,1.0824853962812069,1.0823682120606666,1.0823682120606666,0,-0.04784661151819525,0
2020-05-15,1.080625460050544,1.0790862186313603,1.084951718750404,1.080695555227328,1.080695555227328,0,-0.03460319920351666,1
2020-05-18,1.081946614679899,1.0800885974125718,1.0912741471461178,1.0821339895154904,1.0821339895154904,0,0.029757704761893693,1
2020-05-19,1.0915838582220183,1.0902747148877672,1.0975141562261228,1.0915124145333426,1.0915124145333426,0,0.19401678972025352,1
2020-05-20,1.0930156243128837,1.0929200706385855,1.0999043422683594,1.0927767714486516,1.0927767714486516,0,0.02615646756272074,1
2020-05-21,1.097935904456658,1.09394825600733,1.1008729704617872,1.0982976507390354,1.0982976507390354,0,0.1142135565741947,0
2020-05-22,1.0952422887990805,1.0886130798905314,1.095530219809102,1.0952902667898714,1.0952902667898714,0,-0.06221545495777157,0
2020-05-25,1.0909050949495263,1.087204653126757,1.091464766933929,1.0907801945941897,1.0907801945941897,0,-0.09330241774573933,0
2020-05-26,1.0901083798216955,1.0898351139742255,1.0991547748150634,1.0902997262100729,1.0902997262100729,0,-0.009939721570624685,1
2020-05-27,1.0980564121591379,1.0936611558422638,1.1029858073187429,1.0981770182007553,1.0981770182007553,0,0.16296200063571994,1
2020-05-28,1.1015278191776432,1.099311852875872,1.107186728660054,1.101685576273556,1.101685576273556,0,0.07258352788832896,1
2020-05-29,1.1078123170741612,1.107039664132568,1.1144669054687557,1.1079104926562335,1.1079104926562335,0,0.12877837062674577,1
2020-06-01,1.1114568814671704,1.110148954702046,1.1152001478317457,1.1118523511958174,1.1118523511958174,0,0.08154746003999903,1
2020-06-02,1.1125574400036076,1.111568076589281,1.1195701098315034,1.1125945514140452,1.1125945514140452,0,0.015354316252048842,1
2020-06-03,1.1185682404182034,1.1181054577732188,1.124998558314502,1.1189437125937005,1.1189437125937005,0,0.13134869310660716,1
2020-06-04,1.1237217302426081,1.1195951384691194,1.136053773648212,1.123595523677711,1.123595523677711,0,0.09623465040098225,1
2020-06-05,1.1337226066458927,1.1285662354980737,1.1383946243658232,1.133786810681936,1.133786810681936,0,0.21083292598849337,0
2020-06-08,1.1316057317045038,1.1269510050302731,1.131874690799523,1.1319515924708274,1.1319515924708274,0,-0.037966198490434075,0
2020-06-09,1.1302883602884695,1.1243661490060508,1.13633778158998,1.1305566934503017,1.1305566934503017,0,-0.028857066024536276,1
2020-06-10,1.133414176243399,1.133414176243399,1.1388872691257725,1.1332215594230175,1.1332215594230175,0,0.05512959159740268,1
2020-06-11,1.136867472720648,1.1326054112147892,1.14001689788116,1.1365444710231634,1.1365444710231634,0,0.0687429541695202,0
2020-06-12,1.1289357644694973,1.1234692702264721,1.1339796963674456,1.128808308115958,1.128808308115958,0,-0.16004238335880605,0
2020-06-15,1.1254164077656421,1.1228763791066163,1.1292034557205766,1.1252011429594682,1.1252011429594682,0,-0.07462346847372624,1
2020-06-16,1.1337996830105308,1.1231664679041757,1.1349835765383913,1.1337740152640225,1.1337740152640225,0,0.1773518645236493,0
2020-06-17,1.126494044101167,1.1210259450320152,1.1296881758716741,1.126570140695565,1.126570140695565,0,-0.14903063303902167,0
2020-06-18,1.1241259776761654,1.1204606966254644,1.1262529629463047,1.124290274515086,1.124290274515086,0,-0.04716488285467184,0
2020-06-19,1.1207244581720717,1.1173933215146163,1.1252998586702745,1.1211001059942833,1.1211001059942833,0,-0.06599682290945016,0
2020-06-22,1.117942963453591,1.1175556560797222,1.1267732917938555,1.117755568785487,1.117755568785487,0,-0.0691903353831171,1
2020-06-23,1.127713582586396,1.1234314298144297,1.1348998903604899,1.127967953940075,1.127967953940075,0,0.2112693953737809,1
2020-06-24,1.1313625342086597,1.1259866686022355,1.132631102539432,1.1312345293347514,1.1312345293347514,0,0.06757749518153329,0
2020-06-25,1.1251378321367203,1.1191440476004653,1.1259992888517103,1.1250872036977118,1.1250872036977118,0,-0.12717320692900336,0
2020-06-26,1.1220825777136014,1.119783225253206,1.1238985574197116,1.1222085196717069,1.1222085196717069,0,-0.05955296675948202,1
2020-06-29,1.1224100255474279,1.1220574377398895,1.1289230023461,1.1225864401172716,1.1225864401172716,0,0.00781825428881116,1
2020-06-30,1.1247075978895966,1.1192317727243586,1.1261642093686635,1.1247201894831134,1.1247201894831134,0,0.04414208155849362,0
2020-07-01,1.1233683179796476,1.11891871307264,1.1274592501676013,1.123595523677711,1.123595523677711,0,-0.023266598459435704,1
2020-07-02,1.1253403914661164,1.1227755333784348,1.130326664040478,1.1251378321367203,1.1251378321367203,0,0.031906608562284895,0
2020-07-03,1.1239743790468202,1.1221077938636201,1.1251124796215561,1.1237848817947853,1.1237848817947853,0,-0.027989249953320455,1
2020-07-06,1.1248847354965859,1.1248847354965859,1.1346874289857267,1.1247201894831134,1.1247201894831134,0,0.019349239850471264,1
2020-07-07,1.131029766524269,1.1260373780264927,1.13365833327815,1.131285712551803,1.131285712551803,0,0.13582469403942224,0
2020-07-08,1.1272813008700386,1.1265193832766836,1.1345586706770976,1.1275228225168052,1.1275228225168052,0,-0.07784503722862796,1
2020-07-09,1.133786810681936,1.1287955488740582,1.137268283807859,1.1339153938471975,1.1339153938471975,0,0.13224674347980117,0
2020-07-10,1.1289230023461,1.12572042462135,1.1324772014018316,1.1287955488740582,1.1287955488740582,0,-0.10591713253163768,1
2020-07-13,1.1308763002264353,1.1304544635261815,1.1370484616190597,1.131004224037747,1.131004224037747,0,0.04569211397201979,1
2020-07-14,1.1345843739642578,1.132631102539432,1.1407061285937357,1.1345496172592686,1.1345496172592686,0,0.07334555747113325,1
2020-07-15,1.1410835740287908,1.1393544194151588,1.1452995537232575,1.1410705357779873,1.1410705357779873,0,0.13490193445283938,1
2020-07-16,1.1417350120031369,1.137954194016352,1.1442995932424376,1.1417193171902729,1.1417193171902729,0,0.013421708506727295,0
2020-07-17,1.1386499736499278,1.1378894399698647,1.1441647428710902,1.1392116813697797,1.1392116813697797,0,-0.05187688239267126,1
2020-07-20,1.1439553507912978,1.1405239735025505,1.146789018418109,1.1442956908754012,1.1442956908754012,0,0.10517578392004229,1
2020-07-21,1.1457640772586208,1.1426220813011763,1.1498006395953566,1.1458691732991948,1.1458691732991948,0,0.032551522026840196,1
2020-07-22,1.1535089818119615,1.1508538962560104,1.1600928228262282,1.1534025590536294,1.1534025590536294,0,0.15584741755865064,1
2020-07-23,1.1566711079728271,1.1542146281835262,1.1624257185093871,1.1568717795461194,1.1568717795461194,0,0.0717697290860013,1
2020-07-24,1.1595009641765326,1.1581714477584903,1.1640088679169096,1.159608515344208,1.159608515344208,0,0.05661640337763633,1
2020-07-27,1.1652567244143248,1.1652567244143248,1.177953421974878,1.1652567244143248,1.1652567244143248,0,0.11684769983946272,1
2020-07-28,1.176650510402496,1.1700997030396745,1.1775788835036638,1.1769275228362177,1.1769275228362177,0,0.24144041659208593,0
2020-07-29,1.1720581087988735,1.1714952079082206,1.1778993348187532,1.171879555494771,1.171879555494771,0,-0.10443015925764502,1
2020-07-30,1.1786893020060012,1.1732682348131485,1.1807350880363665,1.1782865727135041,1.1782865727135041,0,0.1325455937531913,1
2020-07-31,1.1873664477647938,1.1802612932745178,1.1907994272993554,1.1872254572054146,1.1872254572054146,0,0.18492376593077725,0
2020-08-03,1.1784115424827097,1.1701380594482742,1.178758783052088,1.1782309655505487,1.1782309655505487,0,-0.18607414280338838,0
2020-08-04,1.1760554904302758,1.1724153786883666,1.1804981431158783,1.1763322227372548,1.1763322227372548,0,-0.039280367912357866,1
2020-08-05,1.1814884266751398,1.179996735128853,1.1905329122017232,1.181544258534359,1.181544258534359,0,0.10782433631833685,1
2020-08-06,1.1873664477647938,1.1820750494204157,1.191185215094665,1.1872818326068104,1.1872818326068104,0,0.11869644425372153,1
2020-08-07,1.1875073877622842,1.1756545586387388,1.1883541517522243,1.1876484452956786,1.1876484452956786,0,0.007584324321996147,0
2020-08-10,1.178244866849229,1.1743001727935574,1.1802000201187852,1.178272670430695,1.178272670430695,0,-0.1939619645069759,0
2020-08-11,1.1737640218289174,1.1723192007229617,1.1804981431158783,1.1737778179207685,1.1737778179207685,0,-0.0929875594870059,0
2020-08-12,1.1739844696246888,1.1713030877545145,1.1812651519930786,1.1736538289744587,1.1736538289744587,0,-0.0025650295521943587,1
2020-08-13,1.1796486819843943,1.1794678086484522,1.1864000995666588,1.1793801701344886,1.1793801701344886,0,0.11846406263281073,1
2020-08-14,1.181893431315736,1.178467083914177,1.1838004111531375,1.181655938084477,1.181655938084477,0,0.04708010043952308,1
2020-08-17,1.1850447121353882,1.1830399511474325,1.1880717349001866,1.1852554341993893,1.1852554341993893,0,0.07446481466732723,1
2020-08-18,1.1879306609190925,1.1875356302111064,1.196515749915524,1.1876484452956786,1.1876484452956786,0,0.0495055758065151,1
2020-08-19,1.19472881920554,1.1893435003395296,1.195457278076371,1.194785994556626,1.194785994556626,0,0.1476585238398933,0
2020-08-20,1.1841746556430275,1.180651498430627,1.186845000264927,1.1843500361929098,1.1843500361929098,0,-0.21589458096943312,1
2020-08-21,1.1870845001251316,1.1754900620625819,1.188636618690112,1.1873664477647938,1.1873664477647938,0,0.062402214501683595,0
2020-08-24,1.1799131670481509,1.178619829150447,1.1852554341993893,1.1798018166618474,1.1798018166618474,0,-0.15649380777880156,0
2020-08-25,1.1795234496957336,1.1784809080051448,1.1844131624963299,1.1794538784776727,1.1794538784776727,0,-0.007197994267285155,1
2020-08-26,1.1833339187505758,1.1776066556626168,1.1839923918335569,1.183501953913502,1.183501953913502,0,0.08374482912749369,1
2020-08-27,1.1840204673337849,1.1766228658424545,1.1898529692006017,1.184272872382741,1.184272872382741,0,0.01594842697500435,0
2020-08-28,1.1820470661028255,1.181195375169561,1.1920371494159576,1.1819632073687838,1.1819632073687838,0,-0.04778134819910037,1
2020-08-31,1.1916536874661552,1.1885094709036763,1.196358245959018,1.191824093944394,1.191824093944394,0,0.20399774520280833,1
2020-09-01,1.1939157691420619,1.193730494600924,1.2011290768650427,1.1939015805667177,1.1939015805667177,0,0.04297814231949999,0
2020-09-02,1.1923072194384865,1.1824104526078134,1.1924351811398515,1.1923214548792411,1.1923214548792411,0,-0.03268895498499416,0
2020-09-03,1.1845955558856844,1.1789671924997374,1.1848060345588578,1.184735838803995,1.184735838803995,0,-0.1569279357853904,0
2020-09-04,1.1843710218067027,1.178175446372956,1.1863521967527448,1.1839784381368115,1.1839784381368115,0,-0.015668776548216724,0
2020-09-07,1.1836560907059606,1.1813767787846419,1.1848621804163737,1.1834459368902797,1.1834459368902797,0,-0.011016154863687014,0
2020-09-08,1.181921324095534,1.176719751285173,1.1828720471411132,1.1821728348677942,1.1821728348677942,0,-0.026337382547581965,0
2020-09-09,1.1769136526048447,1.1753643936498774,1.1830539661555162,1.1770244584596115,1.1770244584596115,0,-0.10650737848687043,1
2020-09-10,1.1806375402859137,1.1802891921036103,1.1914691142755223,1.1806375402859137,1.1806375402859137,0,0.07474586997298409,1
2020-09-11,1.1826202387935891,1.1825922296577653,1.1876484452956786,1.1824384531335907,1.1824384531335907,0,0.03725650400863138,1
2020-09-14,1.1843569755765258,1.1833059592586028,1.1888005194744091,1.184272872382741,1.184272872382741,0,0.037949669911917255,1
2020-09-15,1.1866901158198038,1.1841466564080059,1.1900993408394387,1.187000009126842,1.187000009126842,0,0.05641782231147097,0
2020-09-16,1.184272872382741,1.1814605543237047,1.188300451919498,1.184441174336031,1.184441174336031,0,-0.05293606448765348,0
2020-09-17,1.1804284568740375,1.1741636649839327,1.1830119221274111,1.1803449106767532,1.1803449106767532,0,-0.08474172619688328,1
2020-09-18,1.1852554341993893,1.1831238793100833,1.1871000390435338,1.1848200914426117,1.1848200914426117,0,0.09258059897658004,0
2020-09-21,1.1845534022164004,1.1732682348131485,1.1873001494632909,1.1845534022164004,1.1845534022164004,0,-0.005517151059373481,0
2020-09-22,1.1761799873627303,1.169344431170779,1.1773016470151678,1.1768000611083635,1.1768000611083635,0,-0.16039775852810428,0
2020-09-23,1.1707545550991088,1.1664936335589855,1.1720004680396996,1.170836830840856,1.170836830840856,0,-0.12336472175894354,0
2020-09-24,1.166194353723457,1.1629664725179318,1.1681000895088598,1.1658544751328463,1.1658544751328463,0,-0.10307281423825046,1
2020-09-25,1.1673651029473067,1.1613457981136697,1.1685109404842282,1.167324247844997,1.167324247844997,0,0.03040602048713803,0
2020-09-28,1.1635077298721719,1.1616695393562162,1.1679650192819304,1.163534842277417,1.163534842277417,0,-0.0783935790679603,1
2020-09-29,1.1677741364432928,1.1666569197329928,1.1741636649839327,1.1678832279383977,1.1678832279383977,0,0.08995751683285087,1
2020-09-30,1.1742740357893848,1.1686065759724849,1.1756407183950333,1.1742050824221586,1.1742050824221586,0,0.13078378402376808,0
2020-10-01,1.1723741693315002,1.1718108830403635,1.176700356414211,1.1726078639269593,1.1726078639269593,0,-0.03304256357869358,1
2020-10-02,1.1744118846124554,1.1697137490666185,1.1747002634411896,1.1744946752189855,1.1744946752189855,0,0.03903353377459764,0
2020-10-05,1.1721955197233662,1.1719303897538684,1.1796626167571107,1.172044434980839,1.172044434980839,0,-0.05068950747526023,1
2020-10-06,1.1788282722901562,1.1767336169465414,1.1807350880363665,1.1792452969439475,1.1792452969439475,0,0.14896830956600918,0
2020-10-07,1.173736512732887,1.1725404991965576,1.1781393741230077,1.1737640218289174,1.1737640218289174,0,-0.11339424256923053,1
2020-10-08,1.176553636360895,1.1735298662198772,1.1781338311060825,1.176747482934681,1.176747482934681,0,0.061720549547886173,0
2020-10-09,1.1767059684813506,1.1758757172069678,1.182452370554954,1.176700356414211,1.176700356414211,0,-0.0009749330185902538,1
2020-10-12,1.1813349370609438,1.1788004424818554,1.182732121849237,1.1816839028860904,1.1816839028860904,0,0.1030974482448006,0
2020-10-13,1.1814186234724302,1.1735711568645089,1.1814186234724302,1.1816140765843968,1.1816140765843968,0,-0.0014445362485538864,0
2020-10-14,1.174398155818936,1.172168002202756,1.1770244584596115,1.1742188888842229,1.1742188888842229,0,-0.1529884361430915,1
2020-10-15,1.1747568539496411,1.1690163986285538,1.1760554904302758,1.174398155818936,1.174398155818936,0,0.0037085966044223383,0
2020-10-16,1.1705763987150828,1.1694949020939662,1.1746740263781186,1.1707134624104427,1.1707134624104427,0,-0.07622733933026392,1
2020-10-19,1.171563843367066,1.1704941595695717,1.1795234496957336,1.1715500992700827,1.1715500992700827,0,0.01730798053617717,1
2020-10-20,1.1768028676107856,1.1762630274518602,1.1839923918335569,1.176885995678891,1.176885995678891,0,0.11038671093986396,1
2020-10-21,1.1829280098474297,1.1829280098474297,1.1882129265448536,1.1829839778492857,1.1829839778492857,0,0.12615241068934419,1
2020-10-22,1.1851290087124262,1.1813349370609438,1.18694366048514,1.185395957213812,1.185395957213812,0,0.049897983114020286,0
2020-10-23,1.1814047303746182,1.1788004424818554,1.1859582149681875,1.1815024049465137,1.1815024049465137,0,-0.08054812082745956,1
2020-10-26,1.1848341486599194,1.18040063451082,1.1851008806167334,1.184848122533908,1.184848122533908,0,0.06921475454366888,0
2020-10-27,1.1809442800960763,1.1799409664363618,1.1838004111531375,1.1809442800960763,1.1809442800960763,0,-0.0807609994130187,0
2020-10-28,1.1781616294474115,1.1719303897538684,1.1788282722901562,1.1784115424827097,1.1784115424827097,0,-0.05239617739798936,0
2020-10-29,1.17474303483397,1.1656234643506327,1.1759172555172146,1.1748672540343745,1.1748672540343745,0,-0.07332270240254726,0
2020-10-30,1.1676786371499792,1.164307026939998,1.1703435130585411,1.167869570062884,1.167869570062884,0,-0.1447650513856102,0
2020-11-02,1.164252812192624,1.1624392493525844,1.1656995128401777,1.1642120938546743,1.1642120938546743,0,-0.07566428169381292,1
2020-11-03,1.1642798785367139,1.1638056321862442,1.1741995763641575,1.1642798785367139,1.1642798785367139,0,0.0014023001065209307,1
2020-11-04,1.1764567782693272,1.1607660722207631,1.176885995678891,1.176221547173084,1.176221547173084,0,0.24704406212357483,0
2020-11-05,1.172993024077894,1.1712756121174954,1.1856770194341955,1.1732682348131485,1.1732682348131485,0,-0.06109684536850421,1
2020-11-06,1.1814186234724302,1.1796208963667483,1.1890606131028583,1.1817537374409026,1.1817537374409026,0,0.17554439853875206,1
2020-11-09,1.1893151718352923,1.1797461493495658,1.1919234990621104,1.1893010080892268,1.1893010080892268,0,0.15613466222211242,0
2020-11-10,1.182326542307746,1.178078321082001,1.1843569755765258,1.182732121849237,1.182732121849237,0,-0.1358942698688058,0
2020-11-11,1.1819632073687838,1.1747292160434142,1.1832919382794633,1.1818794437904754,1.1818794437904754,0,-0.017639833907178007,0
2020-11-12,1.1778701430507224,1.175958714336271,1.1823000467924614,1.1780297644413165,1.1780297644413165,0,-0.07964049692292849,1
2020-11-13,1.1805260531434647,1.1799688501236605,1.183389925169555,1.1803393468868344,1.1803393468868344,0,0.0477796400590369,1
2020-11-16,1.1844271264418451,1.181474448734514,1.1868732112150824,1.1845253850681685,1.1845253850681685,0,0.086598942577552,1
2020-11-17,1.1859722992050052,1.1845534022164004,1.18927276591214,1.1859442148976482,1.1859442148976482,0,0.029352136222339176,1
2020-11-18,1.186436679451382,1.1851149444976783,1.189100222699154,1.1863662903488927,1.1863662903488927,0,0.00873171389804867,0
2020-11-19,1.1842869166180838,1.1817397532219374,1.1855364297786637,1.184763949573785,1.184763949573785,0,-0.033148531084111074,1
2020-11-20,1.1867464403900843,1.1851851851851851,1.1890889294814917,1.1866478129521398,1.1866478129521398,0,0.03897254861495653,0
2020-11-23,1.1865351878792079,1.1803170092135582,1.1905896021571556,1.1866478129521398,1.1866478129521398,0,0.0,0
2020-11-24,1.1841803392315018,1.1838943051514792,1.1893859113072798,1.184272872382741,1.184272872382741,0,-0.04913174058267363,1
2020-11-25,1.190051138840231,1.188283534952453,1.192804983766131,1.190051138840231,1.190051138840231,0,0.11953827066873642,1
2020-11-26,1.1917530641589196,1.1886931281923532,1.19409974138255,1.1920002233772697,1.1920002233772697,0,0.04032181566199027,0
2020-11-27,1.191185215094665,1.1910717271240607,1.1961865405257606,1.191599689024682,1.191599689024682,0,-0.008286080990552183,1
2020-11-30,1.1970743443021756,1.1944148777312091,1.2002064010803937,1.1971460098310702,1.1971460098310702,0,0.11473987962432171,0
2020-12-01,1.1937733039664755,1.1935994524752267,1.2053565796448307,1.1938160314542317,1.1938160314542317,0,-0.06888914858115963,1
2020-12-02,1.206986054983381,1.2040793917112578,1.2107416814089424,1.2074378422571175,1.2074378422571175,0,0.2818021146537727,1
2020-12-03,1.2113430268889853,1.210243504177187,1.2175003719144706,1.2114604109120872,1.2114604109120872,0,0.08321715590634304,1
2020-12-04,1.2145355234217303,1.2133713142521814,1.2177746795262172,1.2145650661356442,1.2145650661356442,0,0.06422776089973907,0
2020-12-07,1.2120624707319254,1.2080796641125247,1.2163526088096668,1.212135942145945,1.212135942145945,0,-0.05025266368465639,0
2020-12-08,1.2109469581457455,1.2097164280072608,1.2134155439444676,1.211313640709087,1.211313640709087,0,-0.01701141552636553,0
2020-12-09,1.2109909238564522,1.2073940472648705,1.2148999840327832,1.2110936394977907,1.2110936394977907,0,-0.004551289653542239,0
2020-12-10,1.2081671827793636,1.2080358225496926,1.2158054852216713,1.2078753582560282,1.2078753582560282,0,-0.06657840668930044,1
2020-12-11,1.2143437944914073,1.2107857195952505,1.2163970561206634,1.214429322201968,1.214429322201968,0,0.1355855639207039,0
2020-12-14,1.213356659489944,1.21175397052508,1.2174039870864104,1.2133404255857707,1.2133404255857707,0,-0.022526620984834052,1
2020-12-15,1.214874911566616,1.2126944933955732,1.2166486326711892,1.2148896910004026,1.2148896910004026,0,0.032050531043252874,1
2020-12-16,1.2153769097732083,1.214697850243447,1.2212995035954968,1.2154300909579454,1.2154300909579454,0,0.011179559971727192,1
2020-12-17,1.219705570341144,1.2192445577459332,1.2263002456296668,1.2199585174360856,1.2199585174360856,0,0.09368212318172128,1
2020-12-18,1.2261964580137452,1.2227181117516588,1.2268433107187664,1.2262716529873514,1.2262716529873514,0,0.13060341052936292,0
2020-12-21,1.221060841264207,1.2130769705757605,1.2234661237990012,1.2216127950151092,1.2216127950151092,0,-0.09638043336876329,1
2020-12-22,1.2238404284940114,1.2166042551957188,1.225900338661843,1.223690643434762,1.223690643434762,0,0.04298562702574955,0
2020-12-23,1.2185908210357868,1.2157758821345204,1.221941198706188,1.2186650860616204,1.2186650860616204,0,-0.1039665515516601,1
2020-12-24,1.2193932562759204,1.2179377849933732,1.2217471246857101,1.219140543505724,1.219140543505724,0,0.00983605741667756,0
2020-12-25,1.218472051216855,1.2167004251906033,1.2212995035954968,1.218472051216855,1.218472051216855,0,-0.01382947857366717,1
2020-12-28,1.2207031558375556,1.2183533045474413,1.225200435303137,1.2205094748494043,1.2205094748494043,0,0.04214933656077035,1
2020-12-29,1.2220009193477395,1.2220009193477395,1.2275993443034146,1.222344493145575,1.222344493145575,0,0.03796206273689317,1
2020-12-30,1.2253249950664815,1.2252049089940873,1.2308752388242854,1.2252950160852134,1.2252950160852134,0,0.06103913905106094,1
2020-12-31,1.2299064053055735,1.222299610139747,1.230951008751254,1.229989630595842,1.229989630595842,0,0.09712014912871558,0
2021-01-01,1.2172854484928441,1.2134994488076836,1.2216993497558526,1.2180268263016065,1.2180268263016065,0,-0.24748130744780264,1
2021-01-04,1.224904796765306,1.2171372635592401,1.2309995100131794,1.2250698179308424,1.2250698179308424,0,0.145702356560921,1
2021-01-05,1.2252950160852134,1.224994770273541,1.2294829693848246,1.225159905151922,1.225159905151922,0,0.0018636853624585151,1
2021-01-06,1.2298610554193459,1.226692879452819,1.235025299399787,1.23002741480775,1.23002741480775,0,0.10069692891486769,1
2021-01-07,1.2337758577948414,1.2246647234236505,1.2345678976006922,1.2341108344812175,1.2341108344812175,0,0.08447601538836544,0
2021-01-08,1.226873455230299,1.2214934354218925,1.2282145890277931,1.2271444634788238,1.2271444634788238,0,-0.14411726226012303,0
2021-01-11,1.2187838935172748,1.2134744341146184,1.2199585174360856,1.2186205613659473,1.2186205613659473,0,-0.1763387904346362,0
2021-01-12,1.2161603057983648,1.213886825413168,1.2178487567025462,1.2160701268467238,1.2160701268467238,0,-0.052762283311915466,1
2021-01-13,1.2209266624550563,1.2155394615962,1.2224938597380326,1.2208894352835051,1.2208894352835051,0,0.09969976299817918,0
2021-01-14,1.2161751165235455,1.211313640709087,1.2172854484928441,1.2162490873899638,1.2162490873899638,0,-0.09599750488768219,0
2021-01-15,1.2153001398479015,1.2084738591388677,1.2162490873899638,1.2151258588229807,1.2151258588229807,0,-0.023236865494293,0
2021-01-18,1.2067238764043529,1.2055454809297117,1.2086198548680704,1.2068112855435407,1.2068112855435407,0,-0.17200828630607473,1
2021-01-19,1.2078461400788312,1.2078461400788312,1.2144912999616626,1.2077294553841602,1.2077294553841602,0,0.018994699489078882,1
2021-01-20,1.2139458491755557,1.207773187766035,1.2160005844729371,1.213886825413168,1.213886825413168,0,0.1273810009541884,0
2021-01-21,1.21153380935208,1.2109909238564522,1.2171965155414195,1.2115631187227747,1.2115631187227747,0,-0.04807183631189841,1
2021-01-22,1.216618988511485,1.2151997021035352,1.2188002734110779,1.216629399093468,1.216629399093468,0,0.10480901126506786,1
2021-01-25,1.2168559174686822,1.211724651919837,1.2185997606848185,1.2169447123827335,1.2169447123827335,0,0.006523064589520341,0
2021-01-26,1.2143291162292051,1.2108443547716015,1.2175003719144706,1.214624067939883,1.214624067939883,0,-0.04800848586270613,1
2021-01-27,1.2163230672551226,1.2061998607966797,1.2171372635592401,1.2162993468664618,1.2162993468664618,0,0.034657443931374925,0
2021-01-28,1.2104778688937383,1.2082401826977942,1.2143998739941537,1.2105072145358853,1.2105072145358853,0,-0.11982512183807109,1
2021-01-29,1.212135942145945,1.2095993816897692,1.215700559351285,1.212003717524487,1.212003717524487,0,0.030959004854504507,1
2021-02-01,1.2122828241021006,1.2069132065264698,1.2136069798465856,1.2123857590263114,1.2123857590263114,0,0.007903508913571453,0
2021-02-02,1.2067675359903696,1.2018364357272568,1.2087952356630423,1.2068695363995927,1.2068695363995927,0,-0.11411722153570021,0
2021-02-03,1.2039054629565777,1.2004946171636393,1.204999292897103,1.2039054629565777,1.2039054629565777,0,-0.06131946598860043,1
2021-02-04,1.2041809381839015,1.1967162306855719,1.2043839960626332,1.2042389353852339,1.2042389353852339,0,0.006898732990338785,0
2021-02-05,1.196744827499625,1.1953571975151824,1.2039779487643185,1.1966732099937225,1.1966732099937225,0,-0.15651644594608236,1
2021-02-08,1.204935424350931,1.202139820023134,1.206854951454872,1.2048773600447789,1.2048773600447789,0,0.16972389844342445,1
2021-02-09,1.2052549213882473,1.2050196318635926,1.2114751073846173,1.2053595240065844,1.2053595240065844,0,0.009974798946544027,1
2021-02-10,1.2116952472214315,1.2110202943801789,1.214373327878604,1.2119992521633949,1.2119992521633949,0,0.1373598167226775,1
2021-02-11,1.2119449700127485,1.211431106510407,1.2150992809590304,1.2121212296358923,1.2121212296358923,0,0.00252341705425939,1
2021-02-12,1.2130033850434712,1.2083993513607265,1.2135922316051313,1.2131505650365644,1.2131505650365644,0,0.021294444387373667,0
2021-02-15,1.2121065174829864,1.211739354804228,1.2146993453291404,1.2122093348815772,1.2122093348815772,0,-0.019471761272376858,1
2021-02-16,1.213238819989481,1.2095847306908005,1.2171002671100606,1.2132196940689384,1.2132196940689384,0,0.020901872715624433,0
2021-02-17,1.2088536782053771,1.2025590229758427,1.2098334969788085,1.209248291437123,1.209248291437123,0,-0.08215865540799024,0
2021-02-18,1.204587035947022,1.2036301137389627,1.2089003666213194,1.2048004399472128,1.2048004399472128,0,-0.09201522276737946,1
2021-02-19,1.20917525680319,1.2083000509543589,1.214771641511363,1.2091898107339962,1.2091898107339962,0,0.09080539934184292,1
2021-02-22,1.2124445492802463,1.2092190939557699,1.2155098714620476,1.212635678900635,1.212635678900635,0,0.0712866262957631,1
2021-02-23,1.2166930133842486,1.2136806386321648,1.2178784608223772,1.2166796900070307,1.2166796900070307,0,0.08366074804270751,0
2021-02-24,1.2151997021035352,1.211130271673156,1.2174039870864104,1.2152144894408368,1.2152144894408368,0,-0.030311433914342698,1
2021-02-25,1.2169506266195909,1.2156576603706213,1.2241550250489963,1.2171372635592401,1.2171372635592401,0,0.039777517131042446,0
2021-02-26,1.2160124827941559,1.20917525680319,1.218249353850372,1.2160420092637478,1.2160420092637478,0,-0.02265814589701739,0
2021-03-01,1.2090904675142466,1.2029930097949775,1.2101555971590525,1.2089559444744933,1.2089559444744933,0,-0.14659343541627595,0
2021-03-02,1.2049063482313342,1.1994002861308877,1.2080358225496926,1.205109650852401,1.205109650852401,0,-0.07957045446962732,1
2021-03-03,1.208503020642395,1.2044709800679383,1.211049578909977,1.2085468090654612,1.2085468090654612,0,0.07110643855328866,0
2021-03-04,1.2048337505947968,1.2025011874698652,1.2064006507303315,1.2050661111429148,1.2050661111429148,0,-0.07200716918170341,0
2021-03-05,1.1968593991881693,1.1897962649941511,1.1968593991881693,1.196773511050164,1.196773511050164,0,-0.17155371454874196,0
2021-03-08,1.1924636584729114,1.1848341486599194,1.1932177853659487,1.1925631703105706,1.1925631703105706,0,-0.0871017033637709,0
2021-03-09,1.185199251067139,1.183614087373116,1.191599689024682,1.1851711196370938,1.1851711196370938,0,-0.15292353869518582,1
2021-03-10,1.1896689533657476,1.187000009126842,1.1925062922608567,1.1897906117460473,1.1897906117460473,0,0.09556604946045279,1
2021-03-11,1.1927480826485506,1.191710484210945,1.1977769340703572,1.1926058112145728,1.1926058112145728,0,0.05823962576507007,1
2021-03-12,1.1981644331498986,1.1910575215091486,1.1990407797259588,1.1986096392922285,1.1986096392922285,0,0.12420459164963996,0
2021-03-15,1.1951143482539888,1.191185215094665,1.1965444224859305,1.1950001104027135,1.1950001104027135,0,-0.0746723683574971,0
2021-03-16,1.192733837018791,1.1884388356438658,1.195300052643252,1.1925774118638208,1.1925774118638208,0,-0.05011973674483266,0
2021-03-17,1.1902097727471366,1.188763793684222,1.1917999648793993,1.190164516826526,1.190164516826526,0,-0.049916926155164194,1
2021-03-18,1.198063898822639,1.1910149912476398,1.199099739770761,1.1982792768277326,1.1982792768277326,0,0.16787463585703385,0
2021-03-19,1.1917672863700999,1.1874933510925372,1.1937447640482888,1.191824093944394,1.191824093944394,0,-0.13354202413501945,0
2021-03-22,1.1884529788615068,1.1876061581438953,1.1937447640482888,1.1883117301651285,1.1883117301651285,0,-0.07266225869329068,1
2021-03-23,1.1933316826869698,1.186436679451382,1.1943150566400735,1.1933031638805858,1.1933031638805858,0,0.10326061611955518,0
2021-03-24,1.1841185749231378,1.1813349370609438,1.1851149444976783,1.1840204673337849,1.1840204673337849,0,-0.1920364006247678,0
2021-03-25,1.1813767787846419,1.1775234257608658,1.1830119221274111,1.1813069887733978,1.1813069887733978,0,-0.05613526772980522,0
2021-03-26,1.1776066556626168,1.1772600108440974,1.18040063451082,1.1776621212456229,1.1776621212456229,0,-0.07540343878085894,1
2021-03-29,1.1787601909767866,1.1761799873627303,1.179356542300761,1.1788004424818554,1.1788004424818554,0,0.023549096090637312,0
2021-03-30,1.1769136526048447,1.1713168260564197,1.1775788835036638,1.177100680558479,1.177100680558479,0,-0.035163937551825855,0
2021-03-31,1.1723329628714765,1.1704530851579642,1.1758618717556806,1.1723604062155195,1.1723604062155195,0,-0.09806473993912702,1
2021-04-01,1.1728966693225509,1.171481465421562,1.1775788835036638,1.1728829759314956,1.1728829759314956,0,0.010810695666458986,1
2021-04-02,1.1777730680877732,1.17514334504936,1.178700398548342,1.1779950244973048,1.1779950244973048,0,0.1057558438377821,0
2021-04-05,1.1766367292206399,1.1739431498916546,1.1816140765843968,1.1768167352310068,1.1768167352310068,0,-0.024375937364087708,1
2021-04-06,1.1819073359100558,1.1796486819843943,1.1855364297786637,1.181893431315736,1.181893431315736,0,0.10502448704016316,1
2021-04-07,1.1875497519392904,1.1865351878792079,1.1914691142755223,1.1874228365571764,1.1874228365571764,0,0.11438993775228633,0
2021-04-08,1.1871972295078081,1.1861833513105047,1.1914832450935484,1.1873664477647938,1.1873664477647938,0,-0.0011665468832391518,1
2021-04-09,1.1915684601848175,1.1868591055723652,1.1923214548792411,1.1915684601848175,1.1915684601848175,0,0.08692941070017188,0
2021-04-12,1.189640609355899,1.1873382133624324,1.1920371494159576,1.190051138840231,1.190051138840231,0,-0.031389685975024145,1
2021-04-13,1.1912136327557734,1.188430417221755,1.195314359639434,1.1914691142755223,1.1914691142755223,0,0.029334460885883987,1
2021-04-14,1.1957431322806862,1.1951857792889231,1.1981930992193526,1.195414347851335,1.195414347851335,0,0.0816172813258846,1
2021-04-15,1.1982362292633417,1.1957860861242846,1.1993140329444327,1.1986096392922285,1.1986096392922285,0,0.06610280365868253,0
2021-04-16,1.1970743443021756,1.1950900857808193,1.1994722304341159,1.197174627189122,1.197174627189122,0,-0.029686908081524972,0
2021-04-19,1.196830796898424,1.1943436238340848,1.2048193013344475,1.1969453850490983,1.1969453850490983,0,-0.004742461979631011,1
2021-04-20,1.2043839960626332,1.2028772608506528,1.2081671827793636,1.2045290052119961,1.2045290052119961,0,0.1568866452162767,0
2021-04-21,1.2032535695333837,1.2000004577638466,1.2045290052119961,1.2032391581493607,1.2032391581493607,0,-0.026683796676549486,1
2021-04-22,1.203818474231929,1.2003936914353224,1.2070006430970877,1.2037750277692694,1.2037750277692694,0,0.011085838311378828,0
2021-04-23,1.201793046122557,1.2013888297125404,1.2077994461054242,1.2014753816015575,1.2014753816015575,0,-0.0475740826527519,1
2021-04-26,1.2089559444744933,1.206374453176491,1.211827404542102,1.2089852163700414,1.2089852163700414,0,0.15536020497442532,0
2021-04-27,1.2079205796504182,1.2057925883772347,1.2091898107339962,1.2081671827793636,1.2081671827793636,0,-0.016923124175383497,1
2021-04-28,1.2088536782053771,1.2057635575323713,1.2102141713194547,1.2090305209076642,1.2090305209076642,0,0.017860364802950945,1
2021-04-29,1.213577483722126,1.2104192692053375,1.2152144894408368,1.2135922316051313,1.2135922316051313,0,0.09437069267711735,0
2021-04-30,1.2124886238059107,1.2024723148953274,1.2128562407579369,1.2127092198253466,1.2127092198253466,0,-0.018267364773176496,0
2021-05-03,1.2026458297715705,1.2014898368101754,1.2077994461054242,1.2027760203516518,1.2027760203516518,0,-0.20549372307916183,1
2021-05-04,1.205981626358536,1.2000048351482664,1.2063002907752398,1.2061271072085602,1.2061271072085602,0,0.06932583166293865,0
2021-05-05,1.201634235899888,1.1987245683357448,1.2029351325384137,1.201504292366625,1.201504292366625,0,-0.09563478871944028,0
2021-05-06,1.2009126732915363,1.1994002861308877,1.2070006430970877,1.2007973243113057,1.2007973243113057,0,-0.014625448544583176,1
2021-05-07,1.2065928298225461,1.2053421178415278,1.2165449726456745,1.206854951454872,1.206854951454872,0,0.12531756339468883,1
2021-05-10,1.2167522221198022,1.213739554537202,1.2177301314829667,1.2171076838790478,1.2171076838790478,0,0.21210408219000612,0
2021-05-11,1.2142110877749617,1.21254742403662,1.2179674934563312,1.2140931701209416,1.2140931701209416,0,-0.06236295335325244,1
2021-05-12,1.214550294599038,1.2068112855435407,1.2150668082596827,1.214449980752334,1.214449980752334,0,0.007381543607695974,0
2021-05-13,1.2076857261691913,1.2053130220911341,1.2106537893690135,1.2078505748897312,1.2078505748897312,0,-0.13652564658627803,0
2021-05-14,1.2080212963845007,1.2071462830633448,1.214771641511363,1.2077294553841602,1.2077294553841602,0,-0.0025056678065522244,1
2021-05-17,1.2147568649496219,1.2127533135959556,1.2169995316168085,1.2150373291278438,1.2150373291278438,0,0.15118212287580224,1
2021-05-18,1.2155246663490418,1.2154064934340496,1.2232415973490771,1.2156872577007873,1.2156872577007873,0,0.013445440468942598,1
2021-05-19,1.2226433519395923,1.219185106207336,1.2247997251554725,1.2223997108887403,1.2223997108887403,0,0.13886432062900722,0
2021-05-20,1.2172854484928441,1.217092850431465,1.2229005498061511,1.2172854484928441,1.2172854484928441,0,-0.10580164259457267,1
2021-05-21,1.2227928807068187,1.2173743944407696,1.2241999550954907,1.2225387570109987,1.2225387570109987,0,0.108678168473093,0
2021-05-24,1.2181157921883603,1.2175818382701722,1.222942356909131,1.2183235772604506,1.2183235772604506,0,-0.08720181072391361,1
2021-05-25,1.221448614892774,1.2212397625946874,1.2267003239011625,1.2214635547036734,1.2214635547036734,0,0.06495849166234749,1
2021-05-26,1.2248897726561718,1.2200031399569262,1.2265002521395307,1.2249092682975264,1.2249092682975264,0,0.07128342856100496,0
2021-05-27,1.2190364584355118,1.2175670816250033,1.2216993497558526,1.2192594436885187,1.2192594436885187,0,-0.11688112140744257,1
2021-05-28,1.219274329994598,1.2133419173318132,1.220107390176113,1.2193189024774014,1.2193189024774014,0,0.0012300576394986755,0
2021-05-31,1.2190067863734277,1.2184126749888815,1.2233912724913838,1.2190067863734277,1.2190067863734277,0,-0.006456922606694404,1
2021-06-01,1.2234061706508952,1.2214635547036734,1.225415119822465,1.223286460368457,1.223286460368457,0,0.08853603968515748,0
2021-06-02,1.22180682635812,1.2165746131985007,1.222942356909131,1.2217769303055037,1.2217769303055037,0,-0.03122850331936484,0
2021-06-03,1.2211503398170824,1.2120903170134918,1.2215978515532704,1.2209862839673182,1.2209862839673182,0,-0.016356548572582553,0
2021-06-04,1.2130298712984429,1.2105511483203701,1.2187690191843412,1.2133006762923362,1.2133006762923362,0,-0.15899651863835695,1
2021-06-07,1.2165746131985007,1.2145060700632921,1.2201996775752777,1.2168410901572118,1.2168410901572118,0,0.07324254670018684,1
2021-06-08,1.2189621481415553,1.2166634552927804,1.2196609695849099,1.2193634782191578,1.2193634782191578,0,0.05218207036638909,0
2021-06-09,1.2171817682346564,1.2171817682346564,1.2218993710325379,1.2172854484928441,1.2172854484928441,0,-0.04298937781932262,1
2021-06-10,1.2177301314829667,1.2145355234217303,1.2192147869511905,1.2182004368096702,1.2182004368096702,0,0.01892888150453843,0
2021-06-11,1.2173151251397913,1.2094998839682303,1.2195003274952605,1.217255861609723,1.217255861609723,0,-0.019540962111894877,0
2021-06-14,1.211078952278964,1.2095262174427195,1.2131505650365644,1.2110202943801789,1.2110202943801789,0,-0.1289987107278761,1
2021-06-15,1.2124151096326539,1.210287418821361,1.2149192509467877,1.212224049530532,1.212224049530532,0,0.024902764529884505,1
2021-06-16,1.21254742403662,1.2110349801762976,1.2134994488076836,1.2127092198253466,1.2127092198253466,0,0.01003699266010705,0
2021-06-17,1.1991845907085654,1.190702998266097,1.2007685334988063,1.1995585921451766,1.1995585921451766,0,-0.2720544825443661,0
2021-06-18,1.1913271477714473,1.1851149444976783,1.1927480826485506,1.1913413598187328,1.1913413598187328,0,-0.16999453888337834,0
2021-06-21,1.1869013395392587,1.1848762386324287,1.1920513784084525,1.1873664477647938,1.1873664477647938,0,-0.0822312568109862,1
2021-06-22,1.1911568833597164,1.1882412025636557,1.1917530641589196,1.1912561772054002,1.1912561772054002,0,0.08046903584666573,1
2021-06-23,1.1937447640482888,1.1915826779902379,1.19699986907871,1.193673505150759,1.193673505150759,0,0.0500086322348158,0
2021-06-24,1.1931607600031093,1.1919945491658561,1.1956716346111016,1.1933174231133867,1.1933174231133867,0,-0.007366470770572288,0
2021-06-25,1.1927907367771462,1.1927907367771462,1.1974470304059983,1.1930327273740917,1.1930327273740917,0,-0.005889661993342179,1
2021-06-28,1.1942152522322824,1.1904620362308203,1.1946003647909516,1.1942152522322824,1.1942152522322824,0,0.024463561452358104,0
2021-06-29,1.1930327273740917,1.188043551075018,1.1930327273740917,1.192890388031006,1.192890388031006,0,-0.027408216055216515,0
2021-06-30,1.1899945001498733,1.1845815043292411,1.191043316233086,1.1901928013735883,1.1901928013735883,0,-0.05580650293285999,0
2021-07-01,1.1855364297786637,1.183810184122203,1.1883993542761497,1.1856770194341955,1.1856770194341955,0,-0.09342053844754775,0
2021-07-02,1.1847078130251922,1.1819353126121237,1.1860989046842492,1.1846235763535033,1.1846235763535033,0,-0.021793173617088366,1
2021-07-05,1.1855926448834284,1.1852006744190335,1.188200219605639,1.1856207963280645,1.1856207963280645,0,0.020630054379170946,1
2021-07-06,1.186149554444921,1.1814995759839446,1.1896264378574435,1.1863803842799021,1.1863803842799021,0,0.015714026144601857,0
2021-07-07,1.182033074940862,1.178244866849229,1.184132615499085,1.182452370554954,1.182452370554954,0,-0.0812610445187615,0
2021-07-08,1.179356542300761,1.1784253652706353,1.186633796595748,1.179339879029418,1.179339879029418,0,-0.06438987491678613,1
2021-07-09,1.1846937588054725,1.1825222959710109,1.1874651106546532,1.184800428632777,1.184800428632777,0,0.11296548217160257,1
2021-07-12,1.1873664477647938,1.1836701203162574,1.1882129265448536,1.1872959482994718,1.1872959482994718,0,0.0516262286571858,0
2021-07-13,1.1864929799656623,1.179342614758077,1.1877895363439661,1.1865210902699168,1.1865210902699168,0,-0.01602992689039544,0
2021-07-14,1.1774402076231902,1.1772600108440974,1.1828006627602858,1.1775373103687152,1.1775373103687152,0,-0.18585254268884202,1
2021-07-15,1.1833339187505758,1.1805957509092553,1.1851149444976783,1.1833339187505758,1.1833339187505758,0,0.1199177204459508,0
2021-07-16,1.1813069887733978,1.1793996534464113,1.1823000467924614,1.1811814041620954,1.1811814041620954,0,-0.04453028834671324,1
2021-07-19,1.1811535462944698,1.1764290603196645,1.182326542307746,1.1814004876374231,1.1814004876374231,0,0.004532303929810319,0
2021-07-20,1.1792452969439475,1.1757098404812774,1.18040063451082,1.179384398373023,1.179384398373023,0,-0.041707980404364346,0
2021-07-21,1.1785503644839777,1.1753643936498774,1.180275242524199,1.1784115424827097,1.1784115424827097,0,-0.02012602076998279,1
2021-07-22,1.1795234496957336,1.1766643744321283,1.1829839778492857,1.1792730648699379,1.1792730648699379,0,0.017822801539059942,0
2021-07-23,1.1773570838692438,1.1755992819946575,1.1785503644839777,1.1772738892405625,1.1772738892405625,0,-0.04135807845774133,1
2021-07-26,1.1773016470151678,1.1764567782693272,1.1817537374409026,1.1773432035112263,1.1773432035112263,0,0.0014339435726568733,1
2021-07-27,1.1806375402859137,1.1771769125300122,1.1837121276261886,1.1807769703808053,1.1807769703808053,0,0.07103627991004108,1
2021-07-28,1.1822398947166812,1.1785781824854171,1.1830119221274111,1.1823126278481955,1.1823126278481955,0,0.03176901573194083,1
2021-07-29,1.1846797049191997,1.1841746556430275,1.1892020398978989,1.1845955558856844,1.1845955558856844,0,0.04722822522468802,1
2021-07-30,1.1892020398978989,1.1855505039991057,1.191100139370482,1.1892996591786247,1.1892996591786247,0,0.09731644894227262,0
2021-08-02,1.1865351878792079,1.1859582149681875,1.18989963609129,1.1867041335067048,1.1867041335067048,0,-0.053695109524662187,1
2021-08-03,1.1874933510925372,1.1855645785537188,1.1895995298104047,1.1874651106546532,1.1874651106546532,0,0.015742765231303375,0
2021-08-04,1.1869154461858884,1.183431912593777,1.1901998938290381,1.18694366048514,1.18694366048514,0,-0.010787534974737828,0
2021-08-05,1.1839923918335569,1.1829839778492857,1.185900623980543,1.1837401063158075,1.1837401063158075,0,-0.06627373940141287,0
2021-08-06,1.183319897108849,1.1756407183950333,1.1835720035244977,1.1835720035244977,1.1835720035244977,0,-0.003477637647138876,0
2021-08-09,1.1750881164659335,1.174177470472025,1.1771630364198764,1.1749500265738242,1.1749500265738242,0,-0.17836772014783306,0
2021-08-10,1.1739004367242436,1.1710699128880948,1.174399471138544,1.1738467211147656,1.1738467211147656,0,-0.02282470487740791,0
2021-08-11,1.1719757432016746,1.1706449265507741,1.1746878438702626,1.1723329628714765,1.1723329628714765,0,-0.031315974080559694,1
2021-08-12,1.1742050824221586,1.1725116543795755,1.1751005445022364,1.1741898792532341,1.1741898792532341,0,0.038415080835191434,0
2021-08-13,1.1736125325122932,1.1731030928772155,1.180300318790249,1.1736262429438702,1.1736262429438702,0,-0.011660263541522815,1
2021-08-16,1.179634747540883,1.1768028676107856,1.1803588619030274,1.1794678086484522,1.1794678086484522,0,0.12084777804221393,0
2021-08-17,1.1779950244973048,1.1710561803776034,1.1784115424827097,1.1779950244973048,1.1779950244973048,0,-0.030468319831163528,0
2021-08-18,1.170960225274855,1.169686429490471,1.1731003039938737,1.1709738738062792,1.1709738738062792,0,-0.14525052070277208,0
2021-08-19,1.1703845797800023,1.1668747869126421,1.1706860144282036,1.170329797578871,1.170329797578871,0,-0.013324369682437368,0
2021-08-20,1.1676786371499792,1.1664936335589855,1.1690997337173932,1.1676595391656446,1.1676595391656446,0,-0.05524114806819877,1
2021-08-23,1.1699737974432318,1.169560531280514,1.174329187874712,1.1697548531616442,1.1697548531616442,0,0.04334694729508673,1
2021-08-24,1.1746740263781186,1.1728141858287815,1.1764844150254277,1.1744533195642348,1.1744533195642348,0,0.09719983539921467,1
2021-08-25,1.1755024986025455,1.1728554261254605,1.1760554904302758,1.1753091442876031,1.1753091442876031,0,0.01770493073997752,1
2021-08-26,1.177300242572515,1.1747844108949015,1.1781338311060825,1.1774402076231902,1.1774402076231902,0,0.04408651412940943,0
2021-08-27,1.1752953121753478,1.1735987403055361,1.1803588619030274,1.1756407183950333,1.1756407183950333,0,-0.03722705278536769,1
2021-08-30,1.179996735128853,1.1784531773714617,1.181195375169561,1.179900637005925,1.179900637005925,0,0.08812734886524441,0
2021-08-31,1.1799409664363618,1.1796486819843943,1.1845534022164004,1.1796904872902063,1.1796904872902063,0,-0.0043474861852352414,1
2021-09-01,1.181195375169561,1.1795096011351605,1.1860004686822359,1.1810279943042197,1.1810279943042197,0,0.027669765082434444,1
2021-09-02,1.1842307416752162,1.1834795798613407,1.1872254572054146,1.1840905783400248,1.1840905783400248,0,0.06335741041212703,1
2021-09-03,1.1874228365571764,1.1868168746110195,1.1907597044211486,1.1876484452956786,1.1876484452956786,0,0.07360360867349576,1
2021-09-06,1.1885942611409352,1.1857051748859047,1.188636618690112,1.1885942611409352,1.1885942611409352,0,0.019566628044041405,0
2021-09-07,1.1873945994730433,1.1838298140775358,1.188777944637403,1.1875073877622842,1.1875073877622842,0,-0.022484765123876416,0
2021-09-08,1.1845534022164004,1.1803170092135582,1.1854001449423943,1.1843569755765258,1.1843569755765258,0,-0.06517436109079194,0
2021-09-09,1.182033074940862,1.1806097080658664,1.184132615499085,1.181910166825631,1.181910166825631,0,-0.050618518355092075,1
2021-09-10,1.182354538859477,1.1819353126121237,1.1853004012886452,1.1825922296577653,1.1825922296577653,0,0.014110220087732286,0
2021-09-13,1.1812511793349536,1.177060462467886,1.1817537374409026,1.181195375169561,1.181195375169561,0,-0.028897519891864253,0
2021-09-14,1.1810698142871352,1.1802000201187852,1.1846993637221719,1.181195375169561,1.181195375169561,0,0.0,0
2021-09-15,1.1803588619030274,1.180099738492083,1.1833002840603526,1.1804981431158783,1.1804981431158783,0,-0.014424034364839479,1
2021-09-16,1.1819353126121237,1.1751710024457138,1.1823126278481955,1.1819995974334658,1.1819995974334658,0,0.031061435801366725,0
2021-09-17,1.1764844150254277,1.1729654691018432,1.1789671924997374,1.176747482934681,1.176747482934681,0,-0.10865346711817334,0
2021-09-20,1.1728829759314956,1.170055963480943,1.1737089228153428,1.172993024077894,1.172993024077894,0,-0.0776706166700663,1
2021-09-21,1.1725666410378504,1.1715912507135986,1.1748948161593753,1.1730204983339716,1.1730204983339716,0,0.0005683754952420958,0
2021-09-22,1.1726078639269593,1.171714804223762,1.1744533195642348,1.1722916773952414,1.1722916773952414,0,-0.0150775315198621,0
2021-09-23,1.168893413509411,1.168419470630685,1.1751005445022364,1.1687704542645814,1.1687704542645814,0,-0.0728455371129925,1
2021-09-24,1.174177470472025,1.1701654817414477,1.1748120513983633,1.1740258744217855,1.1740258744217855,0,0.10872185314601783,0
2021-09-27,1.1722092789681728,1.168661196963373,1.172800412379753,1.1723054388975538,1.1723054388975538,0,-0.0355916240410022,0
2021-09-28,1.1696043153430702,1.1669973475967135,1.1705996760431352,1.169679579408801,1.169679579408801,0,-0.05432264237273237,0
2021-09-29,1.1686884686686227,1.161008659046381,1.1691995396575643,1.1686338451285097,1.1686338451285097,0,-0.02163369729739842,0
2021-09-30,1.1602274423140573,1.1570056524760306,1.1611704935129077,1.1601601286649907,1.1601601286649907,0,-0.17530057148424277,0
2021-10-01,1.1574207916512795,1.1563902368753258,1.16089948242831,1.1574476211159825,1.1574476211159825,0,-0.05611517986748832,1
2021-10-04,1.1607256777068058,1.1588559958473192,1.1640088679169096,1.1607256777068058,1.1607256777068058,0,0.06781501318848353,1
2021-10-05,1.1616560264258977,1.158305621669405,1.1622500877547441,1.1618449946849583,1.1618449946849583,0,0.02315594424086531,0
2021-10-06,1.1595144270156679,1.1530168420624365,1.1599582345741783,1.159608515344208,1.159608515344208,0,-0.04626731472950712,0
2021-10-07,1.1555349909356725,1.1549344951231373,1.1571395563930154,1.1555349909356725,1.1555349909356725,0,-0.0842713064386318,1
2021-10-08,1.1559223948347739,1.1542545707775567,1.1583727202835514,1.1559758365093493,1.1559758365093493,0,0.009120022051075137,1
2021-10-11,1.1565908109950063,1.1552946858712454,1.1587485842169798,1.1566042063396151,1.1566042063396151,0,0.012999442549593012,0
2021-10-12,1.1552946858712454,1.1533892377664423,1.1570056524760306,1.1553748029752189,1.1553748029752189,0,-0.02543336365939913,0
2021-10-13,1.1530966435401955,1.153056781043955,1.1579005560018223,1.1534025590536294,1.1534025590536294,0,-0.04080092696627484,1
2021-10-14,1.1599582345741783,1.1584666234091485,1.1625000614952328,1.1599582345741783,1.1599582345741783,0,0.13562097223397637,0
2021-10-15,1.1590708788589976,1.1588828118416308,1.161980021154593,1.1591515205782845,1.1591515205782845,0,-0.016688949307350074,1
2021-10-18,1.1595950503201236,1.157300234112815,1.1612109189934825,1.1597026189435056,1.1597026189435056,0,0.011400883990300866,1
2021-10-19,1.1614536918099427,1.1614536918099427,1.1670000263627178,1.1613862358016356,1.1613862358016356,0,0.034829935443477504,1
2021-10-20,1.1633859010289422,1.1618045250446778,1.1654006402987256,1.163196431236993,1.163196431236993,0,0.03744853815707304,1
2021-10-21,1.1652431279009592,1.163318220399126,1.1669973475967135,1.165501192058188,1.165501192058188,0,0.0476798923859907,0
2021-10-22,1.162587948296027,1.162236641828453,1.165406064145758,1.1625338935209717,1.1625338935209717,0,-0.06138618533884117,1
2021-10-25,1.1641308272751016,1.1593262160451252,1.1668611526133472,1.1640088679169096,1.1640088679169096,0,0.03051363066556595,0
2021-10-26,1.1611704935129077,1.1585874240914715,1.1629002109717947,1.1611704935129077,1.1611704935129077,0,-0.05871905878016084,0
2021-10-27,1.1598236775470374,1.158533740678229,1.1624392493525844,1.1598236775470374,1.1598236775470374,0,-0.027862344641528914,1
2021-10-28,1.1598909521581735,1.1583190567647048,1.1693171288431214,1.1600120500862652,1.1600120500862652,0,0.0038969694018829836,1
2021-10-29,1.1683744733694903,1.1546677377447951,1.169180391890953,1.1683608040018332,1.1683608040018332,0,0.17271540048350986,0
2021-11-01,1.1559356950579338,1.1546677377447951,1.1593262160451252,1.1556685546407481,1.1556685546407481,0,-0.2625717506595396,1
2021-11-02,1.1601735265875266,1.1579166988459424,1.1614995245577107,1.1599582345741783,1.1599582345741783,0,0.08874303819961968,0
2021-11-03,1.1580775924776245,1.1563634564076855,1.1599004145292577,1.1579434713865961,1.1579434713865961,0,-0.0416805471022221,1
2021-11-04,1.161575116289294,1.1529238203212973,1.1617099995928493,1.161575116289294,1.161575116289294,0,0.07512989484738967,0
2021-11-05,1.1556685546407481,1.1514104854213283,1.1564704262879708,1.1555349909356725,1.1555349909356725,0,-0.12495549395413813,1
2021-11-08,1.1568450565386348,1.1551745708155172,1.1595547372664705,1.156885181399771,1.156885181399771,0,0.027932154797488166,1
2021-11-09,1.1588694437132194,1.1570190574315984,1.1609008480134162,1.1591515205782845,1.1591515205782845,0,0.04688504210413231,1
2021-11-10,1.1593665132105408,1.151344190933602,1.1598236775470374,1.1595547372664705,1.1595547372664705,0,0.008341571986187854,0
2021-11-11,1.1485671711456695,1.1454884776007552,1.1491611409762217,1.1485935130803928,1.1485935130803928,0,-0.22676105251560105,0
2021-11-12,1.1447804123544623,1.1434059441622713,1.1459873608996087,1.1450818524711015,1.1450818524711015,0,-0.07264771181780023,0
2021-11-15,1.1442302131267577,1.141695853472842,1.1464208718754334,1.1441647428710902,1.1441647428710902,0,-0.018972765691160583,0
2021-11-16,1.1367382192053235,1.1330674212698133,1.138700593539279,1.1366478054348503,1.1366478054348503,0,-0.1555071418848164,0
2021-11-17,1.1316185545551563,1.1270526779668304,1.1334000875794812,1.132118184949844,1.132118184949844,0,-0.09370682427797285,0
2021-11-18,1.1318107031336593,1.1315033119836237,1.135976390520593,1.132118184949844,1.132118184949844,0,0.0,1
2021-11-19,1.1370097009527458,1.1252391026855155,1.1370097009527458,1.1368415888527128,1.1368415888527128,0,0.09771573159056822,0
2021-11-22,1.1275736704016293,1.123822821300874,1.1290504846031988,1.1275736704016293,1.1275736704016293,0,-0.1917306777892378,0
2021-11-23,1.1243534899879746,1.1227124952136271,1.127344853152742,1.1242144855955718,1.1242144855955718,0,-0.06949335852317588,1
2021-11-24,1.1243913925418498,1.1187809745532453,1.125454382017648,1.1244926041283367,1.1244926041283367,0,0.005753595596920197,0
2021-11-25,1.1206993041560263,1.1203979929393864,1.123090755235171,1.1202975170608291,1.1202975170608291,0,-0.08678614201056774,1
2021-11-26,1.1209003432408282,1.120799777245833,1.1322002388812544,1.120963103169705,1.120963103169705,0,0.01376935678225972,1
2021-11-29,1.1291142365291917,1.1258852634542296,1.1298005382594885,1.129318230267964,1.129318230267964,0,0.172847246123229,1
2021-11-30,1.1293564682946189,1.124606422983852,1.1381743665836255,1.1293437726785527,1.1293437726785527,0,0.0005284103135318691,1
2021-12-01,1.133003222166463,1.1304160749470291,1.135847339533417,1.133028931541878,1.133028931541878,0,0.07623696845797935,0
2021-12-02,1.1319644231610015,1.1301861788841339,1.1348161397632845,1.1319515924708274,1.1319515924708274,0,-0.022287523502885705,0
2021-12-03,1.1306845449604246,1.1267351528178258,1.133182982684009,1.1306206155909746,1.1306206155909746,0,-0.027534672498780464,0
2021-12-06,1.1302627751329493,1.1269002132868133,1.1310004118252703,1.1304799811869852,1.1304799811869852,0,-0.002909383562197293,0
2021-12-07,1.1284516137450726,1.1231285727005014,1.1299435150011086,1.1286682001071942,1.1286682001071942,0,-0.03748134128148777,0
2021-12-08,1.1273067512219836,1.1269637226067275,1.1339025188910918,1.1276499887249896,1.1276499887249896,0,-0.02106431551736183,1
2021-12-09,1.134404245296191,1.127942549557031,1.1345586706770976,1.1345586706770976,1.1345586706770976,0,0.14292381620525405,0
2021-12-10,1.1294074817014714,1.1267351528178258,1.1322592272674907,1.1293310013288334,1.1293310013288334,0,-0.10814775644508859,1
2021-12-13,1.1311193649632314,1.1263544343433176,1.1316057317045038,1.1311833507488962,1.1311833507488962,0,0.03832060151215826,0
2021-12-14,1.1283370911579311,1.1266590339303535,1.13275942368492,1.1285408041588854,1.1285408041588854,0,-0.054667857887029915,0
2021-12-15,1.1258725702064145,1.1249226738766642,1.127800078717106,1.1261261116131862,1.1261261116131862,0,-0.049954112229525525,1
2021-12-16,1.1293054594959353,1.1282097699408358,1.136363642521141,1.1290759389188347,1.1290759389188347,0,0.061024748076745246,1
2021-12-17,1.133542674896552,1.12683671112455,1.1349063391316512,1.133414176243399,1.133414176243399,0,0.08974757244999426,0
2021-12-20,1.1242523787780445,1.1237343750387228,1.1304544635261815,1.1243534899879746,1.1243534899879746,0,-0.1874435479937822,1
2021-12-21,1.1276753799310377,1.1261768335982885,1.130326664040478,1.1277517120236331,1.1277517120236331,0,0.07030094380027271,1
2021-12-22,1.1290504846031988,1.1265320911132957,1.1341996369823688,1.1287573488208213,1.1287573488208213,0,0.02080417795563971,1
2021-12-23,1.133016076708327,1.1291524607426533,1.1345586706770976,1.1328876974112596,1.1328876974112596,0,0.08544686047145408,0
2021-12-24,1.1324643590845227,1.1308379592145965,1.1344299415867722,1.13273372653863,1.13273372653863,0,-0.003185282641933501,0
2021-12-27,1.1323873877279054,1.1304160749470291,1.1335002472089175,1.1324259103164245,1.1324259103164245,0,-0.0063679685173612085,1
2021-12-28,1.132977590468551,1.1290377198859631,1.1336005011372683,1.133003222166463,1.133003222166463,0,0.011943177196461104,0
2021-12-29,1.1313369004006797,1.1275355530024607,1.1370006083759345,1.131477671795984,1.131477671795984,0,-0.0315599244940873,1
2021-12-30,1.135976390520593,1.1300712278557186,1.135976390520593,1.1360150807666056,1.1360150807666056,0,0.09386794909082714,0
2021-12-31,1.1323232656600546,1.130505576177117,1.1379153715757595,1.1325028104635784,1.1325028104635784,0,-0.07266032489740955,1
2022-01-03,1.1373847037455047,1.1285408041588854,1.1375916971046673,1.1373459201519822,1.1373459201519822,0,0.10019215297009125,0
2022-01-04,1.1301988934473357,1.127344853152742,1.1323001865500775,1.1302244757107938,1.1302244757107938,0,-0.14732535431273977,0
2022-01-05,1.1285408041588854,1.1277644476784734,1.1345586706770976,1.128362513316618,1.128362513316618,0,-0.038519470551843286,1
2022-01-06,1.131221715185679,1.128553557642433,1.1330674212698133,1.1313497171594689,1.1313497171594689,0,0.06179797766967369,0
2022-01-07,1.1295861029505134,1.1290504846031988,1.135976390520593,1.1296881758716741,1.1296881758716741,0,-0.03437324561767588,1
2022-01-10,1.135344412921416,1.1288338274651146,1.135976390520593,1.1353959687296067,1.1353959687296067,0,0.11808034340267988,0
2022-01-11,1.133272922610216,1.1315545195265,1.136899752171649,1.1330417866671258,1.1330417866671258,0,-0.048702297593689485,1
2022-01-12,1.1370097009527458,1.1355764893682114,1.1433000528744763,1.1366478054348503,1.1366478054348503,0,0.07459975248009386,1
2022-01-13,1.143981481607753,1.1436413283764593,1.1479079156663567,1.1441647428710902,1.1441647428710902,0,0.1555071418848164,1
2022-01-14,1.1456590787276921,1.1410054265919327,1.1483692914248165,1.1457115755875136,1.1457115755875136,0,0.03200020443768107,0
2022-01-17,1.141213817671928,1.1393155013772522,1.1434583126652003,1.1410705357779873,1.1410705357779873,0,-0.09601181894552249,0
2022-01-18,1.1412919160199009,1.1329647367999522,1.1423349237664497,1.1410574978251358,1.1410574978251358,0,-0.00026972351455284785,0
2022-01-19,1.133003222166463,1.1319515924708274,1.1356796478294426,1.1329647367999522,1.1329647367999522,0,-0.16741953058114767,1
2022-01-20,1.1343527028138982,1.133016076708327,1.1368933577672697,1.1343398946200514,1.1343398946200514,0,0.02844866863108282,0
2022-01-21,1.1315416981270148,1.1302244757107938,1.1361053939019075,1.131375275253715,1.131375275253715,0,-0.06133075981352915,1
2022-01-24,1.13409544395172,1.1291396937195013,1.13409544395172,1.1341468863887698,1.1341468863887698,0,0.05733788922475245,0
2022-01-25,1.1323873877279054,1.1266843805290063,1.1325028104635784,1.1324130691623666,1.1324130691623666,0,-0.03586845889241471,0
2022-01-26,1.130352252088551,1.1272051081748897,1.1313497171594689,1.1304544635261815,1.1304544635261815,0,-0.04051878403221037,0
2022-01-27,1.1242270661502316,1.1133501553639997,1.1244799422626495,1.1243534899879746,1.1243534899879746,0,-0.12621429480940896,0
2022-01-28,1.1146159500904032,1.1123346760251769,1.1170063948242197,1.1147029667447133,1.1147029667447133,0,-0.19964583980936532,1
2022-01-31,1.115138031533201,1.114504144378144,1.1216923972204156,1.1152375098928942,1.1152375098928942,0,0.011058396839512184,1
2022-02-01,1.1229141821358481,1.1222085196717069,1.1279043313872972,1.1229646151892714,1.1229646151892714,0,0.15985500343391584,1
2022-02-02,1.1273067512219836,1.1266970920884547,1.1329391068432841,1.127395684986706,1.127395684986706,0,0.09166805039099418,1
2022-02-03,1.1299945814571335,1.1272051081748897,1.1450687226904763,1.1299945814571335,1.1299945814571335,0,0.053764843142407544,1
2022-02-04,1.1435106080253277,1.1413440134056023,1.1483692914248165,1.1435759254908224,1.1435759254908224,0,0.2809649556814521,1
2022-02-07,1.1454622778941599,1.1416698269674905,1.1460004334758969,1.1455147567193404,1.1455147567193404,0,0.040109699661765835,0
2022-02-08,1.1440862508680099,1.139705033706018,1.1450818524711015,1.1442956908754012,1.1442956908754012,0,-0.025219505519155614,0
2022-02-09,1.1421131387474985,1.1403288552705666,1.1447004300161874,1.1421262008355788,1.1421262008355788,0,-0.04488146912249872,1
2022-02-10,1.1421262008355788,1.1380837242216535,1.1494252810564518,1.1421522481531234,1.1421522481531234,0,0.0005388556096800445,0
2022-02-11,1.1411746948840702,1.1371259908803357,1.141900533079705,1.1415525281929633,1.1415525281929633,0,-0.012406746461153985,0
2022-02-14,1.1365831999760452,1.1292799948305665,1.1368933577672697,1.1365056677215073,1.1365056677215073,0,-0.10440726081128127,0
2022-02-15,1.130607815346363,1.1305822157266228,1.136880415096618,1.130633416125427,1.130633416125427,0,-0.1214825944582816,1
2022-02-16,1.1355635766631254,1.1345457811088555,1.1393155013772522,1.1356796478294426,1.1356796478294426,0,0.10439425314314697,1
2022-02-17,1.1373329671751777,1.13275942368492,1.1386927877361304,1.1375269843054214,1.1375269843054214,0,0.03821689589886125,0
2022-02-18,1.1363894276571151,1.1315801631971594,1.1376693776126068,1.1366478054348503,1.1366478054348503,0,-0.018188071209545995,0
2022-02-21,1.1317338206037797,1.1314137290099053,1.1385631188613512,1.131720995140752,1.131720995140752,0,-0.10192371480308099,0
2022-02-22,1.1309658743513562,1.1289102405112403,1.1363765734281366,1.1309658743513562,1.1309658743513562,0,-0.015621611425237523,1
2022-02-23,1.1330545655628785,1.130735678419867,1.135976390520593,1.1329134015440565,1.1329134015440565,0,0.04028959799767609,0
2022-02-24,1.1305950153915822,1.1110494053343063,1.1305950153915822,1.1305694925373737,1.1305694925373737,0,-0.04848977307035445,0
2022-02-25,1.1190814911894063,1.1168068243294202,1.1266082685011984,1.119068950888867,1.119068950888867,0,-0.2379182182978496,0
2022-02-28,1.1181054577732188,1.1143179007017847,1.1244546193866967,1.1181054577732188,1.1181054577732188,0,-0.01993232774797287,1
2022-03-01,1.1214659604670458,1.1102105898843428,1.1232169236222995,1.1215917640378334,1.1215917640378334,0,0.07212319213029819,0
2022-03-02,1.1131023335703878,1.105852161261582,1.114193723498227,1.1132758341763915,1.1132758341763915,0,-0.17203635068623332,0
2022-03-03,1.1113580763929107,1.103984281077083,1.1116051220238758,1.1112345579496692,1.1112345579496692,0,-0.042229037358305174,0
2022-03-04,1.106929373114716,1.0890043329832104,1.106929373114716,1.1066844011817498,1.1066844011817498,0,-0.09413166999311176,0
2022-03-07,1.087393853753405,1.080859099586448,1.0930753716486599,1.087452988049255,1.087452988049255,0,-0.39785113498781405,0
2022-03-08,1.086956502021148,1.0851165539361698,1.092215753484408,1.0865313233615346,1.0865313233615346,0,-0.019066999370324914,1
2022-03-09,1.0900845813396842,1.0897876126969244,1.1091147405645643,1.0898232205683638,1.0898232205683638,0,0.0681013418502913,1
2022-03-10,1.107333905352782,1.0982131764246903,1.1116174956018228,1.1073829485815128,1.1073829485815128,0,0.3632680381819827,0
2022-03-11,1.1012124404882317,1.0934697681694052,1.1041915035805303,1.1013944010600876,1.1013944010600876,0,-0.12388847412891006,0
2022-03-14,1.0932546528539235,1.0902509799915494,1.098695825487673,1.093206781795621,1.093206781795621,0,-0.16938191669919767,1
2022-03-15,1.0945349763911774,1.09394825600733,1.101831221621332,1.0943193704232184,1.0943193704232184,0,0.023016751042397747,1
2022-03-16,1.096731707068347,1.0955782230298718,1.1038745979861144,1.096936287305864,1.096936287305864,0,0.05413764161563889,1
2022-03-17,1.102244201269552,1.1021227002755567,1.1110494053343063,1.1021955397295415,1.1021955397295415,0,0.1088011334129202,1
2022-03-18,1.1098902203901218,1.1005337818588685,1.1117905335936071,1.1099518268452455,1.1099518268452455,0,0.16045870425715617,0
2022-03-21,1.1042159220133605,1.1026087925757797,1.1066721371815151,1.1043134611688445,1.1043134611688445,0,-0.11664406397895559,0
2022-03-22,1.1016370363804102,1.0961546615962516,1.1045696016378257,1.1017219659137116,1.1017219659137116,0,-0.053611730010004195,1
2022-03-23,1.1030100999369379,1.096575365431634,1.1042000789785442,1.1029736251548643,1.1029736251548643,0,0.025893783586249323,0
2022-03-24,1.1006306715584413,1.0969963923230204,1.1013337408550499,1.1006306715584413,1.1006306715584413,0,-0.04847000795722315,1
2022-03-25,1.1008972423394234,1.0982976507390354,1.1038745979861144,1.1009578544689869,1.1009578544689869,0,0.006768618167181067,0
2022-03-28,1.0981890946389594,1.0945349763911774,1.0996745065669917,1.0981890946389594,1.0981890946389594,0,-0.05727890266284255,1
2022-03-29,1.0993843212527774,1.0970445958547457,1.1136353423227956,1.0993843212527774,1.0993843212527774,0,0.024726329864530338,1
2022-03-30,1.1091516226513387,1.108905592944551,1.1170001478706197,1.1091516226513387,1.1091516226513387,0,0.20206169564418056,1
2022-03-31,1.116183514520378,1.1074001257021904,1.1183055672463136,1.116183514520378,1.116183514520378,0,0.1454727295354987,0
2022-04-01,1.1072357588526078,1.1029736251548643,1.1075423873598278,1.1072357588526078,1.1072357588526078,0,-0.185107288969887,0
2022-04-04,1.104728231267074,1.0980926343130255,1.1057054510306714,1.104728231267074,1.104728231267074,0,-0.05187464327476757,0
2022-04-05,1.0975863877750194,1.092132283202132,1.099142677129079,1.0975863877750194,1.0975863877750194,0,-0.14774736103080577,0
2022-04-06,1.0906433406215306,1.0875712054369433,1.0937448599966582,1.0906433406215306,1.0906433406215306,0,-0.14363474858860173,0
2022-04-07,1.0898232205683638,1.0867202896881631,1.0935056883463528,1.0898232205683638,1.0898232205683638,0,-0.0169662880065404,0
2022-04-08,1.0864841096378326,1.0836936340584822,1.0891940898494028,1.0864841096378326,1.0864841096378326,0,-0.06907807889152796,1
2022-04-11,1.0884946359062488,1.0874647592904378,1.0932785187123708,1.0884946359062488,1.0884946359062488,0,0.041592895555899734,0
2022-04-12,1.0877960092009875,1.085187162783417,1.09039361747415,1.0877960092009875,1.0877960092009875,0,-0.014452886311894163,0
2022-04-13,1.0826142723466758,1.0810343258935349,1.0873820135706795,1.0826142723466758,1.0826142723466758,0,-0.10719752492928937,1
2022-04-14,1.0896569524537814,1.0758588387748462,1.0922634666760416,1.0896569524537814,1.0896569524537814,0,0.1456959119261838,0
2022-04-15,1.0820988125316484,1.0798786447526922,1.0823448201561146,1.0820988125316484,1.0820988125316484,0,-0.15635952104509765,0
2022-04-18,1.0815254153266494,1.0783647477930347,1.081583843329727,1.0815254153266494,1.0815254153266494,0,-0.011862192717510255,0
2022-04-19,1.0781787451721323,1.076194583379759,1.08120967870306,1.0781787451721323,1.0781787451721323,0,-0.06923446083921367,1
2022-04-20,1.0794473161921512,1.07848106668806,1.0867202896881631,1.0794473161921512,1.0794473161921512,0,0.026243647133468984,1
2022-04-21,1.0849870113005469,1.082438533515645,1.0934697681694052,1.0849870113005469,1.0849870113005469,0,0.11460281005755439,0
2022-04-22,1.083517544659568,1.0772843486154375,1.0854227792482154,1.083517544659568,1.083517544659568,0,-0.030399688619467926,0
2022-04-25,1.0811044741245484,1.070033720584417,1.0812213151688945,1.0811044741245484,1.0811044741245484,0,-0.049920556775988424,0
2022-04-26,1.0714209034675415,1.0644639223896066,1.0738831298377565,1.0714209034675415,1.0714209034675415,0,-0.20032951037358723,0
2022-04-27,1.0643619512344904,1.0516684969445464,1.0656436822282178,1.0643619512344904,1.0643619512344904,0,-0.14603254261117343,0
2022-04-28,1.0555092444105663,1.0472848940915027,1.0562227224408711,1.0555092444105663,1.0555092444105663,0,-0.18314095970729483,0
2022-04-29,1.050420143865073,1.0505415632648685,1.0590415812864706,1.050420143865073,1.050420143865073,0,-0.10528110514512644,1
2022-05-02,1.053596452948076,1.0503981124757353,1.0567696635866188,1.053596452948076,1.053596452948076,0,0.06571010487053242,0
2022-05-03,1.0509058582878241,1.0494390980682176,1.0577645360838261,1.0509058582878241,1.0509058582878241,0,-0.05566185552764194,1
2022-05-04,1.052853216190775,1.0506519569354098,1.056635686820414,1.052853216190775,1.052853216190775,0,0.04028609580475617,1
2022-05-05,1.0622477257446798,1.0504642751886688,1.0639996052781615,1.0622477257446798,1.0622477257446798,0,0.194349539626888,0
2022-05-06,1.0539739936820172,1.0485367454055938,1.05983850636773,1.0539739936820172,1.0539739936820172,0,-0.17116338092459177,0
2022-05-09,1.0532191825926587,1.0496593796872598,1.0572165649089658,1.0532191825926587,1.0532191825926587,0,-0.015615204485168496,1
2022-05-10,1.056579856558394,1.0527313279384973,1.0585819147422528,1.056579856558394,1.056579856558394,0,0.06952416561280086,0
2022-05-11,1.0532968104734914,1.0507070966688186,1.0575631718342475,1.0532968104734914,1.0532968104734914,0,-0.06791823367825,0
2022-05-12,1.0512483389807101,1.0373551882673095,1.0529751987585132,1.0512483389807101,1.0512483389807101,0,-0.04237788990223304,0
2022-05-13,1.0379581423108473,1.035196665397857,1.0419380083124181,1.0379581423108473,1.0379581423108473,0,-0.2749418252776238,1
2022-05-16,1.040063212612667,1.039133781007156,1.0437977548278368,1.040063212612667,1.040063212612667,0,0.04354878151897244,1
2022-05-17,1.0438958235620375,1.0432424231118407,1.055375587024275,1.0438958235620375,1.0438958235620375,0,0.07928739326998996,1
2022-05-18,1.054785588684686,1.0492408908370123,1.056412401166075,1.054785588684686,1.054785588684686,0,0.22528273840032492,0
2022-05-19,1.0472739766285566,1.046605307618586,1.059804763949642,1.0472739766285566,1.0472739766285566,0,-0.15539697273049663,1
2022-05-20,1.0578987992873952,1.0541072962737847,1.0598834326438757,1.0578987992873952,1.0578987992873952,0,0.21980172360401015,0
2022-05-23,1.0569819129078781,1.0568701851039224,1.0690270895508456,1.0569819129078781,1.0569819129078781,0,-0.01896814780237611,1
2022-05-24,1.0682048652644713,1.0662003585645952,1.0746333054018957,1.0682048652644713,1.0682048652644713,0,0.23217557140615178,1
2022-05-25,1.0736525648203712,1.0644072618325042,1.0736525648203712,1.0736525648203712,1.0736525648203712,0,0.11269964596232432,0
2022-05-26,1.0686614927563558,1.0664505103920536,1.0728693151751725,1.0686614927563558,1.0686614927563558,0,-0.10325313443135888,1
2022-05-27,1.0732953331414132,1.0698047371647244,1.076507397339944,1.0732953331414132,1.0732953331414132,0,0.09586288037421521,0
2022-05-30,1.0731456014741505,1.072742680049743,1.0785159395172295,1.0731456014741505,1.0731456014741505,0,-0.0030975837996761544,1
2022-05-31,1.0773540110034205,1.0682162914990192,1.0774932936106054,1.0773540110034205,1.0773540110034205,0,0.08706175132208858,0
2022-06-01,1.0734105609136175,1.0631737746156382,1.073664107897214,1.0734105609136175,1.0734105609136175,0,-0.08158038534074136,0
2022-06-02,1.0654165736600942,1.06456591308528,1.0738485559556736,1.0654165736600942,1.0654165736600942,0,-0.16537614162728806,1
2022-06-03,1.0751069518031215,1.0706637940716992,1.0765421426461255,1.0751069518031215,1.0751069518031215,0,0.20047034069224284,0
2022-06-06,1.072604622836358,1.0686043844635826,1.0752688089344926,1.072604622836358,1.072604622836358,0,-0.05176709650408484,0
2022-06-07,1.0691414026289312,1.0652803955627201,1.070893145427421,1.0691414026289312,1.0691414026289312,0,-0.07164559779069708,1
2022-06-08,1.0698619738313484,1.067327000875188,1.0748296547942986,1.0698619738313484,1.0698619738313484,0,0.014906864552601134,1
2022-06-09,1.0717653857392198,1.0647132599803129,1.0770059274043027,1.0717653857392198,1.0717653857392198,0,0.03937696011617522,0
2022-06-10,1.0619205583261708,1.05077336412439,1.0642147015527363,1.0619205583261708,1.0619205583261708,0,-0.20366552021195858,0
2022-06-13,1.0489987464948374,1.0419054607638247,1.0497585530099658,1.0489987464948374,1.0489987464948374,0,-0.2673208394919466,0
2022-06-14,1.0415147901018074,1.03982528532229,1.0482399735734713,1.0415147901018074,1.0415147901018074,0,-0.15482484436545552,1
2022-06-15,1.0440593340671174,1.0386265419554963,1.050718151631639,1.0440593340671174,1.0440593340671174,0,0.05264042208705068,1
2022-06-16,1.0456204231713533,1.0382598501291171,1.053030648716147,1.0456204231713533,1.0456204231713533,0,0.03229513440631887,1
2022-06-17,1.0546854632996878,1.0445609687762663,1.0551751312190898,1.0546854632996878,1.0546854632996878,0,0.18753361902844734,0
2022-06-20,1.0491418152952614,1.04863570669555,1.0545186077994277,1.0491418152952614,1.0491418152952614,0,-0.11468458585642456,1
2022-06-21,1.0520778410940816,1.0514252309477143,1.0581898532271663,1.0520778410940816,1.0520778410940816,0,0.06073922848864509,1
2022-06-22,1.0532635494267237,1.047186187581669,1.0602880075999495,1.0532635494267237,1.0532635494267237,0,0.02452941979126239,1
2022-06-23,1.056412401166075,1.0484488100537304,1.0580667262763581,1.056412401166075,1.056412401166075,0,0.06514207925222318,0
2022-06-24,1.0520114749729585,1.0513699499313207,1.0569148600744511,1.0520114749729585,1.0520114749729585,0,-0.09104445257693905,1
2022-06-27,1.0566133273897893,1.0550860125833912,1.06142461125832,1.0566133273897893,1.0566133273897893,0,0.09520112715944838,1
2022-06-28,1.0580890805313548,1.0505746526156856,1.0605016056812875,1.0580890805313548,1.0580890805313548,0,0.030529741017397534,0
2022-06-29,1.0523546107743116,1.0468025202552151,1.053629735024043,1.0523546107743116,1.0523546107743116,0,-0.11863222352277274,0
2022-06-30,1.0446591809833008,1.038389271448432,1.0478775241378169,1.0446591809833008,1.0446591809833008,0,-0.15919971431529922,1
2022-07-01,1.0477677126951377,1.036989393447822,1.0477896993175184,1.0477677126951377,1.0477677126951377,0,0.06430795600819583,0
2022-07-04,1.0433947624583226,1.0418077656246487,1.0463534798117873,1.0433947624583226,1.0433947624583226,0,-0.09046569812503417,0
2022-07-05,1.0433185872241542,1.02373007117264,1.0448556608127186,1.0433185872241542,1.0433185872241542,0,-0.0015758802103149599,0
2022-07-06,1.025767294873027,1.0162188302797694,1.027390249869335,1.025767294873027,1.025767294873027,0,-0.3630935248642861,0
2022-07-07,1.0186411294633888,1.0153315080961614,1.0219201704051417,1.0186411294633888,1.0186411294633888,0,-0.14742301966073182,0
2022-07-08,1.0169836569429807,1.0079730803698133,1.0191082926356356,1.0169836569429807,1.0169836569429807,0,-0.0342890727224448,0
2022-07-11,1.0166114486778102,1.0054293203434441,1.0167768135447934,1.0166114486778102,1.0166114486778102,0,-0.007700083177959924,0
2022-07-12,1.0047524652859707,1.0001099826644668,1.0073841260474286,1.0047524652859707,1.0047524652859707,0,-0.2453335056420204,0
2022-07-13,1.0033109372879832,0.9998899819310519,1.0116235417209596,1.0033109372879832,1.0033109372879832,0,-0.029821706089138977,0
2022-07-14,1.0032706789083607,0.9953616046325338,1.0049241066551151,1.0032706789083607,1.0032706789083607,0,-0.0008328478991739065,0
2022-07-15,1.0025665900135685,1.0010611338140816,1.009795011904377,1.0025665900135685,1.0025665900135685,0,-0.014565885720175621,1
2022-07-18,1.0096319100476912,1.0082373075332391,1.019887830196364,1.0096319100476912,1.0096319100476912,0,0.14616427691828018,1
2022-07-19,1.014517751383039,1.0125659280448303,1.0268205602608973,1.014517751383039,1.014517751383039,0,0.10107616675105721,1
2022-07-20,1.0231330471134596,1.017594199793803,1.0271897174839129,1.0231330471134596,1.0231330471134596,0,0.1782295019606215,0
2022-07-21,1.0182780900658015,1.01631178495781,1.0275379944384924,1.0182780900658015,1.0182780900658015,0,-0.10043724600061682,1
2022-07-22,1.022108189036101,1.013397122308155,1.0255148000290224,1.022108189036101,1.022108189036101,0,0.07923542653631484,0
2022-07-25,1.020023068019895,1.018060402966385,1.0256410005608338,1.020023068019895,1.020023068019895,0,-0.0431360793494069,1
2022-07-26,1.0224949029800312,1.0113984469744854,1.0249051744307869,1.0224949029800312,1.0224949029800312,0,0.05113624971901314,0
2022-07-27,1.0129557283608557,1.0107442227707735,1.0171905228432634,1.0129557283608557,1.0129557283608557,0,-0.19734230776173792,1
2022-07-28,1.0209290499043921,1.0115723667094054,1.0233110263713439,1.0209290499043921,1.0209290499043921,0,0.1649486183809753,0
2022-07-29,1.0192329212186897,1.0148574868563824,1.0253781021612298,1.0192329212186897,1.0192329212186897,0,-0.03508877470641546,1
2022-08-01,1.0208248136396552,1.0209603000831264,1.0277492397651076,1.0208248136396552,1.0208248136396552,0,0.03293238006464938,1
2022-08-02,1.0261356950195415,1.018371421868451,1.0293148809578954,1.0261356950195415,1.0261356950195415,0,0.10986921086954547,0
2022-08-03,1.0155686848097831,1.0123199507730538,1.0207623317812697,1.0155686848097831,1.0155686848097831,0,-0.21860572472839335,1
2022-08-04,1.0157646435146106,1.0155996076883116,1.0232481773950513,1.0157646435146106,1.0157646435146106,0,0.004053908705992063,1
2022-08-05,1.0247791549031144,1.0143633623224577,1.0249051744307869,1.0247791549031144,1.0247791549031144,0,0.1864883023711302,0
2022-08-08,1.0170870485449877,1.0160020226518844,1.0221813606772618,1.0170870485449877,1.0170870485449877,0,-0.15913096057703527,1
2022-08-09,1.0197629794273961,1.018921375956741,1.0246951590999387,1.0197629794273961,1.0197629794273961,0,0.05535849765071532,1
2022-08-10,1.0208143787614932,1.0203040755262203,1.0369141505840531,1.0208143787614932,1.0208143787614932,0,0.02175089347382097,1
2022-08-11,1.0300783044676285,1.027633031499239,1.036591704160277,1.0300783044676285,1.0300783044676285,0,0.1916480776132433,1
2022-08-12,1.0316723706052489,1.0239606890091928,1.0327378039464516,1.0316723706052489,1.0316723706052489,0,0.03297734897215161,0
2022-08-15,1.0256410005608338,1.0182262395896704,1.026715117547484,1.0256410005608338,1.0256410005608338,0,-0.12477436791410222,0
2022-08-16,1.016198210188902,1.012340413771997,1.019440765220291,1.016198210188902,1.016198210188902,0,-0.19534835225276656,1
2022-08-17,1.0170663932054025,1.014806045521664,1.0197838064282327,1.0170663932054025,1.0170663932054025,0,0.01796059374899688,1
2022-08-18,1.0180189522506897,1.0113166302570442,1.0193679854037279,1.0180189522506897,1.0180189522506897,0,0.01970612844201698,0
2022-08-19,1.0089901021372067,1.0036230943400741,1.011224587033359,1.0089901021372067,1.0089901021372067,0,-0.1867849356953651,0
2022-08-22,1.0035223618055586,0.9927726231428728,1.00482317298314,1.0035223618055586,1.0035223618055586,0,-0.11311424084011842,0
2022-08-23,0.9939468191682282,0.9903146736454315,1.0019036341993435,0.9939468191682282,0.9939468191682282,0,-0.19809467354996627,1
2022-08-24,0.9966910070720961,0.9911981414845791,0.9998200263691166,0.9966910070720961,0.9966910070720961,0,0.056770569310318285,1
2022-08-25,0.9969095429581848,0.9956787020557234,1.0030593604166436,0.9969095429581848,0.9969095429581848,0,0.004520975641100189,1
2022-08-26,0.9971282932238584,0.9947278973678382,1.0088272601736037,0.9971282932238584,0.9971282932238584,0,0.00452541063298623,0
2022-08-29,0.9938678014673771,0.991493020220122,1.0031096177165402,0.9938678014673771,0.9938678014673771,0,-0.06745163951278678,1
2022-08-30,1.0014019566272057,0.9983427616410433,1.0052272100603632,1.0014019566272057,1.0014019566272057,0,0.15586333468378027,1
2022-08-31,1.0025062632680088,0.9971680008825035,1.0077394377478583,1.0025062632680088,1.0025062632680088,0,0.022845416891167994,1
2022-09-01,1.0039051689530243,0.9917388279343169,1.0045808825396187,1.0039051689530243,1.0039051689530243,0,0.02893995416196939,0
2022-09-02,0.9952328857680505,0.9951239140791525,1.0033310376882096,0.9952328857680505,0.9952328857680505,0,-0.17940843370723042,0
2022-09-05,0.9909427685794209,0.9880836653503774,0.9943521147713055,0.9909427685794209,0.9909427685794209,0,-0.08875208394556433,1
2022-09-06,0.9952229675307719,0.9865143803332361,0.998532187889949,0.9952229675307719,0.9952229675307719,0,0.08854689975388913,0
2022-09-07,0.9897951586383398,0.9877811566257967,0.9955201280933148,0.9897951586383398,0.9897951586383398,0,-0.11228815654229139,1
2022-09-08,0.9995701969027248,0.9933445528449893,1.0029084388723908,0.9995701969027248,0.9995701969027248,0,0.20222175256917035,1
2022-09-09,1.0012014620921792,1.0009308769985323,1.011224587033359,1.0012014620921792,1.0012014620921792,0,0.03374690682474918,1
2022-09-12,1.0071405991475944,1.0064715823464865,1.0196798038778088,1.0071405991475944,1.0071405991475944,0,0.12286629183544387,1
2022-09-13,1.0129557283608557,0.9995802019773047,1.0187449202311198,1.0129557283608557,1.0129557283608557,0,0.1203008713742232,0
2022-09-14,0.9982032929039529,0.9963633236594432,1.002275147839207,0.9982032929039529,0.9982032929039529,0,-0.30519198718923324,1
2022-09-15,0.9984025289126557,0.995748197473846,1.0017931968865215,0.9984025289126557,0.9984025289126557,0,0.004121708147327851,1
2022-09-16,0.9988313282148327,0.9945795313105043,1.003562640386748,0.9988313282148327,0.9988313282148327,0,0.008870814010273651,1
2022-09-19,1.0022349725382074,0.9966810597511424,1.0028078497379596,1.0022349725382074,1.0022349725382074,0,0.07041311773711463,1
2022-09-20,1.0029587410073684,0.995708484618499,1.0050251208117253,1.0029587410073684,1.0029587410073684,0,0.014973008220469819,0
2022-09-21,0.9970785149551531,0.9869135199117254,0.9974067876293425,0.9970785149551531,0.9970785149551531,0,-0.12164756654859843,0
2022-09-22,0.9830714890086323,0.98110389111425,0.9906188533650258,0.9830714890086323,0.9830714890086323,0,-0.2897712784928416,1
2022-09-23,0.9841550553664415,0.9703933486832851,0.9852216887622752,0.9841550553664415,0.9841550553664415,0,0.02241635091082362,0
2022-09-26,0.968992299102592,0.9582307690638177,0.9699885015897037,0.968992299102592,0.968992299102592,0,-0.31368052610357167,0
2022-09-27,0.9623712356751821,0.9594534485493779,0.9670057973490422,0.9623712356751821,0.9623712356751821,0,-0.13697368889498707,0
2022-09-28,0.9596191818867047,0.9540163988400238,0.9686261989315631,0.9596191818867047,0.9596191818867047,0,-0.05693329532000002,1
2022-09-29,0.9708171841166933,0.9638276027203981,0.9787322019691767,0.9708171841166933,0.9708171841166933,0,0.23165941400683032,1
2022-09-30,0.9829556040461839,0.9736055718514215,0.9849985310636016,0.9829556040461839,0.9829556040461839,0,0.25111436755246075,0
2022-10-03,0.979268858577233,0.9753623741120288,0.9844263491695414,0.979268858577233,0.979268858577233,0,-0.07626979146711307,1
2022-10-04,0.9832068763233447,0.9806710282399458,0.9980139914085171,0.9832068763233447,0.9832068763233447,0,0.08146800337024614,1
2022-10-05,0.9984324746500086,0.9835453348355114,0.9994203829570906,0.9984324746500086,0.9984324746500086,0,0.3149805754469779,0
2022-10-06,0.9910998875464352,0.9789333364141591,0.9926347062562102,0.9910998875464352,0.9910998875464352,0,-0.15169338214800443,0
2022-10-07,0.9789045489039293,0.9731697023230712,0.9816046715753485,0.9789045489039293,0.9789045489039293,0,-0.2522918772039439,0
2022-10-10,0.9735012845618389,0.9682510991300454,0.9752291384042581,0.9735012845618389,0.9735012845618389,0,-0.1117803895288147,0
2022-10-11,0.971005749215311,0.9673986749859076,0.97580963180397,0.971005749215311,0.971005749215311,0,-0.051626553034770935,0
2022-10-12,0.9700167670764,0.9669683439953808,0.973302262937786,0.9700167670764,0.9700167670764,0,-0.02045963360766091,1
2022-10-13,0.9707984215137779,0.9635953238918251,0.9795086417740666,0.9707984215137779,0.9707984215137779,0,0.01617052802810367,1
2022-10-14,0.9751340247122994,0.9709492169482482,0.9803825505489183,0.9751340247122994,0.9751340247122994,0,0.08969307879273765,0
2022-10-17,0.9739374512297391,0.9724505077926614,0.9847075021455277,0.9739374512297391,0.9739374512297391,0,-0.024754193300988037,1
2022-10-18,0.9846396548142079,0.9814601941320469,0.9873617905499329,0.9846396548142079,0.9846396548142079,0,0.2214025466364261,1
2022-10-19,0.9863878233910538,0.9760192192505256,0.986699344106569,0.9863878233910538,0.9863878233910538,0,0.03616535340676467,0
2022-10-20,0.9766482947149786,0.9755525957203233,0.9845135783899676,0.9766482947149786,0.9766482947149786,0,-0.20148714560531056,1
2022-10-21,0.977889957816689,0.9707323649471592,0.9856974943500996,0.977889957816689,0.977889957816689,0,0.02568698778839415,1
2022-10-24,0.9860085791104045,0.9808922291791248,0.9889631553041802,0.9860085791104045,0.9860085791104045,0,0.1679545166019705,1
2022-10-25,0.9886503202332517,0.9852216887622752,0.9975360694695224,0.9886503202332517,0.9886503202332517,0,0.054651194731647666,1
2022-10-26,0.9963731462929184,0.9944607995914329,1.0080543569654956,0.9963731462929184,0.9963731462929184,0,0.15976647644058264,1
2022-10-27,1.0091937285345327,0.9976455701170436,1.0094892087672862,1.0091937285345327,1.0091937285345327,0,0.26522664563907467,0
2022-10-28,0.9967804234536318,0.9931473302102211,0.9998999934083855,0.9967804234536318,0.9967804234536318,0,-0.2568010723581043,0
2022-10-31,0.9955002803646817,0.9873520285741659,0.9968101535128475,0.9955002803646817,0.9955002803646817,0,-0.02648304507717285,0
2022-11-01,0.9886307454841011,0.9862127156493254,0.9951634622582428,0.9886307454841011,0.9886307454841011,0,-0.1421139585660193,0
2022-11-02,0.9877909270890505,0.9867577253659873,0.9913553414497722,0.9877909270890505,0.9877909270890505,0,-0.017373798761048213,0
2022-11-03,0.981440903066102,0.9731224002502928,0.9839614645371412,0.981440903066102,0.981440903066102,0,-0.13136654323447505,0
2022-11-04,0.9749630027892753,0.9748489082088462,0.9938184659365213,0.9749630027892753,0.9749630027892753,0,-0.13401199171987405,1
2022-11-07,0.99288108045281,0.9919454616167516,1.0005002735134665,0.99288108045281,0.99288108045281,0,0.3706814203472044,1
2022-11-08,1.00186348867581,0.9976057057768815,1.0094178428867402,1.00186348867581,1.00186348867581,0,0.18582416600504992,1
2022-11-09,1.0080848239251134,1.0012515931374597,1.0088781578075112,1.0080848239251134,1.0080848239251134,0,0.12870428569249792,0
2022-11-10,1.001953835587805,0.9937789068537224,1.0182988564572772,1.001953835587805,1.001953835587805,0,-0.1268352279569984,1
2022-11-11,1.0192225188596566,1.016621736204205,1.0338374836040551,1.0192225188596566,1.0192225188596566,0,0.3572470307885248,1
2022-11-14,1.0328551060905284,1.0273585419228473,1.0350252552905015,1.0328551060905284,1.0328551060905284,0,0.2820250527226392,0
2022-11-15,1.031927843603652,1.0313850670865023,1.0475482242484841,1.031927843603652,1.031927843603652,0,-0.019182804211721638,1
2022-11-16,1.0357864328109112,1.0336451253696757,1.0437323642638154,1.0357864328109112,1.0357864328109112,0,0.07982482020345523,1
2022-11-17,1.0395010261044797,1.0309490901931502,1.0405719207853192,1.0395010261044797,1.0395010261044797,0,0.076845895186311,0
2022-11-18,1.0361728170969464,1.0328017605112711,1.0395874668646217,1.0361728170969464,1.0361728170969464,0,-0.06885254463627666,0
2022-11-21,1.0330898539530127,1.0227040172847373,1.033324708546995,1.0330898539530127,1.0330898539530127,0,-0.06377900456348422,0
2022-11-22,1.0245691912096184,1.024338299227119,1.0290182855243948,1.0245691912096184,1.0245691912096184,0,-0.17627177576357364,1
2022-11-23,1.0311085697189615,1.0298130634374358,1.0382060090543122,1.0311085697189615,1.0311085697189615,0,0.13528382673351347,1
2022-11-24,1.0416232947107178,1.03836767756589,1.0448229307313797,1.0416232947107178,1.0416232947107178,0,0.2175240708123818,0
2022-11-25,1.0408101899198239,1.035614763428313,1.0429051381298478,1.0408101899198239,1.0408101899198239,0,-0.016821159302878877,0
2022-11-28,1.0367528702674698,1.0342438367517333,1.0496704126139516,1.0367528702674698,1.0367528702674698,0,-0.0839360694701086,0
2022-11-29,1.0345541062611578,1.0325458546744115,1.0394145997180848,1.0345541062611578,1.0345541062611578,0,-0.04548707624628226,0
2022-11-30,1.0324499067933184,1.029230140000367,1.0394578111147879,1.0324499067933184,1.0324499067933184,0,-0.043530766083234806,1
2022-12-01,1.0425354194627057,1.0397928696302334,1.0531415000453843,1.0425354194627057,1.0425354194627057,0,0.20864471241948546,1
2022-12-02,1.0528421162550656,1.04341656593559,1.0545186077994277,1.0528421162550656,1.0528421162550656,0,0.2132204736368072,1
2022-12-05,1.054418533091862,1.0492408908370123,1.0594117962788143,1.054418533091862,1.054418533091862,0,0.03261222789050435,0
2022-12-06,1.0496924134875198,1.0477018892175523,1.0532080749390869,1.0496924134875198,1.0496924134875198,0,-0.09777191284496003,0
2022-12-07,1.0469011544468514,1.044375521651916,1.054618701504948,1.0469011544468514,1.0469011544468514,0,-0.05774435657557309,1
2022-12-08,1.051325742479455,1.0491637940155973,1.0563119667076817,1.051325742479455,1.051325742479455,0,0.0915339584510562,1
2022-12-09,1.055966179305872,1.0520003927785433,1.0588397305733463,1.055966179305872,1.055966179305872,0,0.09599934469244865,0
2022-12-12,1.0522217510758998,1.0507070966688186,1.0579212131564937,1.0522217510758998,1.0522217510758998,0,-0.07746310741241126,1
2022-12-13,1.0541739933339764,1.052930856213119,1.066894240708515,1.0541739933339764,1.0541739933339764,0,0.04038714122544632,1
2022-12-14,1.0626653485233974,1.0620108353208724,1.0669853653746624,1.0626653485233974,1.0626653485233974,0,0.17566547379649322,1
2022-12-15,1.067634680314125,1.0607378232159688,1.0725586116614907,1.067634680314125,1.067634680314125,0,0.10280338108547014,0
2022-12-16,1.0640561549563436,1.0599396125865403,1.0663254536941247,1.0640561549563436,1.0640561549563436,0,-0.0740309807379864,0
2022-12-19,1.0585035059125465,1.0577197892556547,1.0659003447787756,1.0585035059125465,1.0585035059125465,0,-0.11487079545553443,1
2022-12-20,1.0614584569033612,1.0580667262763581,1.0655527865780565,1.0614584569033612,1.0614584569033612,0,0.06113074465352438,1
2022-12-21,1.0626992733427247,1.0597036834540299,1.064350607307072,1.0626992733427247,1.0626992733427247,0,0.02566947240492752,0
2022-12-22,1.0610079629276183,1.0584026734716807,1.0657458314355717,1.0610079629276183,1.0610079629276183,0,-0.034989096413815986,0
2022-12-23,1.0603329719934635,1.0587948927325272,1.063117251318709,1.0603329719934635,1.0603329719934635,0,-0.013963919729133911,1
2022-12-26,1.0667804754662724,1.0608953824043246,1.0637166098126325,1.0667804754662724,1.0667804754662724,0,0.13338315582023516,0
2022-12-27,1.0640222109319344,1.0612444061146677,1.0668999397845536,1.0640222109319344,1.0640222109319344,0,-0.05706178053701126,0
2022-12-28,1.0637166098126325,1.061390834919252,1.0674295409819399,1.0637166098126325,1.0637166098126325,0,-0.006322143429094463,0
2022-12-29,1.06292515746162,1.0612331285429197,1.067019498724166,1.06292515746162,1.06292515746162,0,-0.01637322301641037,1
2022-12-30,1.066075360524164,1.0639203243833992,1.069793345138296,1.066075360524164,1.066075360524164,0,0.06517003484041829,1
2023-01-02,1.070973400598389,1.0653257843937147,1.0712372883596117,1.070973400598389,1.070973400598389,0,0.10132852897084313,0
2023-01-03,1.0677714610263025,1.052155366798137,1.0682619308619234,1.0677714610263025,1.0677714610263025,0,-0.06624033731377611,0
2023-01-04,1.0546854632996878,1.0545964273546609,1.0631512049979694,1.0546854632996878,1.0546854632996878,0,-0.2707174460926468,1
2023-01-05,1.0606365646666094,1.05155788956296,1.0632641974394783,1.0606365646666094,1.0606365646666094,0,0.12311380432344346,0
2023-01-06,1.0522217510758998,1.0485258018272374,1.0622251281735364,1.0522217510758998,1.0522217510758998,0,-0.17408201439539192,1
2023-01-09,1.065632310963219,1.0652803955627201,1.0759514322918002,1.065632310963219,1.065632310963219,0,0.27743184732363363,1
2023-01-10,1.0733184041828234,1.0713175951225122,1.0756852171516784,1.0733184041828234,1.0733184041828234,0,0.15900656337494146,1
2023-01-11,1.0738946778728697,1.0726851347459834,1.0774701119406196,1.0738946778728697,1.0738946778728697,0,0.011921700192751178,1
2023-01-12,1.0766001025314118,1.0738024380000202,1.0838346308129632,1.0766001025314118,1.0766001025314118,0,0.05596865210109213,1
2023-01-13,1.0860239380493366,1.078062491477845,1.086779350745633,1.0860239380493366,1.0860239380493366,0,0.19495622245303335,0
2023-01-16,1.0824619294711288,1.0802635739645214,1.0875475881024073,1.0824619294711288,1.0824619294711288,0,-0.07368928876483676,1
2023-01-17,1.0830129695217465,1.0787021278647733,1.0869092513399123,1.0830129695217465,1.0830129695217465,0,0.0113996776030751,0
2023-01-18,1.0793307887865555,1.076704432233922,1.08844725140602,1.0793307887865555,1.0793307887865555,0,-0.07617535823463192,1
2023-01-19,1.079785304605334,1.0782950239417362,1.0833062569445127,1.079785304605334,1.079785304605334,0,0.009402826153498389,1
2023-01-20,1.0833883835035722,1.0804619863822456,1.0856584277963288,1.0833883835035722,1.0833883835035722,0,0.07453893373506557,1
2023-01-23,1.0864723596170087,1.0847516541005116,1.0919533698892512,1.0865077511683838,1.0865077511683838,0,0.06453212550421529,1
2023-01-24,1.0874293053660773,1.0839286023477215,1.0896807322674558,1.0874293053660773,1.0874293053660773,0,0.019064713600563412,1
2023-01-25,1.0888146422235025,1.08581167179773,1.0922634666760416,1.0888146422235025,1.0888146422235025,0,0.028659248141043318,1
2023-01-26,1.0922038791650193,1.08516364887643,1.0932546528539235,1.0922038791650193,1.0922038791650193,0,0.07011506406914385,0
2023-01-27,1.0894432638019425,1.083881614543531,1.09015590906669,1.0894432638019425,1.0894432638019425,0,-0.05711041346249851,0
2023-01-30,1.0871456162812232,1.085458102451899,1.0915004844906395,1.0871456162812232,1.0871456162812232,0,-0.04753273551050306,0
2023-01-31,1.085069463083472,1.0804152986433708,1.0868384182231505,1.085069463083472,1.085069463083472,0,-0.04295055701019645,1
2023-02-01,1.0860947353470376,1.0852931634914849,1.0924424816285538,1.0860947353470376,1.0860947353470376,0,0.021210387968934017,1
2023-02-02,1.1012852319597695,1.0887671592024852,1.102657418142855,1.1012852319597695,1.1012852319597695,0,0.31425440641136543,0
2023-02-03,1.0905125459977887,1.0811044741245484,1.0940679612416562,1.0905125459977887,1.0905125459977887,0,-0.22286065549699588,0
2023-02-06,1.0790862186313603,1.0718343361673086,1.0800302613154196,1.0790862186313603,1.0790862186313603,0,-0.23638290541398665,0
2023-02-07,1.0730764822425622,1.0669511663558766,1.0745997844679192,1.0730764822425622,1.0730764822425622,0,-0.12432682022835352,0
2023-02-08,1.0729728543984924,1.0716850118313728,1.0760208533838005,1.0729728543984924,1.0729728543984924,0,-0.0021438078988512276,0
2023-02-09,1.071581652550909,1.0711569252465059,1.079039649710563,1.071581652550909,1.071581652550909,0,-0.028780580514023723,1
2023-02-10,1.0742292662718635,1.0669284360780604,1.0751763328647188,1.0742292662718635,1.0742292662718635,0,0.05477268449458102,0
2023-02-13,1.0677714610263025,1.0657231524849984,1.072501086103526,1.0677714610263025,1.0677714610263025,0,-0.1335962744274642,1
2023-02-14,1.073041960280498,1.0709963719244122,1.0798436142428876,1.073041960280498,1.073041960280498,0,0.10903380296537012,1
2023-02-15,1.073571907627036,1.0665983794804803,1.0744600790736591,1.073571907627036,1.073571907627036,0,0.010963320888141824,0
2023-02-16,1.069175674065256,1.0655755259564048,1.0722250630036756,1.069175674065256,1.069175674065256,0,-0.09094737345485875,0
2023-02-17,1.0665756642315294,1.0613795542351834,1.06814780576348,1.0665756642315294,1.0665756642315294,0,-0.05378787591951825,1
2023-02-20,1.0684445273188903,1.0671561218428913,1.0705492235411618,1.0684445273188903,1.0684445273188903,0,0.038662229099901024,0
2023-02-21,1.0682619308619234,1.0644866153174968,1.06956446457503,1.0682619308619234,1.0682619308619234,0,-0.0037774763169254187,0
2023-02-22,1.0652009236913393,1.0619093335925884,1.06655288214771,1.0652009236913393,1.0652009236913393,0,-0.06332478890825724,0
2023-02-23,1.0605803778656937,1.0582010662104167,1.0630381692129431,1.0605803778656937,1.0605803778656937,0,-0.09558784829442452,0
2023-02-24,1.059804763949642,1.0537740699041993,1.06142461125832,1.059804763949642,1.059804763949642,0,-0.016045564342441913,0
2023-02-27,1.0554757770893048,1.0533522943095097,1.0618642354084156,1.0554757770893048,1.0554757770893048,0,-0.08955620285762238,1
2023-02-28,1.0611205673471784,1.0582346398371234,1.0645001910136833,1.0611205673471784,1.0611205673471784,0,0.1167769729343758,0
2023-03-01,1.0577309255937453,1.056568677906191,1.0691070652621018,1.0577309255937453,1.0577309255937453,0,-0.07012343864252021,1
2023-03-02,1.066894240708515,1.05834665633125,1.0672700351176112,1.066894240708515,1.066894240708515,0,0.1895666893298729,0
2023-03-03,1.0599732966236144,1.0591313025613263,1.06292515746162,1.0599732966236144,1.0599732966236144,0,-0.1431774898908668,1
2023-03-06,1.0626201861033973,1.062304156615948,1.0693814851571608,1.0626201861033973,1.0626201861033973,0,0.05475770170729539,1
2023-03-07,1.0688328542642838,1.057160673247103,1.0696331320988517,1.0688328542642838,1.0688328542642838,0,0.12852498472589863,0
2023-03-08,1.0550749318693993,1.0526648133010648,1.0573283659643846,1.0550749318693993,1.0550749318693993,0,-0.2846179322428696,0
2023-03-09,1.0549524623551187,1.0538518458030515,1.0586491792719197,1.0549524623551187,1.0549524623551187,0,-0.0025335962012891645,1
2023-03-10,1.0584698484452453,1.0575743715402501,1.0698619738313484,1.0584698484452453,1.0584698484452453,0,0.07276615808240641,1
2023-03-13,1.068364650696953,1.0652350105991963,1.0737217582877812,1.068364650696953,1.068364650696953,0,0.204699378002038,1
2023-03-14,1.072501086103526,1.0679653107028009,1.0747141221651793,1.072501086103526,1.072501086103526,0,0.08557278188403875,1
2023-03-15,1.072765727337884,1.0520335740933562,1.0760093285863912,1.072765727337884,1.072765727337884,0,0.005474783092041987,0
2023-03-16,1.0583354402623795,1.0555092444105663,1.0634564138710914,1.0583354402623795,1.0583354402623795,0,-0.29852752117777565,1
2023-03-17,1.061413397006773,1.0612106412433127,1.0669625657852144,1.061413397006773,1.061413397006773,0,0.06367543434087114,1
2023-03-20,1.0678855057143264,1.0632416239825995,1.0730534902315143,1.0678855057143264,1.0678855057143264,0,0.13389217824632133,1
2023-03-21,1.0719147324755187,1.070491913318389,1.0787253625790572,1.0719147324755187,1.0719147324755187,0,0.0833548959205205,1
2023-03-22,1.0774236824013967,1.0759514322918002,1.0801468702701529,1.0774236824013967,1.0774236824013967,0,0.11396676705458895,1
2023-03-23,1.0870392534235107,1.0868620047665318,1.0928997800939633,1.0870392534235107,1.0870392534235107,0,0.19892276341565382,0
2023-03-24,1.0835057887409847,1.0718917902208847,1.0839003811659729,1.0835057887409847,1.0835057887409847,0,-0.07309878502932256,0
2023-03-27,1.0778184956977435,1.0748065187390108,1.0795999926641942,1.0778184956977435,1.0778184956977435,0,-0.11765625212629825,1
2023-03-28,1.080707180629277,1.0804036099453809,1.0848999417884988,1.080707180629277,1.080707180629277,0,0.05975986115606378,1
2023-03-29,1.0839520627612893,1.0821339895154904,1.0871999327612727,1.0839520627612893,1.0839520627612893,0,0.0671287143710439,1
2023-03-30,1.0843634502673192,1.082696363885581,1.0923947527962101,1.0843634502673192,1.0843634502673192,0,0.008510606322384017,1
2023-03-31,1.0904649856506612,1.0860593706969974,1.0925856931532416,1.0904649856506612,1.0904649856506612,0,0.12622591801791372,0
2023-04-03,1.0803336221998907,1.0789348669869925,1.0915719976382219,1.0803336221998907,1.0803336221998907,0,-0.20959325350108488,1
2023-04-04,1.0912265203460685,1.088388008930155,1.0971649079686878,1.0912265203460685,1.0912265203460685,0,0.2253475530324312,1
2023-04-05,1.096010512994518,1.090536292284144,1.0969242384052442,1.096010512994518,1.096010512994518,0,0.09896916528421768,0
2023-04-06,1.090334162939332,1.0885538899907081,1.0930156243128837,1.090334162939332,1.090334162939332,0,-0.11742986833494867,1
2023-04-07,1.0920130011466087,1.0881037489059597,1.0925379518065228,1.0920130011466087,1.0920130011466087,0,0.03473107678693599,0
2023-04-10,1.0913575572952088,1.0832475727644448,1.09182226088704,1.0913575572952088,1.0913575572952088,0,-0.013559538157891791,0
2023-04-11,1.0869329113761674,1.0868029347252939,1.0926693039231905,1.0869329113761674,1.0869329113761674,0,-0.09153515598057513,1
2023-04-12,1.0917507149453263,1.0915243448368381,1.0998558871032822,1.0917507149453263,1.0917507149453263,0,0.09966863094940569,1
2023-04-13,1.0999890048410825,1.0981649420281498,1.1068999415449292,1.0999890048410825,1.0999890048410825,0,0.17043016874548647,1
2023-04-14,1.105460947625533,1.09780328314663,1.1075423873598278,1.105460947625533,1.105460947625533,0,0.11320117936125854,0
2023-04-17,1.0986596354752283,1.0910717442134663,1.0999043422683594,1.0986596354752283,1.0986596354752283,0,-0.1407025963075511,0
2023-04-18,1.0925379518065228,1.0922754134033756,1.0983458967943927,1.0925379518065228,1.0925379518065228,0,-0.12664273700800466,1
2023-04-19,1.0975382084196719,1.0918341979648165,1.0986596354752283,1.0975382084196719,1.0975382084196719,0,0.1034431404008636,0
2023-04-20,1.09521826563189,1.0934339216154119,1.098901067230959,1.09521826563189,1.09521826563189,0,-0.04799397032692442,1
2023-04-21,1.0970927318820185,1.0939722234919245,1.0992514218437845,1.0970927318820185,1.0970927318820185,0,0.03877814490136761,1
2023-04-24,1.0992272224830972,1.0968761171621473,1.1034238913682413,1.0992272224830972,1.0992272224830972,0,0.044157415911631824,1
2023-04-25,1.1059499897132221,1.0969242384052442,1.1068068370847095,1.1059499897132221,1.1059499897132221,0,0.13907769306067033,0
2023-04-26,1.097839416763387,1.0969242384052442,1.109410012678336,1.097839416763387,1.097839416763387,0,-0.16778801595401968,1
2023-04-27,1.104728231267074,1.0994206310699335,1.1065619193790617,1.104728231267074,1.104728231267074,0,0.14251280704804362,0
2023-04-28,1.1032048421237994,1.0965633961301753,1.1043744500661912,1.1032048421237994,1.1032048421237994,0,-0.031515213962922596,0
2023-05-01,1.101091166838399,1.0966956463305684,1.1035578742448287,1.101091166838399,1.101091166838399,0,-0.043726797687653585,0
2023-05-02,1.0969242384052442,1.0943553464411633,1.1005216537983318,1.0969242384052442,1.0969242384052442,0,-0.08620360839435207,1
2023-05-03,1.101091166838399,1.1005943539718304,1.105815498275617,1.101091166838399,1.101091166838399,0,0.08620360839435207,1
2023-05-04,1.106892638668236,1.0986838098513676,1.1091393039081898,1.106892638668236,1.106892638668236,0,0.12001833334860648,0
2023-05-05,1.1022927946839383,1.0971649079686878,1.1048002514990043,1.1022927946839383,1.1022927946839383,0,-0.0951595775781838,0
2023-05-08,1.1018676932506037,1.101248798878404,1.1053388092919472,1.1018676932506037,1.1018676932506037,0,-0.008794314103278997,0
2023-05-09,1.0996140356580506,1.0944032467552376,1.1001100358159008,1.0996140356580506,1.0996140356580506,0,-0.04662269095328058,0
2023-05-10,1.096467149510328,1.094283468144512,1.1004732164128117,1.096467149510328,1.096467149510328,0,-0.06510141594501001,1
2023-05-11,1.0984062283027953,1.0901321085094056,1.0998680004943016,1.0984062283027953,1.0984062283027953,0,0.04011482115739118,0
2023-05-12,1.0912145965520612,1.0855641560997478,1.0935176622631047,1.0912145965520612,1.0912145965520612,0,-0.1487773589351823,0
2023-05-15,1.0852696449906625,1.0848575697408234,1.0892059695275556,1.0852696449906625,1.0852696449906625,0,-0.12298657981371273,1
2023-05-16,1.087370173645797,1.085670230473362,1.090357972320329,1.087370173645797,1.087370173645797,0,0.04345482590188067,0
2023-05-17,1.086566789125405,1.0811629263263038,1.0875475881024073,1.086566789125405,1.086566789125405,0,-0.016620070562030766,0
2023-05-18,1.0838346308129632,1.0765421426461255,1.084951718750404,1.0838346308129632,1.0838346308129632,0,-0.0565217063396494,0
2023-05-19,1.0775397291496789,1.0761019480100067,1.0823916748074565,1.0775397291496789,1.0775397291496789,0,-0.13022619576211197,1
2023-05-22,1.082274510876535,1.0796571011493177,1.0830715583660697,1.082274510876535,1.082274510876535,0,0.09795111107911111,0
2023-05-23,1.0811044741245484,1.0763799019741505,1.0821339895154904,1.0811044741245484,1.0811044741245484,0,-0.02420521292680312,0
2023-05-24,1.0769711521549288,1.074968285415943,1.0799369644719023,1.0769711521549288,1.0769711521549288,0,-0.08550837245052109,0
2023-05-25,1.0757314969768084,1.0709963719244122,1.0754191337144718,1.0757314969768084,1.0757314969768084,0,-0.025645448735921623,0
2023-05-26,1.0724435667158765,1.0702054542203614,1.0757546728714285,1.0724435667158765,1.0724435667158765,0,-0.06801927539387372,0
2023-05-29,1.0723055864759188,1.0706294271698984,1.074575557086628,1.0723055864759188,1.0723055864759188,0,-0.002854475367715282,0
2023-05-30,1.0707669763556098,1.0673384083369017,1.074575557086628,1.0707669763556098,1.0707669763556098,0,-0.03183009893507773,1
2023-05-31,1.0733068685381386,1.0651669065912013,1.0738831298377565,1.0733068685381386,1.0733068685381386,0,0.052544188022166066,0
2023-06-01,1.0695187138503408,1.0664164134354914,1.0753994877864534,1.0695187138503408,1.0695187138503408,0,-0.07836770140948283,1
2023-06-02,1.0760787571498474,1.0718113288813627,1.0779346967722063,1.0760787571498474,1.0760787571498474,0,0.1357113309509201,0
2023-06-05,1.0698619738313484,1.0674751131405977,1.072271045564893,1.0698619738313484,1.0698619738313484,0,-0.12861011732200517,1
2023-06-06,1.0711799044461343,1.0667349625973597,1.0733068685381386,1.0711799044461343,1.0711799044461343,0,0.027264777024720913,0
2023-06-07,1.0698047371647244,1.0668829105834288,1.074021585142498,1.0698047371647244,1.0698047371647244,0,-0.028448864362578607,1
2023-06-08,1.0707440832051323,1.0702169232944958,1.0782833810757502,1.0707440832051323,1.0707440832051323,0,0.019432783527026872,1
2023-06-09,1.0782717384611884,1.0747718853749433,1.0787486676561338,1.0782717384611884,1.0782717384611884,0,0.1557288674932852,0
2023-06-12,1.075095446574109,1.0734335682290788,1.0789697691701976,1.075095446574109,1.075095446574109,0,-0.0657097491287273,1
2023-06-13,1.0762988344982662,1.0760556363051892,1.0822510532088843,1.0762988344982662,1.0762988344982662,0,0.02489516751359516,1
2023-06-14,1.0789348669869925,1.0775746103388282,1.0858352840729748,1.0789348669869925,1.0789348669869925,0,0.05453309698456006,1
2023-06-15,1.0843047215734307,1.0804269875942794,1.0938525392054406,1.0843047215734307,1.0843047215734307,0,0.11108922299236249,1
2023-06-16,1.0945948899511455,1.0920130011466087,1.097099906018258,1.0945948899511455,1.0945948899511455,0,0.21287854096234254,0
2023-06-19,1.0942115992893098,1.0911003400726789,1.0949304985547195,1.0942115992893098,1.0942115992893098,0,-0.007929350994177005,0
2023-06-20,1.0924305312463536,1.0894551489161532,1.0945229801851943,1.0924305312463536,1.0924305312463536,0,-0.03684596329446743,0
2023-06-21,1.0920368839056782,1.090667163507476,1.0961306700037776,1.0920368839056782,1.0920368839056782,0,-0.008143605474732727,1
2023-06-22,1.0992635219236924,1.0951103173833878,1.101115448338615,1.0992635219236924,1.0992635219236924,0,0.149501553411849,0
2023-06-23,1.0958903823254107,1.0845046213833478,1.0958903823254107,1.0958903823254107,1.0958903823254107,0,-0.06978204921307331,0
2023-06-26,1.090667163507476,1.0888146422235025,1.0921799891011255,1.090667163507476,1.090667163507476,0,-0.10805568580364736,1
2023-06-27,1.0910479746028476,1.0903223294969238,1.097610514943261,1.0910479746028476,1.0910479746028476,0,0.007878054798455738,1
2023-06-28,1.0957223294977558,1.0899657461381167,1.0962508533618536,1.0957223294977558,1.0957223294977558,0,0.09670102698447995,0
2023-06-29,1.0915838582220183,1.0862362873093923,1.0940679612416562,1.0915838582220183,1.0915838582220183,0,-0.08561489906244038,0
2023-06-30,1.0868029347252939,1.0836466666231759,1.0933741350777044,1.0868029347252939,1.0868029347252939,0,-0.09890567200429988,1
2023-07-03,1.0907504099769643,1.0871810517092213,1.093135125516711,1.0907504099769643,1.0907504099769643,0,0.0816636561439013,1
2023-07-04,1.0913099232144527,1.0890754487112242,1.09182226088704,1.0913099232144527,1.0913099232144527,0,0.01157496721857495,0
2023-07-05,1.0884946359062488,1.0865077511683838,1.09061958967307,1.0884946359062488,1.0884946359062488,0,-0.05824144295424465,0
2023-07-06,1.0856584277963288,1.0834353285520377,1.09015590906669,1.0856584277963288,1.0856584277963288,0,-0.058674243427629974,1
2023-07-07,1.0890636425746543,1.0868620047665318,1.096467149510328,1.0890636425746543,1.0890636425746543,0,0.07044560662809204,1
2023-07-10,1.0969723638707973,1.0944511512627222,1.0992755502433287,1.0969723638707973,1.0969723638707973,0,0.16361219647745254,1
2023-07-11,1.1005943539718304,1.0978635550572107,1.1025601712971473,1.1005943539718304,1.1005943539718304,0,0.07493016049745058,1
2023-07-12,1.101406476058028,1.1012852319597695,1.1125945514140452,1.101406476058028,1.101406476058028,0,0.016800829534282004,1
2023-07-13,1.1144544683754616,1.11306518827789,1.1196202429431865,1.1144544683754616,1.1144544683754616,0,0.26993120666893944,1
2023-07-14,1.1223470284176187,1.1206114236905307,1.1244799422626495,1.1223470284176187,1.1223470284176187,0,0.16327785946348264,1
2023-07-17,1.1227755333784348,1.1205486282923498,1.1251124796215561,1.1227755333784348,1.1227755333784348,0,0.008864724803844702,1
2023-07-18,1.1237596654846924,1.12200701109928,1.1275736704016293,1.1237596654846924,1.1237596654846924,0,0.020359298235393588,0
2023-07-19,1.1228890048849762,1.1176306242703054,1.1239743790468202,1.1228890048849762,1.1228890048849762,0,-0.01801184891613418,0
2023-07-20,1.1205234821683978,1.113312993529835,1.1229646151892714,1.1205234821683978,1.1205234821683978,0,-0.04893690812767062,0
2023-07-21,1.113709785451156,1.1109629581363663,1.1147029667447133,1.113709785451156,1.113709785451156,0,-0.14095880285765253,0
2023-07-24,1.1125326512557756,1.1068803700523209,1.114504144378144,1.1125326512557756,1.1125326512557756,0,-0.024352041757853025,0
2023-07-25,1.1063170370893995,1.1022077047117345,1.1088933529583185,1.1063170370893995,1.1063170370893995,0,-0.12858593040990143,0
2023-07-26,1.1050456272517064,1.1038380660074427,1.1086474378031816,1.1050456272517064,1.1050456272517064,0,-0.026302375362432153,1
2023-07-27,1.107836822761993,1.0984906603960682,1.1152001478317457,1.107836822761993,1.107836822761993,0,0.05774304228658409,0
2023-07-28,1.0978756246021748,1.094702736604158,1.104679422892927,1.0978756246021748,1.0978756246021748,0,-0.20607294775576773,1
2023-07-31,1.1024264305584441,1.1006185413623417,1.104545167560248,1.1024264305584441,1.1024264305584441,0,0.09414510012016875,0
2023-08-01,1.0997591337599157,1.0954462421754498,1.1002310212756246,1.0997591337599157,1.0997591337599157,0,-0.055179879467662285,1
2023-08-02,1.1007881717677221,1.0919772500400446,1.1007033139226188,1.1007881717677221,1.1007881717677221,0,0.021288292052736184,0
2023-08-03,1.094415168945598,1.0913575572952088,1.0953982505193232,1.094415168945598,1.094415168945598,0,-0.13184191866682998,1
2023-08-04,1.095158283812389,1.0936252254509655,1.1040939859668613,1.095158283812389,1.095158283812389,0,0.015373238104875854,1
2023-08-07,1.1002673870438608,1.0966114899377044,1.1012002974653095,1.1002673870438608,1.1002673870438608,0,0.10569491203828588,1
2023-08-08,1.100315806311496,1.0930992296802102,1.1009820578393676,1.100315806311496,1.100315806311496,0,0.0010016768113287992,0
2023-08-09,1.0958903823254107,1.095590242378507,1.099432662828062,1.0958903823254107,1.0958903823254107,0,-0.09155125229416278,1
2023-08-10,1.0977671519083543,1.096803907361828,1.1058399156996597,1.0977671519083543,1.0977671519083543,0,0.03882579525178372,1
2023-08-11,1.0981649420281498,1.095182304348269,1.1004369092164028,1.0981649420281498,1.0981649420281498,0,0.008229309492613216,0
2023-08-14,1.0944391568941212,1.087748685505347,1.0960345709299077,1.0944391568941212,1.0944391568941212,0,-0.07707742712829589,0
2023-08-15,1.0909884486899333,1.0900845813396842,1.0949664433034367,1.0909884486899333,1.0909884486899333,0,-0.07138675489364944,0
2023-08-16,1.0904174294518365,1.0897757203278002,1.0934697681694052,1.0904174294518365,1.0904174294518365,0,-0.011812998369465371,0
2023-08-17,1.0874884435179308,1.0862362873093923,1.0917269157423082,1.0874884435179308,1.0874884435179308,0,-0.06059359081620122,0
2023-08-18,1.0874647592904378,1.084645759139463,1.0895619850957217,1.0874647592904378,1.0874647592904378,0,-0.0004899690274697106,1
2023-08-21,1.0875594318912114,1.0870628486848342,1.0913575572952088,1.0875594318912114,1.0875594318912114,0,0.001958545709070453,1
2023-08-22,1.0898351139742255,1.083400136874612,1.0931996584845751,1.0898351139742255,1.0898351139742255,0,0.04707832406079337,0
2023-08-23,1.0846692506077387,1.080298562166045,1.0870510157093274,1.0846692506077387,1.0846692506077387,0,-0.10686914109686807,1
2023-08-24,1.0865786115612108,1.0815487718258658,1.0876895190467044,1.0865786115612108,1.0865786115612108,0,0.03950003139170077,0
2023-08-25,1.079913608023635,1.0766696764513548,1.0839755942260645,1.079913608023635,1.079913608023635,0,-0.1378827028390284,0
2023-08-28,1.0797386753269471,1.0799369644719023,1.0821339895154904,1.0797386753269471,1.0797386753269471,0,-0.0036189317677396966,1
2023-08-29,1.0825556631121374,1.0783531727323172,1.085670230473362,1.0825556631121374,1.0825556631121374,0,0.058276621684708825,1
2023-08-30,1.0869210812292824,1.0856112899014603,1.0945469728601254,1.0869210812292824,1.0869210812292824,0,0.09030987689968181,1
2023-08-31,1.0932546528539235,1.08371715430404,1.0939722234919245,1.0932546528539235,1.0932546528539235,0,0.13102618315304113,0
2023-09-01,1.084410479858225,1.0785857612826062,1.0880801084369387,1.084410479858225,1.084410479858225,0,-0.18296441556974405,0
2023-09-04,1.077586237903725,1.0774004345379937,1.0809058256897668,1.077586237903725,1.077586237903725,0,-0.14117695815299855,1
2023-09-05,1.0794473161921512,1.0707554954891247,1.079913608023635,1.0794473161921512,1.0794473161921512,0,0.03850118055549448,0
2023-09-06,1.0726161433907635,1.0705147956869343,1.0748180866421506,1.0726161433907635,1.0726161433907635,0,-0.14132034050778017,0
2023-09-07,1.0724205332680996,1.0687642894500302,1.0734220987873435,1.0724205332680996,1.0724205332680996,0,-0.00404669738935814,0
2023-09-08,1.069781885140942,1.0695072597360913,1.0742061560561922,1.069781885140942,1.069781885140942,0,-0.0545872081781308,1
2023-09-11,1.0718113288813627,1.0711455044039493,1.0756852171516784,1.0718113288813627,1.0718113288813627,0,0.041984252012974156,1
2023-09-12,1.0750376485806956,1.0706179492528394,1.0762641048955561,1.0750376485806956,1.0750376485806956,0,0.06674470281355972,1
2023-09-13,1.0753266317873151,1.0717424498770263,1.0765421426461255,1.0753266317873151,1.0753266317873151,0,0.0059783592580478565,0
2023-09-14,1.0734220987873435,1.0655073784022904,1.075500137665066,1.0734220987873435,1.0734220987873435,0,-0.03940015278337254,0
2023-09-15,1.0637166098126325,1.0634677387456555,1.0687642894500302,1.0637166098126325,1.0637166098126325,0,-0.20078294702515004,1
2023-09-18,1.066825992219017,1.065632310963219,1.069816197651689,1.066825992219017,1.066825992219017,0,0.0643255548080862,1
2023-09-19,1.0692671207365936,1.067634680314125,1.0719262382147614,1.0692671207365936,1.0692671207365936,0,0.05050100815149693,0
2023-09-20,1.0682048652644713,1.067577681709538,1.072696657029976,1.0682048652644713,1.0682048652644713,0,-0.021975480549412132,0
2023-09-21,1.0653030556729721,1.0619093335925884,1.0673611560866922,1.0653030556729721,1.0653030556729721,0,-0.06003137842979285,1
2023-09-22,1.066154895181108,1.0615260203397585,1.0671561218428913,1.066154895181108,1.066154895181108,0,0.017622486335476903,0
2023-09-25,1.0648492931096245,1.0577309255937453,1.0655414849266596,1.0648492931096245,1.0648492931096245,0,-0.027009729467277296,0
2023-09-26,1.0591649352422763,1.05681433005908,1.0608953824043246,1.0591649352422763,1.0591649352422763,0,-0.11759553048029256,0
2023-09-27,1.0569483521343441,1.0509058582878241,1.057373079679665,1.0569483521343441,1.0569483521343441,0,-0.045855710093167794,0
2023-09-28,1.0505305120176087,1.0491858392690752,1.057865246966771,1.0505305120176087,1.0505305120176087,0,-0.13276949317360243,1
2023-09-29,1.0562450653428717,1.0558547325717458,1.0617965617144771,1.0562450653428717,1.0562450653428717,0,0.11822020101906583,1
2023-10-02,1.0565240321959541,1.0492738983016079,1.05909767201625,1.0565240321959541,1.0565240321959541,0,0.005771145279766926,0
2023-10-03,1.048075216560587,1.044986666734766,1.0494280700035885,1.048075216560587,1.048075216560587,0,-0.17478543394993334,0
2023-10-04,1.047230047581346,1.0453690039027148,1.05324133248223,1.047230047581346,1.047230047581346,0,-0.017484489326443683,1
2023-10-05,1.0507070966688186,1.0500892442315153,1.0536852539410317,1.0507070966688186,1.0507070966688186,0,0.07193168366404959,1
2023-10-06,1.0546631863292466,1.0483938415700271,1.0598160111836092,1.0546631863292466,1.0546631863292466,0,0.08184186729655402,1
2023-10-09,1.0567472984855395,1.0521442815719335,1.0576414414098645,1.0567472984855395,1.0567472984855395,0,0.043115208493025664,1
2023-10-10,1.0578875927089992,1.0555983681440786,1.0619544356076327,1.0578875927089992,1.0578875927089992,0,0.023589912394786684,1
2023-10-11,1.0604791493722887,1.0592771487810957,1.0633547030418828,1.0604791493722887,1.0604791493722887,0,0.053613000395316836,1
2023-10-12,1.0624282718167821,1.0545964273546609,1.0639089898676608,1.0624282718167821,1.0624282718167821,0,0.04032259987497479,0
2023-10-13,1.053674136454602,1.0496153159656778,1.0558547325717458,1.053674136454602,1.053674136454602,0,-0.18110175605324685,0
2023-10-16,1.052155366798137,1.0516352727355924,1.055464688187082,1.052155366798137,1.052155366798137,0,-0.031419648023094514,1
2023-10-17,1.0554312236912289,1.0533411838480808,1.059500509756095,1.0554312236912289,1.0554312236912289,0,0.06776950679573966,1
2023-10-18,1.0573059772089435,1.0527091334408514,1.0595465449261656,1.0573059772089435,1.0573059772089435,0,0.038784087768613654,0
2023-10-19,1.0538518458030515,1.0528865174022448,1.0585370987333556,1.0538518458030515,1.0538518458030515,0,-0.07145757260599775,1
2023-10-20,1.0586491792719197,1.056579856558394,1.060108121169108,1.0586491792719197,1.0586491792719197,0,0.09924515439166016,1
2023-10-23,1.058996726349162,1.0571830558491961,1.0647359635406404,1.058996726349162,1.058996726349162,0,0.007189903216675235,1
2023-10-24,1.0669853653746624,1.0584250419244983,1.0690499093387,1.0669853653746624,1.0669853653746624,0,0.16526549980526373,0
2023-10-25,1.05953530341083,1.0566803419677646,1.0606703600726257,1.05953530341083,1.05953530341083,0,-0.15412365111287948,0
2023-10-26,1.0567250008896734,1.0526315921561542,1.0569707257465606,1.0567250008896734,1.0567250008896734,0,-0.058138319841512354,0
2023-10-27,1.0564459279121108,1.053629735024043,1.0597710906228743,1.0564459279121108,1.0564459279121108,0,-0.005773340736989125,0
2023-10-30,1.0562450653428717,1.0548411631610222,1.0625998609017244,1.0562450653428717,1.0562450653428717,0,-0.00415535772632985,1
2023-10-31,1.061503520625943,1.0567584809177462,1.0669056389214784,1.061503520625943,1.061503520625943,0,0.10878464251374745,0
2023-11-01,1.057910006103224,1.0522882097318818,1.058077869921227,1.057910006103224,1.057910006103224,0,-0.07434107008201413,1
2023-11-02,1.0587052284421976,1.0584250419244983,1.067008098078259,1.0587052284421976,1.0587052284421976,0,0.016451214892457024,1
2023-11-03,1.0619093335925884,1.061548588175006,1.0736998380415332,1.0619093335925884,1.0619093335925884,0,0.06628513785860916,1
2023-11-06,1.073214729610558,1.0723400610721665,1.0757002524852768,1.073214729610558,1.073214729610558,0,0.23388113012017817,0
2023-11-07,1.0721561308142729,1.066473288102616,1.0721561308142729,1.0721561308142729,1.0721561308142729,0,-0.021899832825450487,0
2023-11-08,1.0696102192140375,1.0660639800446474,1.0716046499774339,1.0696102192140375,1.0696102192140375,0,-0.05266871512529672,1
2023-11-09,1.071042249158489,1.06814780576348,1.0728002315279888,1.071042249158489,1.071042249158489,0,0.029625214476510984,0
2023-11-10,1.06675768463216,1.0657685790540834,1.069255672010603,1.06675768463216,1.06675768463216,0,-0.08863721287585734,1
2023-11-13,1.0690156459643156,1.06655288214771,1.0705492235411618,1.0690156459643156,1.0690156459643156,0,0.04671172485181625,1
2023-11-14,1.0701825850741782,1.06935858305215,1.0867202896881631,1.0701825850741782,1.0701825850741782,0,0.024141130249862836,1
2023-11-15,1.087831487041375,1.0832945056103047,1.0887316203060207,1.087831487041375,1.087831487041375,0,0.36511283027213537,0
2023-11-16,1.085458102451899,1.0830950516163003,1.0893957966759213,1.085458102451899,1.085458102451899,0,-0.049099551144794994,0
2023-11-17,1.0853756618137969,1.0825205285564103,1.0892297296612972,1.0853756618137969,1.0853756618137969,0,-0.0017054961698387927,1
2023-11-20,1.0907028288801806,1.0897995053256062,1.0945110556458122,1.0907028288801806,1.0907028288801806,0,0.1102061220893499,1
2023-11-21,1.0945948899511455,1.0922993076420708,1.096731707068347,1.0945948899511455,1.0945948899511455,0,0.08051727160438858,0
2023-11-22,1.09182226088704,1.085458102451899,1.0922515913191824,1.09182226088704,1.09182226088704,0,-0.05735894769951615,0
2023-11-23,1.0890873258015012,1.0888027710799744,1.0927051003602553,1.0890873258015012,1.0890873258015012,0,-0.0565791510173046,1
2023-11-24,1.0906315004671707,1.0895619850957217,1.094415168945598,1.0906315004671707,1.0906315004671707,0,0.0319452158363741,1
2023-11-27,1.0940439895619491,1.0925856931532416,1.0959264617140076,1.0940439895619491,1.0940439895619491,0,0.07059609453229015,1
2023-11-28,1.0958423517465616,1.0935056883463528,1.1007154459874002,1.0958423517465616,1.0958423517465616,0,0.03720373699727312,1
2023-11-29,1.1005943539718304,1.096118638794587,1.101685576273556,1.1005943539718304,1.1005943539718304,0,0.09830736128242674,0
2023-11-30,1.0973695780914559,1.0894908058147421,1.0985389234103573,1.0973695780914559,1.0973695780914559,0,-0.06671276495644006,0
2023-12-01,1.0892059695275556,1.0831537192716307,1.091345630637373,1.0892059695275556,1.0892059695275556,0,-0.16888519373836708,0
2023-12-04,1.0888146422235025,1.0805670659481357,1.0887316203060207,1.0888146422235025,1.0888146422235025,0,-0.008095609563196495,0
2023-12-05,1.0837758893750182,1.078260096098043,1.0848339999681866,1.0837758893750182,1.0837758893750182,0,-0.10423953382319659,0
2023-12-06,1.0793657860312424,1.0773192132723608,1.0803686149391605,1.0793657860312424,1.0793657860312424,0,-0.09123430549001632,0
2023-12-07,1.0766696764513548,1.0757661922143795,1.0796804465032852,1.0766696764513548,1.0766696764513548,0,-0.05577594579346764,1
2023-12-08,1.0792143559584835,1.0731456014741505,1.0800535532802285,1.0792143559584835,1.0792143559584835,0,0.05264322611741599,0
2023-12-11,1.0765768901952553,1.0743215794917296,1.0779346967722063,1.0765768901952553,1.0765768901952553,0,-0.054562747945902844,1
2023-12-12,1.0766580686580316,1.0761829858282694,1.0822042107309644,1.0766580686580316,1.0766580686580316,0,0.0016793848340535323,1
2023-12-13,1.0798669676635595,1.0774004345379937,1.0808240054382585,1.0798669676635595,1.0798669676635595,0,0.0663843110547811,1
2023-12-14,1.0886130798905314,1.0880209059192776,1.1004126576325592,1.0886130798905314,1.0886130798905314,0,0.18093577691137347,1
2023-12-15,1.0993601880781403,1.090227175282905,1.1005943539718304,1.0993601880781403,1.0993601880781403,0,0.2223315135928523,0
2023-12-18,1.0895263942926878,1.0894551489161532,1.0930036613880858,1.0895263942926878,1.0895263942926878,0,-0.2034372613090873,1
2023-12-19,1.0923828034582062,1.091607722213518,1.098799660166998,1.0923828034582062,1.0923828034582062,0,0.05909215410545511,1
2023-12-20,1.0981046370220848,1.093565489272187,1.0979720468044072,1.0981046370220848,1.0981046370220848,0,0.11837081143839892,0
2023-12-21,1.0945708951754882,1.0936252254509655,1.0999768887845698,1.0945708951754882,1.0945708951754882,0,-0.07310451887941978,1
2023-12-22,1.1006185413623417,1.0994206310699335,1.104057439465995,1.1006185413623417,1.1006185413623417,0,0.1251110816905555,1
2023-12-25,1.102657418142855,1.0999890048410825,1.104240268847484,1.102657418142855,1.102657418142855,0,0.04217939865567639,0
2023-12-26,1.1020255477197456,1.1009578544689869,1.1039964855763733,1.1020255477197456,1.1020255477197456,0,-0.01307186129627378,1
2023-12-27,1.1043012496603613,1.1029249716958793,1.112248102450408,1.1043012496603613,1.1043012496603613,0,0.047078734866243054,1
2023-12-28,1.1108642408552027,1.1071009545348125,1.1139454521008627,1.1108642408552027,1.1108642408552027,0,0.13577231573122484,0
2023-12-29,1.106819104070597,1.1043256729474038,1.1086474378031816,1.106819104070597,1.106819104070597,0,-0.0836840355853538,0
