time,open,high,low,close,tick_volume,spread,real_volume
1683079200,1.10061,1.10138,1.1005,1.10108,848,0,0
1683082800,1.10108,1.10206,1.10049,1.10173,1254,0,0
1683086400,1.10174,1.10242,1.10129,1.10228,1523,0,0
1683090000,1.10228,1.1025800000000001,1.1019700000000001,1.10253,1189,0,0
1683093600,1.10253,1.10299,1.10251,1.10295,805,0,0
1683097200,1.10295,1.10296,1.10214,1.10218,1156,0,0
1683100800,1.10218,1.10265,1.10184,1.10201,1554,0,0
1683104400,1.102,1.1031900000000001,1.10143,1.10308,2387,0,0
1683108000,1.10308,1.10413,1.10261,1.10345,3788,0,0
1683111600,1.10345,1.10469,1.10344,1.10397,3052,0,0
1683115200,1.10395,1.1047,1.10367,1.10405,2573,0,0
1683118800,1.10405,1.10407,1.10297,1.1033,2341,0,0
1683122400,1.10329,1.10437,1.1032,1.10396,2316,0,0
1683126000,1.10396,1.10437,1.10216,1.10385,5085,0,0
1683129600,1.10387,1.10435,1.10288,1.10315,4082,0,0
1683133200,1.10315,1.10594,1.10315,1.10528,5564,0,0
1683136800,1.10528,1.10587,1.10478,1.10478,3906,0,0
1683140400,1.10478,1.10529,1.10444,1.1047,2401,0,0
1683144000,1.1047,1.10534,1.10418,1.10493,1919,0,0
1683147600,1.10493,1.10916,1.10373,1.10601,14446,0,0
1683151200,1.10601,1.10638,1.10406,1.10547,8627,0,0
1683154800,1.1054599999999999,1.1060699999999999,1.10516,1.106,1267,0,0
1683158400,1.10606,1.10663,1.10527,1.10615,655,2,0
1683162000,1.10614,1.10783,1.10614,1.10679,2639,1,0
1683165600,1.10676,1.10727,1.10642,1.1068500000000001,1274,0,0
1683169200,1.10687,1.10873,1.10686,1.10758,2263,0,0
1683172800,1.10758,1.10842,1.10713,1.10815,2550,0,0
1683176400,1.10815,1.10877,1.10802,1.1084100000000001,2144,0,0
1683180000,1.10842,1.10858,1.10802,1.10813,1322,0,0
1683183600,1.10813,1.10874,1.10795,1.10815,1058,0,0
1683187200,1.10815,1.10878,1.108,1.10838,1468,0,0
1683190800,1.1084100000000001,1.10918,1.10727,1.10751,3796,0,0
1683194400,1.10752,1.10768,1.10522,1.1058,4456,0,0
1683198000,1.10581,1.10581,1.10371,1.10401,3781,0,0
1683201600,1.10403,1.10562,1.10366,1.10552,3191,0,0
1683205200,1.1055,1.10634,1.10491,1.10606,2854,0,0
1683208800,1.10606,1.10767,1.10601,1.10745,3193,0,0
1683212400,1.10745,1.10837,1.10013,1.10095,10193,0,0
1683216000,1.10094,1.10555,1.10029,1.10239,10318,0,0
1683219600,1.1024,1.10382,1.09862,1.10002,9907,0,0
1683223200,1.10007,1.10135,1.09953,1.10083,6569,0,0
1683226800,1.10082,1.10306,1.10081,1.10247,4433,0,0
1683230400,1.10248,1.10316,1.1020699999999999,1.10216,3078,0,0
1683234000,1.10216,1.10226,1.10113,1.10158,2580,0,0
1683237600,1.10158,1.10201,1.1013600000000001,1.10147,1674,0,0
1683241200,1.10147,1.10155,1.10125,1.10138,817,0,0
1683244800,1.10105,1.10141,1.10087,1.10137,328,14,0
1683248400,1.10127,1.10214,1.10095,1.10213,745,1,0
1683252000,1.10213,1.10244,1.10194,1.10228,658,0,0
1683255600,1.10228,1.10296,1.10189,1.1025,1051,0,0
1683259200,1.1025,1.10371,1.1025,1.10354,1500,0,0
1683262800,1.10354,1.10371,1.10273,1.10312,1416,0,0
1683266400,1.10312,1.10446,1.1031,1.1044,1313,0,0
1683270000,1.1044100000000001,1.1045,1.10406,1.10418,827,0,0
1683273600,1.10418,1.10464,1.10382,1.104,2107,0,0
1683277200,1.10399,1.10469,1.10301,1.10456,2798,0,0
1683280800,1.10454,1.10479,1.10257,1.10269,3594,0,0
1683284400,1.10269,1.1031900000000001,1.10241,1.10283,3051,0,0
1683288000,1.10283,1.1031900000000001,1.1022,1.10274,2240,0,0
1683291600,1.10275,1.10311,1.10215,1.10249,1765,0,0
1683295200,1.1025,1.1025800000000001,1.10086,1.10095,2187,0,0
1683298800,1.10094,1.10186,1.09667,1.09759,8429,0,0
1683302400,1.0976,1.09962,1.0976,1.09914,7106,0,0
1683306000,1.09914,1.1008,1.09854,1.10069,5118,0,0
1683309600,1.10069,1.10269,1.1005,1.10248,4139,0,0
1683313200,1.10248,1.10367,1.10212,1.10322,2620,0,0
1683316800,1.10322,1.10347,1.10096,1.10116,2542,0,0
1683320400,1.10116,1.1027,1.10108,1.10265,2004,0,0
1683324000,1.10265,1.10265,1.10167,1.10183,1960,0,0
1683327600,1.10183,1.10198,1.10167,1.10182,932,0,0
1683504000,1.10226,1.10226,1.10158,1.10208,482,19,0
1683507600,1.10209,1.10225,1.10142,1.10162,951,1,0
1683511200,1.10162,1.10217,1.10142,1.10182,842,0,0
1683514800,1.10183,1.10253,1.10167,1.10242,1540,0,0
1683518400,1.10243,1.10321,1.10187,1.10313,1486,0,0
1683522000,1.10313,1.10371,1.10281,1.1032,1460,0,0
1683525600,1.1032,1.10399,1.10314,1.1039,996,0,0
1683529200,1.10391,1.10443,1.10386,1.10436,1163,0,0
1683532800,1.10438,1.10445,1.10368,1.1039,1401,0,0
1683536400,1.1039,1.10506,1.10375,1.10483,1902,0,0
1683540000,1.10483,1.1050200000000001,1.10383,1.10494,2908,0,0
1683543600,1.10493,1.10538,1.10359,1.10362,3319,0,0
1683547200,1.10366,1.10392,1.1023,1.10361,2939,0,0
1683550800,1.10361,1.10503,1.10355,1.1048,2153,0,0
1683554400,1.10481,1.10515,1.10302,1.1035,2557,0,0
1683558000,1.1035,1.10411,1.1032,1.10371,3093,0,0
1683561600,1.10371,1.10444,1.10336,1.10434,2991,0,0
1683565200,1.10435,1.1044100000000001,1.1013,1.10159,3585,0,0
1683568800,1.10159,1.10235,1.10117,1.10198,2535,0,0
1683572400,1.10198,1.10292,1.10189,1.10272,1701,0,0
1683576000,1.10275,1.10293,1.10133,1.10157,1287,0,0
1683579600,1.10156,1.10156,1.10051,1.10057,2345,0,0
1683583200,1.1006,1.10078,1.10002,1.10019,1517,0,0
1683586800,1.10018,1.10046,1.10001,1.10043,791,0,0
1683590400,1.10033,1.1005,1.09978,1.10039,1873,10,0
1683594000,1.10039,1.10039,1.1001,1.10013,653,2,0
1683597600,1.10013,1.1002399999999999,1.09953,1.09964,595,0,0
1683601200,1.09964,1.09974,1.0985,1.09898,2233,0,0
1683604800,1.09898,1.09949,1.09871,1.09876,1369,0,0
1683608400,1.09876,1.09926,1.0985,1.09905,1108,0,0
1683612000,1.09906,1.0994,1.09881,1.09938,972,0,0
1683615600,1.0994,1.09954,1.09885,1.09889,915,0,0
1683619200,1.09887,1.09943,1.09846,1.09942,1520,0,0
1683622800,1.09942,1.10008,1.09873,1.09943,3040,0,0
1683626400,1.09943,1.10003,1.09728,1.09782,4435,0,0
1683630000,1.09781,1.09863,1.09743,1.09789,3393,0,0
1683633600,1.09789,1.09844,1.09778,1.09842,2333,0,0
1683637200,1.09842,1.09843,1.09774,1.09799,1988,0,0
1683640800,1.09799,1.09828,1.09591,1.09636,2492,0,0
1683644400,1.09638,1.09672,1.09499,1.09501,3482,0,0
1683648000,1.09501,1.09636,1.09411,1.0962,4497,0,0
1683651600,1.09621,1.09645,1.09533,1.0956,4348,0,0
1683655200,1.0956,1.09603,1.0951,1.09529,2798,0,0
1683658800,1.09528,1.09608,1.09493,1.0955300000000001,2205,0,0
1683662400,1.0955300000000001,1.09647,1.09544,1.09638,2036,0,0
1683666000,1.09638,1.09725,1.09613,1.09666,1933,0,0
1683669600,1.09666,1.09699,1.09615,1.09628,1422,0,0
1683673200,1.09627,1.09639,1.09595,1.09604,747,0,0
1683676800,1.09606,1.09635,1.0945,1.09461,1582,12,0
1683680400,1.09585,1.09672,1.09572,1.0965,1175,1,0
1683684000,1.0965,1.09689,1.09639,1.09646,606,0,0
1683687600,1.09646,1.09721,1.09645,1.09692,1360,0,0
1683691200,1.09693,1.09741,1.09682,1.09713,1505,0,0
1683694800,1.09713,1.09749,1.09703,1.09743,932,0,0
1683698400,1.09744,1.09773,1.09727,1.09761,811,0,0
1683702000,1.0976,1.09772,1.0971899999999999,1.09722,868,0,0
1683705600,1.09722,1.09725,1.09624,1.09668,1538,0,0
1683709200,1.09669,1.09752,1.09644,1.09697,2508,0,0
1683712800,1.09696,1.09825,1.09628,1.09648,3601,0,0
1683716400,1.09646,1.09648,1.09501,1.09521,3859,0,0
1683720000,1.09518,1.09593,1.09479,1.09568,2439,0,0
1683723600,1.09567,1.09605,1.09516,1.09549,2318,0,0
1683727200,1.09549,1.09551,1.09459,1.0949200000000001,2552,0,0
1683730800,1.09491,1.10058,1.09417,1.10008,8315,0,0
1683734400,1.10007,1.10063,1.09723,1.0986,7777,0,0
1683738000,1.0986,1.1007,1.09642,1.09723,7823,0,0
1683741600,1.09723,1.098,1.09652,1.09652,3790,0,0
1683745200,1.09652,1.09755,1.0965,1.09704,2384,0,0
1683748800,1.09704,1.09727,1.09617,1.0967500000000001,3064,0,0
1683752400,1.09676,1.09826,1.09676,1.09769,2033,0,0
1683756000,1.09769,1.09849,1.09759,1.09825,1557,0,0
1683759600,1.09824,1.09845,1.09806,1.0983,587,1,0
1683763200,1.09818,1.09826,1.09771,1.09813,1007,11,0
1683766800,1.09814,1.09864,1.09814,1.0985800000000001,728,1,0
1683770400,1.09862,1.09873,1.0982,1.09827,418,0,0
1683774000,1.09827,1.09931,1.09825,1.09927,1479,0,0
1683777600,1.09927,1.09981,1.0984099999999999,1.09845,2093,0,0
1683781200,1.09845,1.09851,1.09751,1.09806,1791,0,0
1683784800,1.09806,1.09818,1.0973600000000001,1.09744,857,0,0
1683788400,1.09744,1.09763,1.09697,1.09754,1010,0,0
1683792000,1.09754,1.09824,1.09744,1.09784,1200,0,0
1683795600,1.09784,1.09792,1.09292,1.09305,3717,0,0
1683799200,1.09305,1.09387,1.09242,1.09302,5658,0,0
1683802800,1.09301,1.09366,1.09182,1.09285,4934,0,0
1683806400,1.09286,1.09346,1.09238,1.09279,2694,0,0
1683810000,1.09279,1.09311,1.0918,1.09226,3005,0,0
1683813600,1.09225,1.09384,1.09215,1.09316,5351,0,0
1683817200,1.09316,1.0948,1.0926,1.09329,7593,0,0
1683820800,1.09329,1.09332,1.09009,1.09016,7897,0,0
1683824400,1.09016,1.09212,1.09002,1.09175,6189,0,0
1683828000,1.09175,1.09201,1.09093,1.09155,3647,0,0
1683831600,1.09156,1.09291,1.09156,1.09252,2609,0,0
1683835200,1.09253,1.0925799999999999,1.09108,1.09128,2048,0,0
1683838800,1.09128,1.09188,1.09118,1.09187,1708,0,0
1683842400,1.09187,1.09217,1.09163,1.09172,1236,0,0
1683846000,1.09169,1.09176,1.0915,1.09165,587,0,0
1683849600,1.09149,1.09189,1.09141,1.0915300000000001,678,8,0
1683853200,1.09142,1.09187,1.09142,1.09165,756,1,0
1683856800,1.09165,1.09174,1.09115,1.09124,519,0,0
1683860400,1.09124,1.09215,1.09124,1.09214,1324,0,0
1683864000,1.09214,1.09241,1.09171,1.09241,1766,0,0
1683867600,1.09241,1.09253,1.09177,1.09186,1431,0,0
1683871200,1.09188,1.09225,1.0915,1.09223,1160,0,0
1683874800,1.09222,1.09269,1.09217,1.09262,1143,0,0
1683878400,1.09263,1.09305,1.09217,1.09243,1352,0,0
1683882000,1.09241,1.09345,1.09196,1.09288,3380,0,0
1683885600,1.09286,1.09356,1.09063,1.09078,4707,0,0
1683889200,1.09077,1.0914,1.09045,1.09135,3596,0,0
1683892800,1.09135,1.09174,1.0899,1.0911,3245,0,0
1683896400,1.0911,1.09149,1.09053,1.09055,2443,0,0
1683900000,1.09053,1.09059,1.08893,1.0892,2947,0,0
1683903600,1.08922,1.08951,1.08814,1.08869,3975,0,0
1683907200,1.08869,1.08944,1.08795,1.0889199999999999,4905,0,0
1683910800,1.08888,1.08975,1.08615,1.08624,7418,0,0
1683914400,1.08623,1.08649,1.08542,1.08557,3740,0,0
1683918000,1.08556,1.0857,1.08486,1.08519,2473,0,0
1683921600,1.08517,1.08568,1.08503,1.08546,2506,0,0
1683925200,1.08546,1.08546,1.08488,1.08531,2682,0,0
1683928800,1.08531,1.08551,1.08507,1.08518,2201,0,0
1683932400,1.0852,1.08521,1.08478,1.08498,895,0,0
1684108800,1.0853,1.08549,1.08517,1.08528,253,15,0
1684112400,1.08534,1.08534,1.08454,1.085,1238,1,0
1684116000,1.08502,1.08533,1.08477,1.08529,897,0,0
1684119600,1.08529,1.08556,1.08481,1.0853,1545,0,0
1684123200,1.0853,1.08643,1.08523,1.08632,2047,0,0
1684126800,1.08632,1.08632,1.08552,1.0855299999999999,1324,0,0
1684130400,1.08554,1.08622,1.08548,1.08598,950,0,0
1684134000,1.08598,1.08636,1.08574,1.08631,762,0,0
1684137600,1.08631,1.08693,1.08619,1.0867499999999999,1511,0,0
1684141200,1.0867499999999999,1.08721,1.08601,1.08698,2924,0,0
1684144800,1.08697,1.08771,1.08648,1.0874,3438,0,0
1684148400,1.08739,1.08802,1.0866,1.08686,3210,0,0
1684152000,1.08686,1.08697,1.08556,1.0869,2920,0,0
1684155600,1.0869,1.08792,1.08667,1.08781,2490,0,0
1684159200,1.08781,1.08807,1.08734,1.08777,2528,0,0
1684162800,1.08776,1.0890900000000001,1.08737,1.08791,4385,0,0
1684166400,1.0879,1.0882,1.0872600000000001,1.08795,4194,0,0
1684170000,1.08795,1.08817,1.08646,1.08649,4613,0,0
1684173600,1.08649,1.08753,1.08639,1.08732,2804,0,0
1684177200,1.08732,1.08789,1.08678,1.08789,1898,0,0
1684180800,1.08789,1.08789,1.08749,1.08762,1609,0,0
1684184400,1.08763,1.08781,1.08737,1.08743,1392,0,0
1684188000,1.08744,1.0877,1.08737,1.08751,1495,0,0
1684191600,1.08751,1.08762,1.08728,1.08741,662,0,0
1684195200,1.0873599999999999,1.08754,1.08715,1.08746,275,2,0
1684198800,1.08747,1.08772,1.08744,1.08761,540,1,0
1684202400,1.08761,1.08761,1.08732,1.0873599999999999,393,0,0
1684206000,1.0873599999999999,1.0882,1.0873599999999999,1.08818,1186,0,0
1684209600,1.08818,1.08819,1.08751,1.08775,1287,0,0
1684213200,1.08774,1.08837,1.08683,1.08834,1593,0,0
1684216800,1.08835,1.08846,1.08798,1.08824,808,0,0
1684220400,1.08825,1.08835,1.08791,1.08822,777,0,0
1684224000,1.08822,1.08822,1.08694,1.08711,1691,0,0
1684227600,1.08713,1.08771,1.0863,1.08764,3920,0,0
1684231200,1.08764,1.08947,1.0872,1.08886,4413,0,0
1684234800,1.08885,1.08979,1.08877,1.08911,3150,0,0
1684238400,1.08911,1.09047,1.0889,1.08938,3274,0,0
1684242000,1.08938,1.08971,1.08902,1.08952,2185,0,0
1684245600,1.08951,1.08972,1.0885,1.08868,2487,0,0
1684249200,1.08869,1.08895,1.08681,1.08817,5442,0,0
1684252800,1.08817,1.0889199999999999,1.08737,1.08753,6227,0,0
1684256400,1.08752,1.08761,1.08597,1.0866500000000001,5434,0,0
1684260000,1.08664,1.08681,1.08549,1.08646,4287,0,0
1684263600,1.08646,1.08722,1.08639,1.08669,3009,0,0
1684267200,1.08672,1.08712,1.08616,1.0867,2047,0,0
1684270800,1.08672,1.08704,1.08644,1.08677,1758,0,0
1684274400,1.08677,1.08698,1.08582,1.08631,1824,0,0
1684278000,1.08628,1.08646,1.08605,1.08616,1090,0,0
1684281600,1.08617,1.08632,1.08573,1.08612,333,7,0
1684285200,1.08611,1.08639,1.08609,1.08624,619,0,0
1684288800,1.08624,1.08656,1.08607,1.08654,527,0,0
1684292400,1.08654,1.08718,1.08639,1.08705,1425,0,0
1684296000,1.08705,1.08711,1.08622,1.08699,1778,0,0
1684299600,1.08699,1.0873599999999999,1.08684,1.08696,1317,0,0
1684303200,1.08695,1.08713,1.08645,1.08656,859,0,0
1684306800,1.08655,1.08678,1.08632,1.08648,821,0,0
1684310400,1.08648,1.08653,1.08525,1.08532,1860,0,0
1684314000,1.08532,1.08644,1.08502,1.0854,2842,0,0
1684317600,1.08539,1.08638,1.08313,1.0832,4792,0,0
1684321200,1.0832,1.0848200000000001,1.08272,1.08291,4252,0,0
1684324800,1.08288,1.08325,1.08207,1.0831,3473,0,0
1684328400,1.0831,1.08328,1.08245,1.08305,2422,0,0
1684332000,1.08305,1.08415,1.0824799999999999,1.08252,2740,0,0
1684335600,1.08251,1.08318,1.08138,1.08239,3864,0,0
1684339200,1.08239,1.08389,1.08149,1.08154,5095,0,0
1684342800,1.08156,1.08329,1.08103,1.08208,5874,0,0
1684346400,1.08209,1.08363,1.08178,1.08294,4161,0,0
1684350000,1.08294,1.08454,1.08291,1.08419,2684,0,0
1684353600,1.0842,1.0849199999999999,1.08416,1.0844,2596,0,0
1684357200,1.0844,1.08455,1.08364,1.08376,2394,0,0
1684360800,1.08376,1.0843,1.08371,1.08398,2141,0,0
1684364400,1.08399,1.08401,1.08368,1.08381,777,0,0
1684368000,1.08377,1.08452,1.08362,1.08385,289,12,0
1684371600,1.08385,1.0842,1.08376,1.08383,633,1,0
1684375200,1.08383,1.08384,1.08348,1.08379,545,0,0
1684378800,1.08378,1.08433,1.08348,1.08422,1453,0,0
1684382400,1.08422,1.08479,1.08379,1.08451,2366,0,0
1684386000,1.08452,1.0848,1.08437,1.08463,1223,0,0
1684389600,1.08463,1.08472,1.08376,1.08398,941,0,0
1684393200,1.08401,1.08405,1.08327,1.0833,1074,0,0
1684396800,1.08331,1.08359,1.0827,1.08304,1861,0,0
1684400400,1.08303,1.08347,1.08235,1.0826,2969,0,0
1684404000,1.0826,1.08311,1.08092,1.08163,3336,0,0
1684407600,1.08163,1.08223,1.08123,1.08166,3737,0,0
1684411200,1.08167,1.082,1.08074,1.08181,2827,0,0
1684414800,1.08183,1.08196,1.08056,1.08152,2092,0,0
1684418400,1.08153,1.0818,1.08084,1.08152,2355,0,0
1684422000,1.08151,1.08179,1.07853,1.07901,5122,0,0
1684425600,1.07902,1.07951,1.0775,1.0777700000000001,5608,0,0
1684429200,1.0777700000000001,1.07867,1.0767,1.07694,5252,0,0
1684432800,1.07693,1.07786,1.07634,1.07754,3227,0,0
1684436400,1.07754,1.07812,1.07628,1.07632,3098,0,0
1684440000,1.0763,1.07672,1.07625,1.07667,2689,0,0
1684443600,1.07666,1.07689,1.07639,1.0767,1746,0,0
1684447200,1.0767,1.07743,1.0766,1.07741,1509,0,0
1684450800,1.07742,1.07748,1.07708,1.07711,805,0,0
1684454400,1.07686,1.0771600000000001,1.07643,1.07698,443,8,0
1684458000,1.07697,1.07767,1.07693,1.07763,650,0,0
1684461600,1.0776,1.07765,1.07737,1.07751,634,0,0
1684465200,1.07751,1.07801,1.07725,1.07739,1682,0,0
1684468800,1.07738,1.07759,1.07599,1.07633,2179,0,0
1684472400,1.07633,1.07739,1.07607,1.07722,1584,0,0
1684476000,1.07722,1.07723,1.07669,1.07684,1177,0,0
1684479600,1.07684,1.07692,1.07607,1.07637,1027,0,0
1684483200,1.07637,1.07712,1.07616,1.07689,1316,0,0
1684486800,1.07689,1.0792,1.0767,1.07814,3628,0,0
1684490400,1.07814,1.07901,1.07739,1.07775,3990,0,0
1684494000,1.07775,1.07946,1.0771,1.07882,3466,0,0
1684497600,1.07882,1.08043,1.07877,1.08022,3192,0,0
1684501200,1.08025,1.08028,1.07907,1.07946,3662,0,0
1684504800,1.07946,1.08092,1.07926,1.08087,3600,0,0
1684508400,1.08088,1.08236,1.08053,1.0806,4644,0,0
1684512000,1.08058,1.0808,1.07893,1.07952,5385,0,0
1684515600,1.07953,1.0796000000000001,1.07844,1.07861,4766,0,0
1684519200,1.07862,1.08267,1.07822,1.08191,9946,0,0
1684522800,1.08189,1.08249,1.08115,1.08208,4470,0,0
1684526400,1.08209,1.08288,1.0818,1.08198,2451,0,0
1684530000,1.08198,1.08205,1.08081,1.08084,2266,0,0
1684533600,1.08084,1.08093,1.07977,1.0806,1898,0,0
1684537200,1.08062,1.0808200000000001,1.08013,1.08048,1103,0,0
1684713600,1.08045,1.08075,1.08045,1.0805,218,19,0
1684717200,1.0805,1.08197,1.0805,1.08172,740,1,0
1684720800,1.08172,1.08241,1.08167,1.08219,879,0,0
1684724400,1.0822,1.08249,1.08166,1.08235,1974,0,0
1684728000,1.08236,1.08299,1.08209,1.08255,2744,0,0
1684731600,1.08256,1.08256,1.08186,1.08229,2106,0,0
1684735200,1.08228,1.08253,1.08198,1.08209,1313,0,0
1684738800,1.0821,1.08237,1.08178,1.08186,1205,0,0
1684742400,1.08186,1.08197,1.08101,1.08104,1859,0,0
1684746000,1.08103,1.08242,1.08073,1.08109,3490,0,0
1684749600,1.08109,1.0813,1.07956,1.0807,4699,0,0
1684753200,1.0807,1.0813,1.07991,1.08104,4096,0,0
1684756800,1.08103,1.08235,1.08083,1.08193,3090,0,0
1684760400,1.08192,1.08296,1.08173,1.0822,2862,0,0
1684764000,1.0822,1.08234,1.0812599999999999,1.08217,3159,0,0
1684767600,1.08217,1.08314,1.08159,1.08193,4087,0,0
1684771200,1.08193,1.08215,1.08086,1.08124,4734,0,0
1684774800,1.08123,1.08244,1.07973,1.07985,6992,0,0
1684778400,1.07986,1.08081,1.07962,1.08053,3554,0,0
1684782000,1.08053,1.0817,1.0803,1.08099,2724,0,0
1684785600,1.08099,1.08205,1.0808200000000001,1.08182,2401,0,0
1684789200,1.08182,1.08217,1.08141,1.08193,2009,0,0
1684792800,1.08193,1.082,1.08105,1.08113,1800,0,0
1684796400,1.08112,1.08137,1.08097,1.08131,1099,0,0
1684800000,1.0811,1.08144,1.08061,1.08122,576,15,0
1684803600,1.08121,1.08149,1.08117,1.08128,1100,1,0
1684807200,1.08128,1.08131,1.0806499999999999,1.08104,1164,0,0
1684810800,1.08106,1.08205,1.08106,1.08116,1538,0,0
1684814400,1.08116,1.08119,1.08042,1.08044,2257,0,0
1684818000,1.08044,1.08104,1.08027,1.08102,1588,0,0
1684821600,1.08102,1.08105,1.08048,1.08081,1376,0,0
1684825200,1.0808,1.08108,1.08059,1.08104,1098,0,0
1684828800,1.08104,1.08108,1.08002,1.08074,1720,0,0
1684832400,1.08075,1.0813,1.08032,1.08093,3418,0,0
1684836000,1.08092,1.08098,1.07849,1.08036,5494,0,0
1684839600,1.08035,1.0808200000000001,1.07892,1.08033,4769,0,0
1684843200,1.08033,1.08038,1.07804,1.07814,3136,0,0
1684846800,1.07814,1.07814,1.07699,1.07778,3573,0,0
1684850400,1.07778,1.07844,1.07728,1.07728,2745,0,0
1684854000,1.07728,1.07827,1.07632,1.07638,4867,0,0
1684857600,1.0764,1.0785,1.0763,1.07818,7407,0,0
1684861200,1.07817,1.07956,1.07773,1.0778699999999999,7191,0,0
1684864800,1.07786,1.07808,1.07708,1.07708,3808,0,0
1684868400,1.07708,1.07724,1.07602,1.07669,2977,0,0
1684872000,1.07669,1.0779,1.07642,1.07779,2029,0,0
1684875600,1.07779,1.07809,1.07753,1.07763,2124,0,0
1684879200,1.07762,1.07765,1.0766499999999999,1.07676,2029,0,0
1684882800,1.07678,1.07713,1.07669,1.07709,662,0,0
1684886400,1.07693,1.07727,1.07637,1.07721,2837,9,0
1684890000,1.07722,1.07731,1.07704,1.07725,478,1,0
1684893600,1.07725,1.07738,1.07687,1.07692,692,0,0
1684897200,1.07692,1.07751,1.07677,1.07725,1364,0,0
1684900800,1.07725,1.07746,1.07677,1.07737,1843,0,0
1684904400,1.07737,1.07766,1.07688,1.07745,2381,0,0
1684908000,1.07747,1.07798,1.0772599999999999,1.0779,1181,0,0
1684911600,1.07788,1.07824,1.07758,1.07801,1016,0,0
1684915200,1.07801,1.07863,1.0778699999999999,1.07837,1604,0,0
1684918800,1.07837,1.07894,1.07763,1.0777700000000001,4502,0,0
1684922400,1.07776,1.07858,1.07703,1.0783800000000001,5377,0,0
1684926000,1.0783800000000001,1.07949,1.07752,1.0777700000000001,5209,0,0
1684929600,1.0777700000000001,1.07819,1.07733,1.07736,3335,0,0
1684933200,1.07737,1.07738,1.0748199999999999,1.07516,4582,0,0
1684936800,1.07516,1.07809,1.07512,1.07809,3461,0,0
1684940400,1.07808,1.08014,1.07786,1.07895,5245,0,0
1684944000,1.07895,1.07941,1.07691,1.07697,5419,0,0
1684947600,1.07695,1.07774,1.07583,1.07627,5896,0,0
1684951200,1.07627,1.07649,1.07547,1.07583,5066,0,0
1684954800,1.07584,1.07613,1.07496,1.0756000000000001,4434,0,0
1684958400,1.07561,1.07659,1.07539,1.07562,3509,0,0
1684962000,1.07564,1.07659,1.07498,1.07507,3563,0,0
1684965600,1.07509,1.07573,1.07495,1.07496,2703,0,0
1684969200,1.07496,1.07538,1.07493,1.07505,1032,0,0
1684972800,1.07486,1.07522,1.07471,1.075,253,2,0
1684976400,1.075,1.07565,1.07422,1.07551,1541,0,0
1684980000,1.07548,1.07566,1.07526,1.07555,633,0,0
1684983600,1.07557,1.07557,1.07454,1.07505,1932,0,0
1684987200,1.07503,1.07535,1.07408,1.07437,2301,0,0
1684990800,1.0743800000000001,1.0746,1.074,1.07415,1427,0,0
1684994400,1.07416,1.07425,1.0735999999999999,1.07374,1337,0,0
1684998000,1.07375,1.07398,1.0733,1.07343,874,0,0
1685001600,1.07343,1.07399,1.07338,1.07397,1475,0,0
1685005200,1.07397,1.0744,1.07282,1.07322,3580,0,0
1685008800,1.07322,1.07333,1.07141,1.0721,5372,0,0
1685012400,1.07211,1.07371,1.07198,1.0723,4062,0,0
1685016000,1.07229,1.07383,1.07222,1.07317,3521,0,0
1685019600,1.07317,1.07326,1.07222,1.07227,2719,0,0
1685023200,1.07227,1.07328,1.07221,1.07328,2774,0,0
1685026800,1.07329,1.07404,1.07148,1.07184,7875,0,0
1685030400,1.07183,1.07254,1.07074,1.07136,6758,0,0
1685034000,1.07135,1.07325,1.07135,1.07283,6546,0,0
1685037600,1.07285,1.07311,1.07181,1.07243,4769,0,0
1685041200,1.07244,1.07244,1.07119,1.07126,3056,0,0
1685044800,1.07126,1.07279,1.07115,1.07277,2368,0,0
1685048400,1.07276,1.07294,1.07192,1.0721,2720,0,0
1685052000,1.07209,1.0723799999999999,1.07153,1.07207,2518,0,0
1685055600,1.07207,1.07254,1.07207,1.07251,842,0,0
1685059200,1.07242,1.07276,1.07201,1.07275,348,8,0
1685062800,1.07266,1.07273,1.07237,1.0726,1183,2,0
1685066400,1.0726,1.07273,1.07226,1.07234,669,0,0
1685070000,1.07235,1.07258,1.0719,1.07254,1661,0,0
1685073600,1.07253,1.07326,1.07243,1.07322,1990,0,0
1685077200,1.07325,1.07373,1.07322,1.07341,1485,0,0
1685080800,1.07342,1.07386,1.07341,1.07374,1221,0,0
1685084400,1.07374,1.07409,1.07368,1.07399,846,0,0
1685088000,1.07399,1.07427,1.07366,1.07373,1752,0,0
1685091600,1.07373,1.07383,1.07287,1.07295,3277,0,0
1685095200,1.07295,1.07445,1.07254,1.07406,4228,0,0
1685098800,1.07407,1.07412,1.07288,1.07317,3873,0,0
1685102400,1.07315,1.07369,1.07257,1.07351,2931,0,0
1685106000,1.0735,1.07467,1.07264,1.07441,2940,0,0
1685109600,1.07442,1.07587,1.07408,1.07526,2994,0,0
1685113200,1.07526,1.07573,1.07292,1.0742,6428,0,0
1685116800,1.0742,1.07506,1.07204,1.07225,6112,0,0
1685120400,1.07225,1.07408,1.0702099999999999,1.07055,7705,0,0
1685124000,1.07053,1.0714,1.07018,1.07122,5279,0,0
1685127600,1.07121,1.07219,1.07121,1.07196,2867,0,0
1685131200,1.07196,1.07276,1.07187,1.07269,2154,0,0
1685134800,1.07267,1.07329,1.07252,1.07293,1581,0,0
1685138400,1.07294,1.07314,1.07266,1.07297,1483,0,0
1685142000,1.07295,1.07302,1.07251,1.07258,972,0,0
1685318400,1.07178,1.0725,1.07159,1.07212,292,8,0
1685322000,1.07209,1.07286,1.07182,1.07195,1143,2,0
1685325600,1.07196,1.0723799999999999,1.07184,1.07216,756,0,0
1685329200,1.07216,1.07218,1.07171,1.07198,1200,0,0
1685332800,1.07198,1.07321,1.07184,1.07315,1728,0,0
1685336400,1.0731600000000001,1.07353,1.07307,1.07314,1104,0,0
1685340000,1.07313,1.07336,1.07292,1.07304,743,0,0
1685343600,1.07305,1.07364,1.073,1.07362,693,0,0
1685347200,1.07362,1.07386,1.07341,1.07363,1135,0,0
1685350800,1.07364,1.07436,1.0735999999999999,1.07366,1621,0,0
1685354400,1.07366,1.07389,1.07246,1.07283,2349,0,0
1685358000,1.07283,1.07293,1.07154,1.07241,2105,0,0
1685361600,1.07239,1.07239,1.07132,1.07163,1871,0,0
1685365200,1.07162,1.0718,1.07119,1.07153,1470,0,0
1685368800,1.07152,1.0719,1.07106,1.07106,1440,0,0
1685372400,1.07106,1.07152,1.07099,1.07149,1500,0,0
1685376000,1.07149,1.07158,1.0708199999999999,1.07095,1479,0,0
1685379600,1.07095,1.0711,1.07061,1.07087,1273,0,0
1685383200,1.07089,1.07152,1.07083,1.07141,1029,0,0
1685386800,1.07141,1.07142,1.07111,1.07128,594,0,0
1685390400,1.07129,1.07151,1.07114,1.07119,289,0,0
1685394000,1.07118,1.0712,1.07106,1.07109,242,0,0
1685397600,1.07108,1.07109,1.07093,1.07093,325,0,0
1685401200,1.07092,1.07103,1.07055,1.07093,431,0,0
1685404800,1.0708199999999999,1.0712,1.07058,1.07075,269,11,0
1685408400,1.07078,1.07115,1.0706,1.07098,773,0,0
1685412000,1.07098,1.07098,1.07061,1.07067,898,0,0
1685415600,1.07065,1.07198,1.07042,1.07137,2510,0,0
1685419200,1.07138,1.07264,1.07136,1.07231,2144,0,0
1685422800,1.07231,1.0725,1.07195,1.07214,1400,0,0
1685426400,1.07214,1.07217,1.07012,1.07066,1972,0,0
1685430000,1.07065,1.07088,1.07035,1.0708199999999999,1311,0,0
1685433600,1.07081,1.07084,1.06814,1.06862,3123,0,0
1685437200,1.06862,1.06983,1.0685,1.06945,4073,0,0
1685440800,1.06941,1.06941,1.06726,1.06904,5492,0,0
1685444400,1.06903,1.07084,1.06874,1.07047,4634,0,0
1685448000,1.07047,1.07248,1.06971,1.07195,4713,0,0
1685451600,1.07195,1.07359,1.0719400000000001,1.07317,4115,0,0
1685455200,1.07317,1.07447,1.07307,1.07441,3903,0,0
1685458800,1.07441,1.07467,1.07217,1.07224,4817,0,0
1685462400,1.07224,1.07387,1.07187,1.073,5232,0,0
1685466000,1.073,1.07409,1.07204,1.07277,6485,0,0
1685469600,1.07276,1.07285,1.07197,1.07216,4218,0,0
1685473200,1.07216,1.07271,1.07163,1.07209,2666,0,0
1685476800,1.07208,1.07216,1.0714299999999999,1.0717,1995,0,0
1685480400,1.0717,1.0721,1.07144,1.07196,2091,0,0
1685484000,1.07196,1.07305,1.0718,1.07301,2211,0,0
1685487600,1.073,1.07347,1.07272,1.07346,1074,0,0
1685491200,1.0733,1.07344,1.0723799999999999,1.07329,538,7,0
1685494800,1.07328,1.07343,1.07307,1.07322,671,0,0
1685498400,1.07321,1.07356,1.07304,1.07315,813,0,0
1685502000,1.0731600000000001,1.07356,1.07274,1.07351,1505,0,0
1685505600,1.07351,1.07355,1.07117,1.07134,2766,0,0
1685509200,1.0713300000000001,1.07148,1.07026,1.07047,2085,0,0
1685512800,1.07047,1.0705,1.06943,1.06978,1520,0,0
1685516400,1.06978,1.07009,1.06952,1.06982,933,0,0
1685520000,1.06982,1.0699,1.06851,1.06975,2803,0,0
1685523600,1.06975,1.06982,1.06791,1.06849,4334,0,0
1685527200,1.06849,1.06849,1.06699,1.06741,5192,0,0
1685530800,1.06741,1.06769,1.06587,1.06598,4583,0,0
1685534400,1.06596,1.06764,1.06596,1.06761,3525,0,0
1685538000,1.06758,1.06788,1.06677,1.06764,2597,0,0
1685541600,1.06764,1.06872,1.06749,1.06796,2783,0,0
1685545200,1.06797,1.06875,1.06791,1.06808,3345,0,0
1685548800,1.06808,1.07053,1.06783,1.06917,5264,0,0
1685552400,1.06916,1.0692,1.06575,1.06613,9310,0,0
1685556000,1.06613,1.06673,1.0651,1.06526,5644,0,0
1685559600,1.06529,1.06543,1.06353,1.0638,5677,0,0
1685563200,1.0638,1.067,1.06355,1.06632,4173,0,0
1685566800,1.06632,1.06799,1.06629,1.06741,3144,0,0
1685570400,1.06741,1.06891,1.06706,1.06864,2476,0,0
1685574000,1.06863,1.06921,1.06857,1.06885,1393,0,0
1685577600,1.06872,1.06886,1.06801,1.06861,590,10,0
1685581200,1.0686,1.06946,1.0686,1.06926,968,1,0
1685584800,1.06927,1.06974,1.06924,1.06933,1065,0,0
1685588400,1.06934,1.06952,1.06853,1.06865,1867,0,0
1685592000,1.06865,1.06934,1.06801,1.06914,2889,0,0
1685595600,1.06915,1.06939,1.06881,1.06905,1990,0,0
1685599200,1.06905,1.06934,1.06854,1.06871,1509,0,0
1685602800,1.06871,1.06918,1.06813,1.06818,1453,0,0
1685606400,1.06815,1.06847,1.0676,1.06771,1936,0,0
1685610000,1.06772,1.06854,1.06734,1.06842,3041,0,0
1685613600,1.06842,1.06867,1.06619,1.06701,4443,0,0
1685617200,1.06701,1.06869,1.06645,1.06866,3154,0,0
1685620800,1.06872,1.07097,1.06829,1.07088,2949,0,0
1685624400,1.07089,1.07148,1.07008,1.07089,3066,0,0
1685628000,1.07088,1.07156,1.07051,1.07062,2672,0,0
1685631600,1.07062,1.07115,1.06845,1.0708199999999999,6605,0,0
1685635200,1.07081,1.07313,1.0703,1.07283,5418,0,0
1685638800,1.07319,1.07418,1.07211,1.0731600000000001,7177,0,0
1685642400,1.07317,1.07538,1.0728,1.07509,4142,0,0
1685646000,1.07509,1.07641,1.07477,1.07599,3138,0,0
1685649600,1.07601,1.07645,1.07558,1.07642,2214,0,0
1685653200,1.07642,1.07686,1.07614,1.07619,1739,0,0
1685656800,1.07619,1.07631,1.07568,1.07624,1524,0,0
1685660400,1.07625,1.07636,1.07588,1.07615,776,0,0
1685664000,1.07617,1.07617,1.0755,1.07585,779,13,0
1685667600,1.07583,1.07652,1.07574,1.0765,663,0,0
1685671200,1.07654,1.07654,1.07595,1.0760399999999999,534,0,0
1685674800,1.07605,1.07644,1.07582,1.07618,1342,0,0
1685678400,1.07618,1.0766499999999999,1.07586,1.07615,1803,0,0
1685682000,1.07615,1.0767,1.07608,1.07654,1277,0,0
1685685600,1.07653,1.07691,1.07634,1.07679,1065,0,0
1685689200,1.07679,1.07686,1.07621,1.07631,1030,0,0
1685692800,1.07632,1.07723,1.07622,1.0771600000000001,1196,0,0
1685696400,1.07718,1.07791,1.07662,1.0771,2376,0,0
1685700000,1.0771,1.07761,1.07602,1.07619,3417,0,0
1685703600,1.07618,1.07771,1.07601,1.07743,2721,0,0
1685707200,1.07742,1.0777,1.07603,1.07673,3055,0,0
1685710800,1.07673,1.07749,1.0765500000000001,1.07673,1944,0,0
1685714400,1.07675,1.07694,1.07577,1.07579,2366,0,0
1685718000,1.07577,1.07675,1.07346,1.07474,8234,0,0
1685721600,1.07474,1.07711,1.07404,1.0742099999999999,6695,0,0
1685725200,1.07426,1.07498,1.07213,1.07234,6679,0,0
1685728800,1.07235,1.07298,1.07176,1.07232,3715,0,0
1685732400,1.07232,1.0723799999999999,1.07088,1.07101,2460,0,0
1685736000,1.07101,1.07158,1.07074,1.07101,2027,0,0
1685739600,1.07101,1.07154,1.07057,1.07125,1495,0,0
1685743200,1.07124,1.07144,1.07065,1.07079,1582,0,0
1685746800,1.07079,1.07087,1.07052,1.0706,686,0,0
1685923200,1.07071,1.07091,1.07059,1.07068,288,15,0
1685926800,1.07067,1.07079,1.07006,1.0701,1324,0,0
1685930400,1.07006,1.07016,1.06937,1.06968,1732,0,0
1685934000,1.0697,1.06971,1.06903,1.06937,2689,0,0
1685937600,1.06937,1.07016,1.06908,1.07015,3599,0,0
1685941200,1.07015,1.07046,1.06986,1.07003,2456,0,0
1685944800,1.07002,1.07042,1.06991,1.07026,1696,0,0
1685948400,1.07025,1.07034,1.06965,1.06999,1504,0,0
1685952000,1.06999,1.07039,1.0694,1.07015,2310,0,0
1685955600,1.0701100000000001,1.07012,1.06892,1.06938,3833,0,0
1685959200,1.06938,1.06995,1.06834,1.06898,5642,0,0
1685962800,1.06897,1.06978,1.06854,1.06961,4289,0,0
1685966400,1.06961,1.06991,1.06901,1.06923,2257,0,0
1685970000,1.06922,1.06949,1.06869,1.06929,1893,0,0
1685973600,1.06929,1.0695000000000001,1.06849,1.06897,1711,0,0
1685977200,1.06897,1.06917,1.06747,1.06789,2326,0,0
1685980800,1.06787,1.06914,1.06779,1.06802,3651,0,0
1685984400,1.06837,1.07225,1.06837,1.07108,8395,0,0
1685988000,1.07106,1.07208,1.07033,1.07208,3300,0,0
1685991600,1.07207,1.07213,1.071,1.07115,1853,0,0
1685995200,1.07116,1.0714,1.07075,1.0713,1507,0,0
1685998800,1.07129,1.07173,1.07109,1.07139,1808,0,0
1686002400,1.0714299999999999,1.07175,1.07112,1.07126,1318,0,0
1686006000,1.0713,1.0713300000000001,1.07097,1.07125,544,0,0
1686009600,1.07109,1.07138,1.07088,1.07116,460,11,0
1686013200,1.07116,1.0714299999999999,1.07093,1.07135,985,1,0
1686016800,1.07132,1.0714,1.07073,1.07115,870,0,0
1686020400,1.07115,1.07169,1.07099,1.0716,894,0,0
1686024000,1.0716,1.0717,1.07129,1.07155,1145,0,0
1686027600,1.07156,1.07248,1.07154,1.07184,1534,0,0
1686031200,1.07183,1.07193,1.0714299999999999,1.07159,862,0,0
1686034800,1.07159,1.07241,1.07151,1.07234,1728,0,0
1686038400,1.07234,1.07313,1.07227,1.07251,1686,0,0
1686042000,1.0725,1.07329,1.07213,1.07242,3335,0,0
1686045600,1.07241,1.07275,1.0707200000000001,1.07146,5250,0,0
1686049200,1.07148,1.0715,1.06951,1.06993,4159,0,0
1686052800,1.06994,1.0701100000000001,1.06894,1.06923,2670,0,0
1686056400,1.06924,1.06995,1.06824,1.06977,2664,0,0
1686060000,1.06978,1.07004,1.06764,1.0677,2395,0,0
1686063600,1.0677,1.06839,1.06671,1.06707,3120,0,0
1686067200,1.06707,1.06827,1.06692,1.06726,3666,0,0
1686070800,1.06726,1.06911,1.06711,1.06909,4113,0,0
1686074400,1.06907,1.06969,1.06848,1.06944,2964,0,0
1686078000,1.06944,1.06979,1.06874,1.06884,1832,0,0
1686081600,1.06884,1.06885,1.06823,1.06859,1303,0,0
1686085200,1.06856,1.06962,1.06848,1.06943,1284,0,0
1686088800,1.06943,1.06963,1.06904,1.0692,1331,0,0
1686092400,1.06921,1.06932,1.06903,1.06923,565,0,0
1686096000,1.06915,1.06957,1.06912,1.06935,254,8,0
1686099600,1.06934,1.06953,1.06927,1.06951,431,0,0
1686103200,1.06949,1.06992,1.06924,1.06986,626,0,0
1686106800,1.06987,1.07044,1.06974,1.07004,1444,0,0
1686110400,1.07004,1.07014,1.06928,1.06964,1930,0,0
1686114000,1.06964,1.06966,1.06887,1.06929,1579,0,0
1686117600,1.06929,1.06937,1.06895,1.06928,1202,0,0
1686121200,1.06927,1.06957,1.06895,1.06905,777,0,0
1686124800,1.06906,1.06906,1.06834,1.06851,1621,0,0
1686128400,1.0685,1.06861,1.06726,1.06767,2622,0,0
1686132000,1.06764,1.06865,1.06683,1.06843,3424,0,0
1686135600,1.06844,1.06934,1.06793,1.06931,2245,0,0
1686139200,1.06933,1.06978,1.06902,1.06964,2010,0,0
1686142800,1.06964,1.07186,1.06964,1.07149,2663,0,0
1686146400,1.07149,1.07231,1.0713,1.07156,2723,0,0
1686150000,1.07155,1.07181,1.07052,1.07161,3047,0,0
1686153600,1.07159,1.07388,1.07141,1.07372,4245,0,0
1686157200,1.07373,1.07398,1.07032,1.07078,7547,0,0
1686160800,1.07079,1.07106,1.06952,1.07012,3787,0,0
1686164400,1.07012,1.07067,1.06929,1.06933,2732,0,0
1686168000,1.06933,1.06997,1.06911,1.06989,2403,0,0
1686171600,1.06988,1.07035,1.06973,1.07025,1709,0,0
1686175200,1.07025,1.07054,1.06936,1.06936,1558,0,0
1686178800,1.06938,1.06999,1.06936,1.06982,806,0,0
1686182400,1.06975,1.06989,1.06913,1.06984,423,9,0
1686186000,1.06985,1.07014,1.06973,1.06994,1138,0,0
1686189600,1.06989,1.0707200000000001,1.06965,1.0707,711,0,0
1686193200,1.07071,1.071,1.07064,1.07085,1352,0,0
1686196800,1.07086,1.071,1.07027,1.07087,1968,0,0
1686200400,1.07087,1.07115,1.07065,1.07067,1122,0,0
1686204000,1.07066,1.0711,1.07059,1.07083,1187,0,0
1686207600,1.07084,1.07137,1.07054,1.07116,928,0,0
1686211200,1.07116,1.07175,1.07092,1.07103,1644,0,0
1686214800,1.07103,1.07191,1.07077,1.07112,2251,0,0
1686218400,1.07112,1.0713300000000001,1.0701,1.07131,3239,0,0
1686222000,1.07132,1.073,1.07098,1.07268,2859,0,0
1686225600,1.07268,1.07338,1.07209,1.07288,2797,0,0
1686229200,1.07288,1.0733,1.07261,1.07298,1881,0,0
1686232800,1.07298,1.07392,1.0723799999999999,1.07358,2492,0,0
1686236400,1.07358,1.07591,1.07335,1.07469,5834,0,0
1686240000,1.07468,1.07693,1.07419,1.0765500000000001,5865,0,0
1686243600,1.0765500000000001,1.0776,1.07619,1.07694,4598,0,0
1686247200,1.07694,1.07835,1.07671,1.07788,3408,0,0
1686250800,1.0779,1.07871,1.07772,1.0784799999999999,2283,0,0
1686254400,1.07846,1.07857,1.0778,1.07782,2141,0,0
1686258000,1.07782,1.07825,1.07778,1.07792,1575,0,0
1686261600,1.07792,1.07799,1.07737,1.07791,1136,0,0
1686265200,1.07791,1.07822,1.07788,1.07814,455,0,0
1686268800,1.07823,1.07845,1.07779,1.07818,460,2,0
1686272400,1.07819,1.0784,1.0781,1.0784,613,1,0
1686276000,1.0784,1.07849,1.07817,1.07819,720,0,0
1686279600,1.07818,1.07851,1.07814,1.0782,1542,0,0
1686283200,1.0782,1.07851,1.07796,1.07806,1782,0,0
1686286800,1.07806,1.07811,1.07757,1.07768,1398,0,0
1686290400,1.07768,1.07802,1.07766,1.07778,1104,0,0
1686294000,1.07778,1.07786,1.07747,1.07754,834,0,0
1686297600,1.07755,1.07841,1.07754,1.0778,1056,0,0
1686301200,1.07781,1.07823,1.07727,1.0778699999999999,2310,0,0
1686304800,1.0778699999999999,1.07798,1.07676,1.07757,3523,0,0
1686308400,1.07756,1.07759,1.07593,1.07634,2585,0,0
1686312000,1.07633,1.07682,1.07581,1.07583,2423,0,0
1686315600,1.07584,1.07628,1.07566,1.07612,2102,0,0
1686319200,1.07612,1.07818,1.07603,1.07733,2412,0,0
1686322800,1.07732,1.07842,1.07635,1.07671,4519,0,0
1686326400,1.07672,1.07753,1.07614,1.07709,4642,0,0
1686330000,1.0771,1.07734,1.07538,1.07568,4431,0,0
1686333600,1.07567,1.07598,1.07468,1.0748199999999999,3291,0,0
1686337200,1.0748199999999999,1.07525,1.07435,1.07483,2298,0,0
1686340800,1.0748199999999999,1.07523,1.07463,1.07486,1529,0,0
1686344400,1.07486,1.07508,1.07459,1.07497,1101,0,0
1686348000,1.07497,1.07509,1.0743,1.07442,880,0,0
1686351600,1.07441,1.07498,1.07435,1.07495,784,0,0
1686528000,1.07448,1.07481,1.0743800000000001,1.07453,374,2,0
1686531600,1.07457,1.07498,1.07431,1.0745,854,0,0
1686535200,1.0745,1.07515,1.0744,1.0749900000000001,994,0,0
1686538800,1.07501,1.07503,1.07443,1.07453,1547,0,0
1686542400,1.07452,1.07459,1.07361,1.07368,2448,0,0
1686546000,1.07368,1.07387,1.0733,1.07385,1964,0,0
1686549600,1.07385,1.07415,1.07364,1.07409,1677,0,0
1686553200,1.07408,1.07445,1.07391,1.0741,1554,0,0
1686556800,1.07409,1.07504,1.07405,1.07492,1984,0,0
1686560400,1.07494,1.07538,1.07456,1.07492,2733,0,0
1686564000,1.07492,1.07723,1.07443,1.07696,3463,0,0
1686567600,1.07695,1.0784,1.07679,1.07771,3673,0,0
1686571200,1.07771,1.07902,1.07746,1.07853,2779,0,0
1686574800,1.07854,1.07877,1.07676,1.07729,3018,0,0
1686578400,1.07729,1.07756,1.07614,1.07628,2618,0,0
1686582000,1.07628,1.07714,1.07606,1.07662,2919,0,0
1686585600,1.07662,1.0771600000000001,1.07431,1.07531,4204,0,0
1686589200,1.07532,1.07617,1.07451,1.07472,4277,0,0
1686592800,1.07473,1.07569,1.07444,1.07462,3120,0,0
1686596400,1.07462,1.07518,1.07439,1.07487,2115,0,0
1686600000,1.07487,1.07542,1.07451,1.07536,1712,0,0
1686603600,1.07536,1.07593,1.07504,1.07559,1378,0,0
1686607200,1.07561,1.07634,1.07561,1.07602,1233,0,0
1686610800,1.0760399999999999,1.0760399999999999,1.07578,1.07579,712,0,0
1686614400,1.07567,1.07576,1.07509,1.07567,413,9,0
1686618000,1.07572,1.07613,1.07566,1.07601,799,0,0
1686621600,1.076,1.07641,1.07591,1.0762,762,0,0
1686625200,1.0762,1.07669,1.07595,1.07605,1274,0,0
1686628800,1.07605,1.07683,1.07592,1.07675,1736,0,0
1686632400,1.07676,1.07758,1.0766,1.07743,1201,0,0
1686636000,1.07743,1.07801,1.0774,1.07791,1265,0,0
1686639600,1.07791,1.0783,1.07762,1.07822,1054,0,0
1686643200,1.07822,1.07961,1.07815,1.07829,2582,0,0
1686646800,1.07829,1.07981,1.07815,1.07924,3603,0,0
1686650400,1.07924,1.08076,1.07923,1.07997,3809,0,0
1686654000,1.07997,1.08083,1.07942,1.08073,3078,0,0
1686657600,1.08074,1.08107,1.08007,1.08058,2825,0,0
1686661200,1.08057,1.08068,1.07952,1.07987,2227,0,0
1686664800,1.07988,1.07989,1.0792,1.07943,2245,0,0
1686668400,1.07943,1.08236,1.07841,1.0814300000000001,8573,0,0
1686672000,1.08142,1.08182,1.07922,1.07941,7152,0,0
1686675600,1.07941,1.0808,1.0778,1.0802,6027,0,0
1686679200,1.0802,1.08091,1.07861,1.07912,4290,0,0
1686682800,1.0791,1.08036,1.07902,1.08024,2626,0,0
1686686400,1.08024,1.08044,1.07868,1.0789,2156,0,0
1686690000,1.07889,1.07908,1.07829,1.07902,2136,0,0
1686693600,1.07902,1.07958,1.07846,1.07917,1484,0,0
1686697200,1.07917,1.07931,1.07904,1.07925,599,0,0
1686700800,1.07923,1.07931,1.07879,1.07895,566,7,0
1686704400,1.07896,1.07921,1.0788,1.07914,986,1,0
1686708000,1.07917,1.0792,1.07881,1.07895,510,0,0
1686711600,1.07896,1.0793,1.07858,1.07901,1400,0,0
1686715200,1.07901,1.0795,1.07882,1.07938,1447,0,0
1686718800,1.07938,1.07961,1.07904,1.07958,1104,0,0
1686722400,1.07958,1.0796000000000001,1.07883,1.07898,928,0,0
1686726000,1.07898,1.0792,1.0784799999999999,1.07897,758,0,0
1686729600,1.07897,1.07905,1.0774,1.07763,1813,0,0
1686733200,1.07763,1.07877,1.07763,1.07855,1900,0,0
1686736800,1.07855,1.07969,1.07854,1.07897,3036,0,0
1686740400,1.07897,1.08048,1.0786,1.0802100000000001,2254,0,0
1686744000,1.0802100000000001,1.081,1.07965,1.08045,2304,0,0
1686747600,1.08044,1.08099,1.08023,1.08067,1752,0,0
1686751200,1.08066,1.08077,1.08017,1.08035,2098,0,0
1686754800,1.08036,1.08334,1.08033,1.08312,4635,0,0
1686758400,1.08312,1.0845,1.08274,1.08448,3944,0,0
1686762000,1.08448,1.08564,1.08416,1.0856,3173,0,0
1686765600,1.08558,1.0858,1.08484,1.08578,2433,0,0
1686769200,1.08578,1.0864,1.0855299999999999,1.08624,1926,0,0
1686772800,1.08623,1.08629,1.08524,1.08554,2266,0,0
1686776400,1.08555,1.08555,1.08012,1.08342,13924,0,0
1686780000,1.08346,1.08442,1.08208,1.08269,5955,0,0
1686783600,1.08263,1.08355,1.08249,1.08308,1195,0,0
1686787200,1.08303,1.08314,1.08214,1.08308,487,11,0
1686790800,1.08306,1.08352,1.08298,1.08323,547,0,0
1686794400,1.08323,1.08427,1.08317,1.08427,820,0,0
1686798000,1.08427,1.08444,1.0836999999999999,1.08381,1283,0,0
1686801600,1.08381,1.08381,1.08101,1.08107,2776,0,0
1686805200,1.08107,1.08158,1.0808200000000001,1.08132,2233,0,0
1686808800,1.08132,1.08158,1.08107,1.08134,1184,0,0
1686812400,1.08134,1.0815,1.081,1.08116,1126,0,0
1686816000,1.08115,1.08236,1.08059,1.08186,2770,0,0
1686819600,1.08183,1.08206,1.08039,1.08105,3011,0,0
1686823200,1.08106,1.08289,1.08058,1.0827,3381,0,0
1686826800,1.0827,1.08374,1.08246,1.08329,2307,0,0
1686830400,1.08329,1.08476,1.08312,1.08475,2599,0,0
1686834000,1.08476,1.08488,1.08344,1.08423,2479,0,0
1686837600,1.08423,1.08433,1.08178,1.0818,2548,0,0
1686841200,1.08179,1.08811,1.08146,1.0864,8343,0,0
1686844800,1.08631,1.0901,1.08584,1.08993,7026,0,0
1686848400,1.08992,1.09215,1.08991,1.09106,5067,0,0
1686852000,1.09105,1.09356,1.09097,1.09328,3501,0,0
1686855600,1.09327,1.09452,1.09323,1.09438,2251,0,0
1686859200,1.09438,1.09501,1.09396,1.0943,1578,0,0
1686862800,1.09432,1.09511,1.09419,1.09503,1376,0,0
1686866400,1.09503,1.09528,1.09454,1.09477,1922,0,0
1686870000,1.09477,1.09491,1.09454,1.09454,789,0,0
1686873600,1.09425,1.09439,1.09405,1.09421,296,2,0
1686877200,1.09421,1.09496,1.09421,1.0949200000000001,1195,0,0
1686880800,1.0949,1.0951,1.0945,1.09453,1179,0,0
1686884400,1.09453,1.09509,1.09398,1.09419,1652,0,0
1686888000,1.0942,1.09484,1.09399,1.09434,1797,0,0
1686891600,1.09436,1.09457,1.09355,1.09365,2383,0,0
1686895200,1.09365,1.09425,1.09365,1.09382,1546,0,0
1686898800,1.09383,1.0943,1.09367,1.09389,1029,0,0
1686902400,1.09389,1.09451,1.09376,1.09399,1678,0,0
1686906000,1.094,1.09625,1.09393,1.09472,3753,0,0
1686909600,1.09472,1.09523,1.09339,1.09428,3701,0,0
1686913200,1.09428,1.09536,1.09382,1.09505,3095,0,0
1686916800,1.09505,1.09514,1.09398,1.09494,2302,0,0
1686920400,1.09494,1.09501,1.0943100000000001,1.09445,1951,0,0
1686924000,1.09445,1.09657,1.09444,1.09603,2601,0,0
1686927600,1.09603,1.09706,1.09475,1.0951,3717,0,0
1686931200,1.0951,1.09582,1.09425,1.09528,4476,0,0
1686934800,1.09543,1.09671,1.09176,1.09253,8351,0,0
1686938400,1.09254,1.09317,1.09216,1.09243,3971,0,0
1686942000,1.09243,1.09339,1.09242,1.09339,1997,0,0
1686945600,1.09339,1.09398,1.09321,1.09394,1386,0,0
1686949200,1.09394,1.09455,1.09373,1.09446,1661,0,0
1686952800,1.09445,1.09445,1.09348,1.09352,1943,0,0
1686956400,1.09352,1.09409,1.09345,1.09406,978,0,0
1687132800,1.09273,1.09412,1.09273,1.09369,598,14,0
1687136400,1.09368,1.09426,1.09365,1.09423,780,2,0
1687140000,1.09423,1.0943100000000001,1.09382,1.09398,974,0,0
1687143600,1.09398,1.09463,1.09347,1.09368,1680,0,0
1687147200,1.09368,1.09406,1.09335,1.09366,1930,0,0
1687150800,1.09365,1.09407,1.09362,1.09363,1183,0,0
1687154400,1.09365,1.0937999999999999,1.09337,1.09369,1335,0,0
1687158000,1.09369,1.09371,1.09323,1.09348,1344,0,0
1687161600,1.09348,1.09414,1.09318,1.09401,1748,0,0
1687165200,1.09402,1.09403,1.09276,1.09297,2899,0,0
1687168800,1.09298,1.09376,1.09252,1.09294,3426,0,0
1687172400,1.09294,1.09387,1.0927,1.09295,2818,0,0
1687176000,1.09296,1.09297,1.09102,1.09107,2579,0,0
1687179600,1.09108,1.09198,1.09073,1.09198,2241,0,0
1687183200,1.0919699999999999,1.09273,1.09171,1.09213,1959,0,0
1687186800,1.09213,1.09294,1.09195,1.0926,2282,0,0
1687190400,1.09261,1.09262,1.09169,1.09183,2248,0,0
1687194000,1.09183,1.09263,1.09122,1.09229,2937,0,0
1687197600,1.09229,1.09289,1.09214,1.09219,1626,0,0
1687201200,1.0922,1.09262,1.09158,1.09161,1275,0,0
1687204800,1.09161,1.09192,1.09157,1.09175,402,0,0
1687208400,1.09175,1.0921,1.09161,1.09193,457,0,0
1687212000,1.09193,1.09207,1.09182,1.09184,364,0,0
1687215600,1.09183,1.09227,1.09174,1.09225,409,1,0
1687219200,1.0919699999999999,1.09222,1.09163,1.09222,458,17,0
1687222800,1.09222,1.09264,1.09207,1.09226,692,0,0
1687226400,1.09226,1.09246,1.09191,1.09236,590,0,0
1687230000,1.09236,1.09261,1.09168,1.09203,1928,0,0
1687233600,1.09203,1.09223,1.09111,1.09132,2379,0,0
1687237200,1.09132,1.09237,1.09105,1.09223,2328,0,0
1687240800,1.09223,1.09237,1.09189,1.0919699999999999,1166,0,0
1687244400,1.09198,1.09205,1.0913,1.09139,1448,0,0
1687248000,1.09137,1.09262,1.09118,1.09262,2314,0,0
1687251600,1.09262,1.09323,1.0919699999999999,1.09218,3514,0,0
1687255200,1.09215,1.09463,1.0915300000000001,1.09439,4888,0,0
1687258800,1.09438,1.09449,1.09318,1.0937999999999999,3554,0,0
1687262400,1.0937999999999999,1.09401,1.09229,1.09252,3164,0,0
1687266000,1.09252,1.09343,1.0924800000000001,1.09283,2718,0,0
1687269600,1.09282,1.09323,1.0922,1.09288,2345,0,0
1687273200,1.09288,1.09359,1.0912,1.09195,4617,0,0
1687276800,1.09192,1.09246,1.09064,1.09166,5135,0,0
1687280400,1.09165,1.09208,1.08918,1.0901399999999999,6272,0,0
1687284000,1.0901399999999999,1.09098,1.08997,1.08997,4201,0,0
1687287600,1.08998,1.09163,1.08955,1.0915,2677,0,0
1687291200,1.0915,1.09171,1.09122,1.09154,1981,0,0
1687294800,1.09157,1.09176,1.09116,1.09171,1510,0,0
1687298400,1.09171,1.09176,1.09098,1.09127,1237,0,0
1687302000,1.09127,1.09183,1.09121,1.09178,652,0,0
1687305600,1.09176,1.09211,1.09121,1.0917,357,7,0
1687309200,1.09165,1.09203,1.09164,1.09194,779,1,0
1687312800,1.09194,1.09223,1.09182,1.09201,928,0,0
1687316400,1.09201,1.09202,1.09146,1.09161,1899,0,0
1687320000,1.0916,1.09169,1.09117,1.09141,2126,0,0
1687323600,1.09141,1.09212,1.09119,1.09124,1468,0,0
1687327200,1.09124,1.09162,1.09122,1.0915,1197,0,0
1687330800,1.09149,1.09196,1.0914,1.09162,1077,0,0
1687334400,1.09162,1.09175,1.09104,1.09122,1680,0,0
1687338000,1.09118,1.09167,1.09056,1.09103,4823,0,0
1687341600,1.09103,1.09198,1.09091,1.09129,3840,0,0
1687345200,1.09129,1.09338,1.09094,1.0925,4033,0,0
1687348800,1.0925,1.09299,1.09165,1.09166,2807,0,0
1687352400,1.09166,1.0926,1.09135,1.09184,2725,0,0
1687356000,1.09186,1.09268,1.09163,1.09244,2878,0,0
1687359600,1.09243,1.0925799999999999,1.09082,1.09253,4823,0,0
1687363200,1.0925,1.0931,1.09105,1.09267,5411,0,0
1687366800,1.09266,1.09641,1.0923,1.09547,7176,0,0
1687370400,1.09547,1.09564,1.09434,1.09507,4368,0,0
1687374000,1.09506,1.09737,1.09498,1.09707,2868,0,0
1687377600,1.09706,1.09793,1.09672,1.09775,2348,0,0
1687381200,1.09776,1.09899,1.09763,1.09848,2399,0,0
1687384800,1.09848,1.09895,1.09816,1.09882,1850,0,0
1687388400,1.09881,1.09908,1.09851,1.09856,1041,0,0
1687392000,1.09856,1.09863,1.09815,1.09847,831,12,0
1687395600,1.09846,1.09908,1.09845,1.09905,844,1,0
1687399200,1.09903,1.09924,1.09896,1.09914,676,0,0
1687402800,1.09914,1.0992,1.09864,1.09886,2158,0,0
1687406400,1.09885,1.09951,1.0987,1.09936,1276,0,0
1687410000,1.09936,1.09936,1.09884,1.09935,851,0,0
1687413600,1.09935,1.09946,1.09909,1.09929,803,0,0
1687417200,1.09928,1.09939,1.09867,1.09872,1322,0,0
1687420800,1.09874,1.09908,1.09847,1.09859,1458,0,0
1687424400,1.09864,1.09906,1.09807,1.09828,2055,0,0
1687428000,1.09827,1.10003,1.0979700000000001,1.09945,3956,0,0
1687431600,1.09944,1.10038,1.09874,1.0993,3387,0,0
1687435200,1.09929,1.1004,1.09922,1.10019,2382,0,0
1687438800,1.10019,1.10082,1.10003,1.10046,2383,0,0
1687442400,1.10046,1.10122,1.09882,1.09892,5501,0,0
1687446000,1.09891,1.10017,1.09801,1.09825,4833,0,0
1687449600,1.09824,1.0985,1.09682,1.09808,5999,0,0
1687453200,1.09808,1.09892,1.09585,1.09593,5719,0,0
1687456800,1.09592,1.09668,1.09522,1.09527,3955,0,0
1687460400,1.09527,1.0957,1.09486,1.09546,2481,0,0
1687464000,1.09547,1.09582,1.09501,1.09574,2350,0,0
1687467600,1.09576,1.09604,1.09512,1.09592,2064,0,0
1687471200,1.09593,1.09617,1.09544,1.09581,1636,0,0
1687474800,1.09582,1.09585,1.09531,1.09551,883,0,0
1687478400,1.09551,1.09568,1.09526,1.09555,614,11,0
1687482000,1.0955300000000001,1.09561,1.09526,1.09531,703,1,0
1687485600,1.09531,1.09577,1.09531,1.09555,1004,0,0
1687489200,1.09556,1.09586,1.09527,1.09552,1542,0,0
1687492800,1.09552,1.09562,1.09458,1.09468,2153,0,0
1687496400,1.09466,1.09466,1.09322,1.09386,1665,0,0
1687500000,1.09386,1.09405,1.09349,1.09356,1291,0,0
1687503600,1.09356,1.09371,1.0929,1.09331,1891,0,0
1687507200,1.09331,1.09341,1.09273,1.09327,1967,0,0
1687510800,1.09325,1.09335,1.09205,1.09232,2896,0,0
1687514400,1.09229,1.09262,1.08532,1.08688,8861,0,0
1687518000,1.08695,1.08745,1.08487,1.0849199999999999,5226,0,0
1687521600,1.0849199999999999,1.08623,1.08444,1.08607,3282,0,0
1687525200,1.08607,1.08723,1.08607,1.08683,2660,0,0
1687528800,1.08683,1.08792,1.08663,1.08762,2659,0,0
1687532400,1.08762,1.08957,1.08762,1.08873,4435,0,0
1687536000,1.08873,1.09029,1.08833,1.08834,6098,0,0
1687539600,1.08834,1.08986,1.08791,1.08825,5747,0,0
1687543200,1.08825,1.08923,1.0879,1.08861,3317,0,0
1687546800,1.08861,1.08897,1.08827,1.08858,2250,0,0
1687550400,1.0886,1.08963,1.0886,1.08948,2346,0,0
1687554000,1.08947,1.08951,1.08885,1.0892,2077,0,0
1687557600,1.08919,1.08943,1.08874,1.08912,1832,0,0
1687561200,1.0890900000000001,1.08959,1.08886,1.08898,858,0,0
1687737600,1.09047,1.09047,1.08932,1.09006,482,15,0
1687741200,1.09006,1.0907499999999999,1.08963,1.09062,1246,1,0
1687744800,1.09058,1.09064,1.0903,1.09061,1096,0,0
1687748400,1.09061,1.09094,1.08986,1.09053,2604,0,0
1687752000,1.09053,1.09098,1.09017,1.09036,2151,0,0
1687755600,1.09036,1.09091,1.09033,1.09046,1669,0,0
1687759200,1.09046,1.09094,1.09039,1.09061,1188,0,0
1687762800,1.09061,1.09083,1.09,1.09025,1215,0,0
1687766400,1.09025,1.091,1.09024,1.09069,1600,0,0
1687770000,1.09067,1.09111,1.08978,1.09033,2797,0,0
1687773600,1.09033,1.09085,1.08956,1.09021,4289,0,0
1687777200,1.09016,1.09035,1.08873,1.08921,4242,0,0
1687780800,1.08919,1.09013,1.08908,1.08966,2979,0,0
1687784400,1.08966,1.09074,1.08941,1.09044,3077,0,0
1687788000,1.09044,1.09181,1.09029,1.09174,2689,0,0
1687791600,1.09173,1.09202,1.09141,1.09175,3101,0,0
1687795200,1.09175,1.09201,1.0908,1.09126,4249,0,0
1687798800,1.09126,1.0916,1.09028,1.09083,5593,0,0
1687802400,1.09082,1.09178,1.09055,1.09095,3861,0,0
1687806000,1.09095,1.09101,1.09,1.09087,2552,0,0
1687809600,1.09088,1.09132,1.09064,1.09101,1750,0,0
1687813200,1.091,1.09154,1.09086,1.09148,1557,0,0
1687816800,1.09148,1.09152,1.09042,1.09063,1847,0,0
1687820400,1.09062,1.09085,1.09041,1.09053,848,0,0
1687824000,1.09052,1.09082,1.09041,1.09065,512,7,0
1687827600,1.09065,1.09119,1.09054,1.09107,845,0,0
1687831200,1.09107,1.0911,1.09074,1.09098,557,0,0
1687834800,1.09097,1.09114,1.09018,1.09044,1865,0,0
1687838400,1.09044,1.09351,1.09037,1.0924,3809,0,0
1687842000,1.0924,1.09244,1.09176,1.09228,2042,0,0
1687845600,1.09228,1.09291,1.09215,1.09268,1914,0,0
1687849200,1.09268,1.09288,1.09231,1.09233,1320,0,0
1687852800,1.09233,1.09272,1.09173,1.09177,1937,0,0
1687856400,1.09177,1.09336,1.09162,1.0931,3662,0,0
1687860000,1.0931,1.09416,1.09294,1.09396,4489,0,0
1687863600,1.09396,1.09439,1.09346,1.09395,4580,0,0
1687867200,1.09396,1.09448,1.09262,1.0941,3672,0,0
1687870800,1.0941,1.0953,1.09385,1.09514,3225,0,0
1687874400,1.09514,1.09524,1.09429,1.09445,3219,0,0
1687878000,1.09444,1.09722,1.09444,1.09653,6372,0,0
1687881600,1.09653,1.09769,1.09617,1.0965799999999999,6188,0,0
1687885200,1.0965799999999999,1.09684,1.09424,1.0949,9808,0,0
1687888800,1.09489,1.0963,1.09458,1.09599,4762,0,0
1687892400,1.09599,1.09656,1.09572,1.09589,2621,0,0
1687896000,1.09589,1.0964,1.09551,1.0962,2569,0,0
1687899600,1.09619,1.09626,1.09583,1.09599,2067,0,0
1687903200,1.09599,1.0964,1.09593,1.09626,1748,0,0
1687906800,1.09626,1.09634,1.09595,1.09599,1037,0,0
1687910400,1.09603,1.09626,1.09562,1.09602,663,7,0
1687914000,1.09603,1.09622,1.09561,1.09568,598,2,0
1687917600,1.09568,1.09584,1.09545,1.09571,1342,0,0
1687921200,1.09572,1.09615,1.09527,1.09546,2595,0,0
1687924800,1.09546,1.09562,1.09461,1.09462,3202,0,0
1687928400,1.09462,1.09507,1.09421,1.0949200000000001,2005,0,0
1687932000,1.0949200000000001,1.09546,1.09487,1.09508,1439,0,0
1687935600,1.09508,1.09537,1.09465,1.09487,1657,0,0
1687939200,1.09487,1.0955,1.09468,1.09534,1656,0,0
1687942800,1.09534,1.09549,1.09361,1.09381,3669,0,0
1687946400,1.09381,1.09547,1.09381,1.09512,794,0,0
1687950000,1.095,1.09608,1.09455,1.09529,3930,0,0
1687953600,1.09529,1.09591,1.0944099999999999,1.09476,3407,0,0
1687957200,1.09476,1.09623,1.09453,1.09544,3206,0,0
1687960800,1.09544,1.09557,1.09378,1.09405,3693,0,0
1687964400,1.09404,1.09447,1.0926,1.09278,5501,0,0
1687968000,1.09278,1.09446,1.09237,1.09349,8891,0,0
1687971600,1.09349,1.09368,1.08968,1.08987,9746,0,0
1687975200,1.08987,1.09172,1.0898,1.09033,6417,0,0
1687978800,1.09032,1.09185,1.0903,1.09109,3609,0,0
1687982400,1.09109,1.09178,1.09099,1.0915,2202,0,0
1687986000,1.09149,1.0924,1.09149,1.09224,2232,0,0
1687989600,1.09224,1.09224,1.09137,1.0916,1065,0,0
1687993200,1.09162,1.09168,1.0911,1.09124,806,0,0
1687996800,1.09123,1.0914,1.091,1.09125,329,9,0
1688000400,1.09125,1.09152,1.09121,1.09139,674,1,0
1688004000,1.09137,1.09187,1.09137,1.09151,799,0,0
1688007600,1.09151,1.09162,1.09012,1.0907,2124,0,0
1688011200,1.0907,1.09144,1.09057,1.09063,3164,0,0
1688014800,1.09063,1.09064,1.08931,1.08934,2495,0,0
1688018400,1.08934,1.08957,1.08905,1.0893,1926,0,0
1688022000,1.08931,1.08935,1.08807,1.08855,1848,0,0
1688025600,1.08856,1.08948,1.08842,1.08943,3084,0,0
1688029200,1.08942,1.09003,1.08898,1.08975,4433,0,0
1688032800,1.08977,1.09206,1.08977,1.09168,6299,0,0
1688036400,1.09164,1.09219,1.09105,1.09143,4594,0,0
1688040000,1.09146,1.09193,1.09115,1.09167,3090,0,0
1688043600,1.09167,1.09279,1.09164,1.09277,2901,0,0
1688047200,1.09277,1.09398,1.0925799999999999,1.09387,2656,0,0
1688050800,1.09386,1.09415,1.08732,1.08811,10817,0,0
1688054400,1.08812,1.08854,1.08602,1.0869,9106,0,0
1688058000,1.08691,1.0894,1.08691,1.08897,9925,0,0
1688061600,1.08897,1.08968,1.08788,1.08804,4745,0,0
1688065200,1.08804,1.08837,1.08688,1.08707,2966,0,0
1688068800,1.08707,1.08752,1.08683,1.08725,2507,0,0
1688072400,1.08725,1.08728,1.08657,1.08671,2715,0,0
1688076000,1.08672,1.08722,1.08666,1.08693,1949,0,0
1688079600,1.08693,1.08694,1.08622,1.08631,1043,0,0
1688083200,1.08632,1.08667,1.08608,1.08638,338,8,0
1688086800,1.08637,1.08668,1.08622,1.08652,908,1,0
1688090400,1.08652,1.08681,1.08642,1.0867499999999999,747,0,0
1688094000,1.0867499999999999,1.0874,1.08634,1.08721,2155,0,0
1688097600,1.08722,1.08755,1.08603,1.08615,2790,0,0
1688101200,1.08616,1.08714,1.08612,1.08664,1742,0,0
1688104800,1.08664,1.08749,1.08657,1.08714,1632,0,0
1688108400,1.08714,1.08739,1.08681,1.08698,992,0,0
1688112000,1.08699,1.08756,1.0867,1.08696,1703,0,0
1688115600,1.08695,1.08698,1.08569,1.08641,3562,0,0
1688119200,1.08641,1.08693,1.08535,1.08564,4036,0,0
1688122800,1.08564,1.08567,1.08354,1.08386,3353,0,0
1688126400,1.08386,1.08493,1.08357,1.08458,2929,0,0
1688130000,1.08458,1.08538,1.08412,1.08534,2179,0,0
1688133600,1.08534,1.08592,1.0849,1.08536,2107,0,0
1688137200,1.08539,1.08977,1.08532,1.08971,7000,0,0
1688140800,1.08971,1.09168,1.08962,1.09141,7773,0,0
1688144400,1.09144,1.0931899999999999,1.09086,1.09103,9327,0,0
1688148000,1.09103,1.09193,1.09067,1.09191,5605,0,0
1688151600,1.09192,1.09224,1.09123,1.09184,3054,0,0
1688155200,1.09184,1.09229,1.09099,1.09119,2114,0,0
1688158800,1.09118,1.09159,1.09106,1.09112,1437,0,0
1688162400,1.09114,1.09147,1.09094,1.0913,2474,0,0
1688166000,1.09127,1.09133,1.09076,1.0909200000000001,1176,0,0
1688342400,1.0909,1.09118,1.09062,1.09067,245,12,0
1688346000,1.09066,1.0913,1.09066,1.09091,812,2,0
1688349600,1.09093,1.09104,1.09063,1.09072,714,0,0
1688353200,1.09072,1.09097,1.09004,1.09013,1302,0,0
1688356800,1.09013,1.09178,1.09009,1.09086,1828,0,0
1688360400,1.09086,1.09105,1.09063,1.09074,1014,0,0
1688364000,1.09074,1.0913599999999999,1.09065,1.09124,782,0,0
1688367600,1.09125,1.09182,1.09125,1.09177,699,0,0
1688371200,1.09177,1.09182,1.0903100000000001,1.09035,1043,0,0
1688374800,1.09034,1.09069,1.0888,1.08903,3108,0,0
1688378400,1.08903,1.0891,1.08702,1.08748,4542,0,0
1688382000,1.08748,1.0889199999999999,1.08731,1.08864,2978,0,0
1688385600,1.08864,1.08919,1.08762,1.08902,2944,0,0
1688389200,1.08902,1.08963,1.08816,1.08922,2310,0,0
1688392800,1.08922,1.09047,1.08873,1.08992,2946,0,0
1688396400,1.08987,1.09103,1.0894,1.09089,3420,0,0
1688400000,1.0909,1.09206,1.09045,1.0913599999999999,4590,0,0
1688403600,1.0913599999999999,1.0934,1.09028,1.09067,8400,0,0
1688407200,1.09067,1.0923,1.09017,1.09182,4829,0,0
1688410800,1.09182,1.09214,1.09138,1.09157,2517,0,0
1688414400,1.0916,1.09164,1.09085,1.09085,1119,0,0
1688418000,1.09085,1.09128,1.09085,1.09118,927,0,0
1688421600,1.0912,1.0912,1.09091,1.09091,642,0,0
1688425200,1.09091,1.09139,1.09087,1.09103,422,1,0
1688428800,1.09102,1.09142,1.09083,1.09111,269,13,0
1688432400,1.09111,1.09152,1.09111,1.09125,358,2,0
1688436000,1.09125,1.09149,1.09121,1.09129,321,0,0
1688439600,1.09128,1.09137,1.09084,1.09096,934,0,0
1688443200,1.09096,1.09163,1.09082,1.09108,1057,0,0
1688446800,1.09107,1.09114,1.09022,1.09058,657,0,0
1688450400,1.09056,1.09091,1.09037,1.09045,684,0,0
1688454000,1.09045,1.09055,1.09006,1.09007,1019,0,0
1688457600,1.09008,1.09012,1.08943,1.08952,828,0,0
1688461200,1.08952,1.09148,1.0895,1.09148,2421,0,0
1688464800,1.09148,1.09148,1.08963,1.0903,3025,0,0
1688468400,1.0903,1.09046,1.08921,1.08956,2309,0,0
1688472000,1.08956,1.0903100000000001,1.08942,1.08986,1826,0,0
1688475600,1.08986,1.09039,1.08956,1.08961,2025,0,0
1688479200,1.08961,1.09022,1.08897,1.08983,2056,0,0
1688482800,1.08983,1.09013,1.08938,1.09007,1990,0,0
1688486400,1.09006,1.09013,1.08962,1.08999,2218,0,0
1688490000,1.09,1.0907499999999999,1.08983,1.09019,2471,0,0
1688493600,1.09019,1.09028,1.08965,1.09011,1881,0,0
1688497200,1.09012,1.0901399999999999,1.0892,1.08945,1101,0,0
1688500800,1.08946,1.08973,1.08929,1.08939,469,0,0
1688504400,1.08938,1.08961,1.08867,1.08876,375,0,0
1688508000,1.08876,1.08879,1.08805,1.08834,672,0,0
1688511600,1.08832,1.08835,1.08767,1.08784,662,0,0
1688515200,1.0879,1.08813,1.0875,1.08792,287,14,0
1688518800,1.08792,1.08816,1.08767,1.08805,437,2,0
1688522400,1.08802,1.08833,1.08793,1.08824,729,0,0
1688526000,1.08825,1.08905,1.08825,1.08868,1247,0,0
1688529600,1.08867,1.08871,1.08764,1.0877,1383,0,0
1688533200,1.08771,1.08783,1.08749,1.08781,867,0,0
1688536800,1.08781,1.08792,1.08751,1.08774,697,0,0
1688540400,1.08774,1.08776,1.08751,1.08759,459,0,0
1688544000,1.08759,1.0884,1.08679,1.08815,1313,0,0
1688547600,1.08815,1.0889,1.08715,1.08827,2292,0,0
1688551200,1.08828,1.09079,1.08823,1.08867,5140,0,0
1688554800,1.08865,1.08942,1.08664,1.08881,5800,0,0
1688558400,1.0888,1.08957,1.08755,1.08943,3347,0,0
1688562000,1.08943,1.0895,1.08774,1.08782,2461,0,0
1688565600,1.08782,1.08824,1.08755,1.08792,2459,0,0
1688569200,1.08792,1.09021,1.08757,1.08943,4569,0,0
1688572800,1.08943,1.0901399999999999,1.08858,1.08915,4327,0,0
1688576400,1.08917,1.08949,1.08671,1.0873599999999999,6344,0,0
1688580000,1.0873599999999999,1.0877,1.0865,1.08671,3030,0,0
1688583600,1.08671,1.08672,1.08592,1.08609,2048,0,0
1688587200,1.08609,1.08639,1.08583,1.08598,1304,0,0
1688590800,1.08598,1.08654,1.0851,1.08535,2167,0,0
1688594400,1.08536,1.08567,1.08526,1.0855,1010,0,0
1688598000,1.08551,1.08556,1.08526,1.08534,783,0,0
1688601600,1.08533,1.08567,1.08499,1.08544,727,13,0
1688605200,1.08547,1.0857,1.08526,1.08527,491,2,0
1688608800,1.08527,1.08562,1.0852,1.08552,375,0,0
1688612400,1.08554,1.0856,1.08463,1.0849,1129,0,0
1688616000,1.0849,1.08505,1.08428,1.08501,1240,0,0
1688619600,1.085,1.08531,1.08461,1.08471,1087,0,0
1688623200,1.08471,1.08471,1.08399,1.08402,894,0,0
1688626800,1.084,1.08437,1.08337,1.08434,1629,0,0
1688630400,1.08433,1.08564,1.08417,1.0855299999999999,1838,0,0
1688634000,1.08552,1.08693,1.08529,1.08673,3059,0,0
1688637600,1.08673,1.08755,1.08523,1.08555,4222,0,0
1688641200,1.08555,1.08658,1.08455,1.08641,4216,0,0
1688644800,1.08643,1.08687,1.08602,1.08618,2437,0,0
1688648400,1.08617,1.089,1.08613,1.08869,4552,0,0
1688652000,1.08869,1.08979,1.08835,1.08954,2916,0,0
1688655600,1.08954,1.09007,1.08585,1.08739,11299,0,0
1688659200,1.08739,1.08878,1.08672,1.08828,8078,0,0
1688662800,1.08775,1.08789,1.08336,1.08683,11428,0,0
1688666400,1.08683,1.08783,1.08584,1.0872,4940,0,0
1688670000,1.0872,1.08862,1.08708,1.08725,2978,0,0
1688673600,1.08723,1.08822,1.08722,1.0882,1525,0,0
1688677200,1.0882,1.08858,1.08774,1.08809,1212,0,0
1688680800,1.08809,1.08887,1.08809,1.08881,1214,0,0
1688684400,1.08881,1.08929,1.08852,1.08883,632,0,0
1688688000,1.08853,1.08887,1.0884800000000001,1.08879,214,9,0
1688691600,1.08879,1.08911,1.08876,1.0891,505,2,0
1688695200,1.0891,1.08949,1.08893,1.08895,533,0,0
1688698800,1.08895,1.08912,1.08824,1.08853,1459,0,0
1688702400,1.08851,1.08913,1.08849,1.0887,1203,0,0
1688706000,1.0887,1.08885,1.08834,1.0886,638,0,0
1688709600,1.08858,1.08915,1.08858,1.08877,730,0,0
1688713200,1.08877,1.08951,1.08857,1.08912,840,0,0
1688716800,1.08916,1.08963,1.08862,1.08875,1108,0,0
1688720400,1.08876,1.09003,1.08809,1.0883,2879,0,0
1688724000,1.08829,1.08911,1.08716,1.08761,3819,0,0
1688727600,1.0876,1.08809,1.08671,1.08776,3631,0,0
1688731200,1.08776,1.0889199999999999,1.08701,1.08805,3504,0,0
1688734800,1.08805,1.08964,1.08779,1.08924,2409,0,0
1688738400,1.08924,1.08971,1.08876,1.08877,2386,0,0
1688742000,1.08878,1.09316,1.08746,1.09118,13557,0,0
1688745600,1.09117,1.0925,1.08954,1.09163,12297,0,0
1688749200,1.09164,1.09541,1.09097,1.0949,7955,0,0
1688752800,1.09489,1.09635,1.09447,1.09631,5432,0,0
1688756400,1.09632,1.09728,1.09631,1.09718,3173,0,0
1688760000,1.09717,1.09734,1.09665,1.09677,2198,0,0
1688763600,1.09677,1.09704,1.0965799999999999,1.09674,1705,0,0
1688767200,1.09674,1.09696,1.09633,1.09668,1733,0,0
1688770800,1.09668,1.09695,1.09645,1.0968,794,0,0
1688947200,1.0959,1.09665,1.09541,1.09641,301,20,0
1688950800,1.09649,1.09698,1.09635,1.09662,956,2,0
1688954400,1.09662,1.0968,1.09623,1.0967,746,0,0
1688958000,1.0967,1.0969,1.09569,1.09642,1495,0,0
1688961600,1.09642,1.09695,1.09572,1.09605,1846,0,0
1688965200,1.09605,1.09633,1.09565,1.09606,1261,0,0
1688968800,1.09606,1.09623,1.0953,1.09559,965,0,0
1688972400,1.09559,1.09581,1.09526,1.09531,926,0,0
1688976000,1.09531,1.09563,1.09461,1.09462,1246,0,0
1688979600,1.09462,1.09548,1.09452,1.09504,2481,0,0
1688983200,1.09504,1.09655,1.09484,1.09545,3002,0,0
1688986800,1.09545,1.09656,1.09529,1.09648,2256,0,0
1688990400,1.09648,1.09734,1.09606,1.09618,2793,0,0
1688994000,1.09618,1.09653,1.09547,1.09594,2172,0,0
1688997600,1.09594,1.09622,1.09534,1.09539,1971,0,0
1689001200,1.09539,1.09582,1.09436,1.0947,3836,0,0
1689004800,1.09471,1.09713,1.09471,1.0967,4977,0,0
1689008400,1.09672,1.09803,1.09663,1.09747,4983,0,0
1689012000,1.09747,1.09929,1.09747,1.09901,3490,0,0
1689015600,1.09899,1.09913,1.09826,1.09893,1971,0,0
1689019200,1.09893,1.09967,1.09875,1.09953,1621,0,0
1689022800,1.09953,1.09994,1.09916,1.09991,1320,0,0
1689026400,1.09991,1.10004,1.09965,1.09981,1250,0,0
1689030000,1.09983,1.10015,1.09969,1.10007,622,0,0
1689033600,1.10008,1.10015,1.09946,1.09986,246,2,0
1689037200,1.0999,1.1002399999999999,1.09986,1.10009,503,2,0
1689040800,1.10009,1.10058,1.10009,1.10049,511,0,0
1689044400,1.10049,1.10088,1.10016,1.10067,1152,0,0
1689048000,1.10068,1.10131,1.10058,1.10092,1283,0,0
1689051600,1.10092,1.10202,1.10063,1.10188,1247,0,0
1689055200,1.10188,1.10192,1.10119,1.10175,1120,0,0
1689058800,1.10175,1.10201,1.10154,1.10198,770,0,0
1689062400,1.10198,1.10222,1.1006,1.10072,1608,0,0
1689066000,1.10071,1.1027,1.10071,1.10214,3368,0,0
1689069600,1.10214,1.10229,1.10076,1.10083,4370,0,0
1689073200,1.10082,1.10156,1.10022,1.10027,2665,0,0
1689076800,1.10027,1.10086,1.09973,1.10063,4140,0,0
1689080400,1.10063,1.10127,1.10039,1.1006,2575,0,0
1689084000,1.1006,1.10063,1.09831,1.09837,3146,0,0
1689087600,1.09837,1.09904,1.09769,1.0982,4242,0,0
1689091200,1.09819,1.09936,1.09796,1.09872,4790,0,0
1689094800,1.09874,1.09933,1.09783,1.099,4102,0,0
1689098400,1.099,1.09947,1.09865,1.09918,2847,0,0
1689102000,1.09918,1.10029,1.0991,1.10023,1893,0,0
1689105600,1.10022,1.10092,1.1002,1.10067,1633,0,0
1689109200,1.10067,1.10077,1.09977,1.09992,1021,0,0
1689112800,1.09992,1.10074,1.0999,1.10063,1529,0,0
1689116400,1.10063,1.10086,1.10049,1.10079,553,0,0
1689120000,1.10074,1.10088,1.09972,1.10056,504,2,0
1689123600,1.10057,1.10118,1.10057,1.10116,376,2,0
1689127200,1.10116,1.10143,1.10112,1.10137,356,0,0
1689130800,1.10137,1.10216,1.10121,1.10187,1685,0,0
1689134400,1.10187,1.10317,1.10185,1.10272,1853,0,0
1689138000,1.10272,1.10335,1.1025,1.1031,1577,0,0
1689141600,1.1031,1.10315,1.10267,1.10296,1029,0,0
1689145200,1.10296,1.10369,1.10293,1.10362,1080,0,0
1689148800,1.10362,1.10362,1.10257,1.10262,1458,0,0
1689152400,1.10262,1.10355,1.10205,1.10225,2179,0,0
1689156000,1.10223,1.10298,1.10215,1.10271,3033,0,0
1689159600,1.10271,1.10306,1.10216,1.10223,2463,0,0
1689163200,1.10222,1.1028,1.10184,1.10248,2141,0,0
1689166800,1.10248,1.10254,1.10187,1.10222,1840,0,0
1689170400,1.10223,1.10247,1.1013600000000001,1.10148,2770,0,0
1689174000,1.10153,1.1072,1.10149,1.10582,13274,0,0
1689177600,1.10583,1.11006,1.1056300000000001,1.10979,10625,0,0
1689181200,1.10977,1.11236,1.10887,1.11203,10096,0,0
1689184800,1.11204,1.11254,1.11105,1.11222,6793,0,0
1689188400,1.11221,1.11335,1.11205,1.11321,3451,0,0
1689192000,1.11319,1.11326,1.11246,1.11297,1976,0,0
1689195600,1.11301,1.114,1.1128,1.11383,2287,0,0
1689199200,1.11383,1.11404,1.11335,1.11372,1516,0,0
1689202800,1.1137,1.11379,1.11273,1.11292,1123,0,0
1689206400,1.1125099999999999,1.11333,1.1125099999999999,1.11282,456,14,0
1689210000,1.11275,1.1137,1.11275,1.11351,901,2,0
1689213600,1.11351,1.11405,1.11342,1.11402,784,0,0
1689217200,1.11403,1.1145100000000001,1.11375,1.11381,1408,0,0
1689220800,1.11381,1.11456,1.11365,1.11449,1631,0,0
1689224400,1.11449,1.11474,1.11394,1.1146,1369,0,0
1689228000,1.1146,1.11488,1.11424,1.11457,1099,0,0
1689231600,1.11457,1.11486,1.11406,1.11411,849,0,0
1689235200,1.11411,1.11433,1.11296,1.11311,1885,0,0
1689238800,1.11309,1.11501,1.11307,1.11484,3964,0,0
1689242400,1.11484,1.11578,1.11361,1.11554,5833,0,0
1689246000,1.11554,1.11701,1.11502,1.1161,4598,0,0
1689249600,1.1161,1.11744,1.11552,1.11728,3498,0,0
1689253200,1.11728,1.11737,1.11593,1.11715,3351,0,0
1689256800,1.11715,1.1178,1.11686,1.11744,2851,0,0
1689260400,1.11745,1.11893,1.11614,1.11797,9272,0,0
1689264000,1.11799,1.11951,1.11763,1.11943,8085,0,0
1689267600,1.11944,1.1196,1.11805,1.11959,6624,0,0
1689271200,1.11958,1.11967,1.11859,1.11928,3926,0,0
1689274800,1.11929,1.12089,1.11918,1.12059,3364,0,0
1689278400,1.12058,1.12185,1.12023,1.12158,2430,0,0
1689282000,1.12157,1.12227,1.12132,1.12226,2154,0,0
1689285600,1.12226,1.12271,1.12193,1.12264,2129,0,0
1689289200,1.12262,1.12279,1.12242,1.12252,995,0,0
1689292800,1.12257,1.12257,1.12028,1.12238,713,14,0
1689296400,1.12241,1.12296,1.12215,1.12245,749,1,0
1689300000,1.12248,1.12281,1.12215,1.12231,725,0,0
1689303600,1.1223,1.12247,1.12133,1.12227,2293,0,0
1689307200,1.12227,1.12337,1.12222,1.12331,2364,0,0
1689310800,1.12328,1.12386,1.12312,1.12354,1384,0,0
1689314400,1.12354,1.12429,1.12336,1.12413,1182,0,0
1689318000,1.12413,1.12413,1.12328,1.12332,1076,0,0
1689321600,1.12332,1.12353,1.12183,1.12193,1761,0,0
1689325200,1.12193,1.12257,1.12056,1.12102,3126,0,0
1689328800,1.12101,1.1221700000000001,1.12043,1.12216,3406,0,0
1689332400,1.12215,1.12358,1.12213,1.12313,3666,0,0
1689336000,1.12313,1.1245,1.12263,1.12269,3283,0,0
1689339600,1.12268,1.12268,1.12157,1.12203,2927,0,0
1689343200,1.12204,1.12343,1.12194,1.12244,2905,0,0
1689346800,1.12244,1.12272,1.12099,1.12258,4962,0,0
1689350400,1.12258,1.12441,1.12177,1.12397,4916,0,0
1689354000,1.12344,1.1244399999999999,1.1215,1.12417,12322,0,0
1689357600,1.12418,1.1244399999999999,1.1235,1.12357,3651,0,0
1689361200,1.12357,1.12432,1.12331,1.12395,2206,0,0
1689364800,1.12399,1.12399,1.12265,1.12342,2071,0,0
1689368400,1.12342,1.12367,1.12314,1.12341,1813,0,0
1689372000,1.12342,1.12342,1.12302,1.12303,233,0,0
1689552000,1.12288,1.12345,1.12195,1.12289,358,20,0
1689555600,1.12293,1.12314,1.1224,1.1225,584,2,0
1689559200,1.1225,1.12293,1.12229,1.12269,790,0,0
1689562800,1.12273,1.12297,1.12232,1.12246,920,0,0
1689566400,1.12246,1.12273,1.12171,1.12177,1570,0,0
1689570000,1.12175,1.12279,1.12145,1.12265,1367,0,0
1689573600,1.12265,1.12284,1.12244,1.12265,741,0,0
1689577200,1.12265,1.12275,1.12224,1.1227,711,0,0
1689580800,1.1227,1.12345,1.12221,1.12326,1282,0,0
1689584400,1.12326,1.124,1.12226,1.12333,2515,0,0
1689588000,1.12332,1.12452,1.12296,1.12449,3626,0,0
1689591600,1.12448,1.12488,1.12365,1.1238,3013,0,0
1689595200,1.1238,1.1245,1.12346,1.12435,2437,0,0
1689598800,1.12433,1.12437,1.12309,1.12313,1910,0,0
1689602400,1.12313,1.12377,1.12292,1.12339,1678,0,0
1689606000,1.12338,1.12371,1.12209,1.12356,4827,0,0
1689609600,1.12356,1.12359,1.12033,1.12213,5296,0,0
1689613200,1.12214,1.12334,1.12177,1.1232199999999999,3614,0,0
1689616800,1.1232199999999999,1.1238,1.12254,1.12352,2315,0,0
1689620400,1.12354,1.1238299999999999,1.12301,1.1233,1110,0,0
1689624000,1.1233,1.1244399999999999,1.1232199999999999,1.12405,2024,0,0
1689627600,1.12405,1.12442,1.12393,1.12431,1675,0,0
1689631200,1.12431,1.12461,1.12413,1.12439,1144,0,0
1689634800,1.1244,1.1244,1.12314,1.12314,908,0,0
1689638400,1.12314,1.1239,1.12308,1.12361,355,16,0
1689642000,1.12362,1.12401,1.12361,1.12392,405,2,0
1689645600,1.12393,1.12398,1.1237,1.12375,472,0,0
1689649200,1.12375,1.12464,1.12347,1.12418,1427,0,0
1689652800,1.12419,1.12558,1.12385,1.1245,2778,0,0
1689656400,1.12451,1.12488,1.12432,1.12476,1274,0,0
1689660000,1.12476,1.12547,1.12445,1.12538,1431,0,0
1689663600,1.12539,1.12564,1.12503,1.12518,1280,0,0
1689667200,1.12518,1.12641,1.1249500000000001,1.12502,1821,0,0
1689670800,1.12502,1.12573,1.12404,1.12563,3161,0,0
1689674400,1.12562,1.12758,1.12432,1.12539,6737,0,0
1689678000,1.1254,1.1256,1.12281,1.12369,4719,0,0
1689681600,1.1237300000000001,1.12494,1.1237,1.12488,2476,0,0
1689685200,1.12489,1.12601,1.1247,1.12573,2684,0,0
1689688800,1.12572,1.12578,1.12419,1.12534,2710,0,0
1689692400,1.12534,1.12698,1.12231,1.12397,10705,0,0
1689696000,1.12398,1.1246,1.12168,1.12266,10383,0,0
1689699600,1.12265,1.12402,1.12251,1.12369,9282,0,0
1689703200,1.1237,1.12455,1.12212,1.12226,3800,0,0
1689706800,1.12227,1.12285,1.12089,1.12148,2245,0,0
1689710400,1.12148,1.12211,1.12094,1.12189,1443,0,0
1689714000,1.12189,1.12311,1.12138,1.1229,1903,0,0
1689717600,1.1229,1.12308,1.12244,1.12301,1782,0,0
1689721200,1.12302,1.12315,1.12265,1.1228,1071,0,0
1689724800,1.12263,1.12294,1.12232,1.12267,375,8,0
1689728400,1.1226099999999999,1.12326,1.12259,1.12314,447,1,0
1689732000,1.12314,1.12321,1.12249,1.12279,965,0,0
1689735600,1.12279,1.12327,1.12269,1.12296,1299,0,0
1689739200,1.12296,1.12313,1.12218,1.12249,1837,0,0
1689742800,1.12252,1.12255,1.12163,1.1221700000000001,1734,0,0
1689746400,1.1221700000000001,1.12266,1.12203,1.1226099999999999,1177,0,0
1689750000,1.1226099999999999,1.12266,1.12199,1.12218,872,0,0
1689753600,1.1221700000000001,1.12357,1.12203,1.12352,1386,0,0
1689757200,1.12355,1.12356,1.11958,1.1213,7724,0,0
1689760800,1.12131,1.1237300000000001,1.12126,1.12271,5933,0,0
1689764400,1.1227,1.12324,1.12202,1.12323,3744,0,0
1689768000,1.12321,1.12402,1.12257,1.12296,2923,0,0
1689771600,1.12296,1.12296,1.12158,1.12161,2601,0,0
1689775200,1.12161,1.1219999999999999,1.12101,1.12132,2400,0,0
1689778800,1.1213,1.12241,1.12088,1.12171,4939,0,0
1689782400,1.12171,1.12247,1.12133,1.12137,5500,0,0
1689786000,1.12137,1.12144,1.11744,1.11908,8314,0,0
1689789600,1.11908,1.11994,1.11896,1.11941,4922,0,0
1689793200,1.11942,1.11952,1.11801,1.11921,3758,0,0
1689796800,1.11921,1.11997,1.11902,1.11991,2408,0,0
1689800400,1.11991,1.12021,1.11951,1.12018,1454,0,0
1689804000,1.12018,1.1205,1.11984,1.12037,1790,0,0
1689807600,1.12037,1.12045,1.11986,1.11986,662,0,0
1689811200,1.11991,1.12024,1.11941,1.11997,637,10,0
1689814800,1.12001,1.12036,1.1199,1.12032,515,2,0
1689818400,1.12032,1.12051,1.12021,1.12049,488,0,0
1689822000,1.12049,1.12202,1.12039,1.12182,2288,0,0
1689825600,1.12181,1.12285,1.1215600000000001,1.12256,2787,0,0
1689829200,1.12256,1.1229,1.12209,1.12252,1504,0,0
1689832800,1.1225,1.12272,1.12186,1.12259,1243,0,0
1689836400,1.12259,1.12268,1.1219999999999999,1.12214,768,0,0
1689840000,1.12214,1.12232,1.12131,1.12165,1699,0,0
1689843600,1.12166,1.12179,1.12058,1.12108,2596,0,0
1689847200,1.12108,1.1221,1.11981,1.12054,4536,0,0
1689850800,1.12055,1.12135,1.12012,1.12086,3595,0,0
1689854400,1.12086,1.12143,1.12052,1.12118,2644,0,0
1689858000,1.12118,1.12167,1.1201699999999999,1.12041,2430,0,0
1689861600,1.12041,1.12126,1.11987,1.12071,2639,0,0
1689865200,1.12071,1.12071,1.11772,1.11827,7615,0,0
1689868800,1.11826,1.11879,1.11721,1.11829,5664,0,0
1689872400,1.11832,1.11886,1.11406,1.1147,9964,0,0
1689876000,1.11471,1.11525,1.11321,1.11348,4606,0,0
1689879600,1.11348,1.11387,1.11185,1.1124,2949,0,0
1689883200,1.11241,1.11348,1.1122,1.11304,2565,0,0
1689886800,1.11304,1.11307,1.11235,1.11262,1635,0,0
1689890400,1.11263,1.11334,1.1126,1.11319,1689,0,0
1689894000,1.1132,1.11322,1.11283,1.1129,634,0,0
1689897600,1.11291,1.11343,1.11234,1.11342,1051,4,0
1689901200,1.11342,1.11365,1.1131,1.11347,546,2,0
1689904800,1.11347,1.1138,1.11334,1.11344,606,0,0
1689908400,1.11344,1.11382,1.11298,1.11375,1404,0,0
1689912000,1.11374,1.11405,1.1131,1.11388,2656,0,0
1689915600,1.11388,1.11417,1.11361,1.11395,1305,0,0
1689919200,1.11395,1.11405,1.11344,1.11362,964,0,0
1689922800,1.11362,1.11398,1.11345,1.11396,999,0,0
1689926400,1.11396,1.11438,1.11338,1.11433,1213,0,0
1689930000,1.11432,1.11449,1.11355,1.11429,3066,0,0
1689933600,1.1143,1.11447,1.1125,1.11282,5131,0,0
1689937200,1.1128,1.11377,1.11216,1.11283,4650,0,0
1689940800,1.11283,1.11321,1.1122,1.1128,4420,0,0
1689944400,1.1128,1.11292,1.11202,1.11255,2602,0,0
1689948000,1.11255,1.11314,1.11173,1.11183,2918,0,0
1689951600,1.11184,1.11344,1.11184,1.11284,4615,0,0
1689955200,1.11284,1.11381,1.11117,1.11187,5396,0,0
1689958800,1.11187,1.11188,1.1108,1.11134,4798,0,0
1689962400,1.11132,1.11261,1.11122,1.11196,2905,0,0
1689966000,1.11197,1.11254,1.11156,1.11235,1402,0,0
1689969600,1.11235,1.1129,1.11229,1.1126,1152,0,0
1689973200,1.1126,1.11303,1.11241,1.11248,1660,0,0
1689976800,1.11248,1.11255,1.11192,1.11255,883,0,0
1689980400,1.11254,1.11292,1.11241,1.11246,686,0,0
1690156800,1.11213,1.11327,1.11203,1.11315,396,13,0
1690160400,1.11317,1.11317,1.11243,1.1128,1057,2,0
1690164000,1.11279,1.11301,1.11236,1.11243,771,0,0
1690167600,1.11243,1.11328,1.11227,1.11298,1056,0,0
1690171200,1.11298,1.11308,1.11196,1.11223,1783,0,0
1690174800,1.11219,1.11311,1.1120700000000001,1.11265,1262,0,0
1690178400,1.11264,1.11291,1.11248,1.11255,942,0,0
1690182000,1.11255,1.11256,1.1117,1.11202,714,0,0
1690185600,1.11199,1.11325,1.11188,1.1132,1230,0,0
1690189200,1.1132,1.11411,1.11246,1.11358,3124,0,0
1690192800,1.11358,1.1147,1.10746,1.10811,11235,0,0
1690196400,1.1081,1.10876,1.10653,1.1071,7604,0,0
1690200000,1.1071,1.10921,1.10696,1.1082,3650,0,0
1690203600,1.10816,1.10936,1.10801,1.10917,2609,0,0
1690207200,1.10918,1.1109,1.10879,1.10974,3184,0,0
1690210800,1.10976,1.10998,1.10826,1.10877,3352,0,0
1690214400,1.10877,1.11049,1.10747,1.1085099999999999,7532,0,0
1690218000,1.10852,1.10909,1.10691,1.10793,5858,0,0
1690221600,1.10794,1.1084100000000001,1.10711,1.10822,2895,0,0
1690225200,1.10822,1.10832,1.10716,1.10815,2286,0,0
1690228800,1.10815,1.10845,1.10687,1.10749,1781,0,0
1690232400,1.1075,1.10751,1.10673,1.10707,1172,0,0
1690236000,1.10707,1.10723,1.10604,1.10605,1173,0,0
1690239600,1.10603,1.10646,1.10603,1.10641,875,0,0
1690243200,1.10636,1.10669,1.10598,1.1062400000000001,473,9,0
1690246800,1.10621,1.10661,1.10618,1.10623,562,2,0
1690250400,1.10622,1.10647,1.10598,1.1063,515,0,0
1690254000,1.1063,1.10701,1.10628,1.10673,1345,0,0
1690257600,1.10673,1.10769,1.10671,1.10737,1981,0,0
1690261200,1.10737,1.10816,1.10703,1.10807,1638,0,0
1690264800,1.10808,1.10808,1.10754,1.10783,1586,0,0
1690268400,1.10783,1.10791,1.10689,1.10703,653,0,0
1690272000,1.10703,1.10783,1.10692,1.10763,1772,0,0
1690275600,1.10763,1.10869,1.10718,1.108,3243,0,0
1690279200,1.10798,1.10846,1.10699,1.10709,4379,0,0
1690282800,1.10707,1.10709,1.10526,1.10648,5464,0,0
1690286400,1.10648,1.10676,1.1042,1.10425,2727,0,0
1690290000,1.10423,1.10472,1.1041,1.10451,2132,0,0
1690293600,1.10451,1.10501,1.1039,1.10495,4368,0,0
1690297200,1.10491,1.10533,1.10425,1.10484,3452,0,0
1690300800,1.10484,1.10498,1.10254,1.10383,6307,0,0
1690304400,1.10383,1.10449,1.10206,1.10446,5541,0,0
1690308000,1.10446,1.10535,1.10421,1.10492,3355,0,0
1690311600,1.10492,1.10549,1.10411,1.10423,2233,0,0
1690315200,1.10422,1.10423,1.10355,1.10394,1808,0,0
1690318800,1.10394,1.10457,1.10358,1.10452,1740,0,0
1690322400,1.10451,1.10532,1.10434,1.10522,1663,0,0
1690326000,1.10522,1.10553,1.10497,1.10497,1078,1,0
1690329600,1.105,1.10567,1.1046,1.10564,608,16,0
1690333200,1.10567,1.10567,1.10486,1.10512,593,2,0
1690336800,1.10513,1.10523,1.10486,1.105,421,0,0
1690340400,1.105,1.10531,1.10442,1.10457,1275,0,0
1690344000,1.10457,1.10464,1.10378,1.10385,1863,0,0
1690347600,1.10385,1.10463,1.10379,1.10458,997,0,0
1690351200,1.10458,1.10506,1.1045,1.10495,722,0,0
1690354800,1.10496,1.10531,1.10462,1.10482,1161,0,0
1690358400,1.10481,1.10629,1.10476,1.10623,1057,0,0
1690362000,1.10622,1.10712,1.10568,1.10635,3899,0,0
1690365600,1.10634,1.10748,1.10572,1.10696,4668,0,0
1690369200,1.10694,1.10777,1.10665,1.10757,3012,0,0
1690372800,1.10757,1.10778,1.10688,1.10748,1986,0,0
1690376400,1.10748,1.10861,1.10733,1.10822,2404,0,0
1690380000,1.10822,1.10839,1.10599,1.10628,2526,0,0
1690383600,1.10628,1.10708,1.10574,1.10683,3325,0,0
1690387200,1.10683,1.10732,1.10578,1.10651,4287,0,0
1690390800,1.10652,1.10716,1.10578,1.10637,4779,0,0
1690394400,1.10637,1.10798,1.10618,1.10769,3670,0,0
1690398000,1.10769,1.10823,1.10678,1.10719,2020,0,0
1690401600,1.10718,1.10718,1.10577,1.10582,1416,0,0
1690405200,1.1058,1.11049,1.10562,1.11037,19619,0,0
1690408800,1.11037,1.11065,1.10786,1.10965,9745,0,0
1690412400,1.10965,1.10967,1.10848,1.10852,863,0,0
1690416000,1.10856,1.1087,1.10738,1.10864,422,11,0
1690419600,1.10864,1.10891,1.1084,1.10845,562,2,0
1690423200,1.10844,1.10848,1.10776,1.1078000000000001,448,0,0
1690426800,1.1078000000000001,1.1087,1.10771,1.10861,2271,0,0
1690430400,1.10861,1.11001,1.10861,1.1099,1910,0,0
1690434000,1.1099,1.11179,1.1099,1.10993,2110,0,0
1690437600,1.10993,1.11058,1.10987,1.11002,1569,0,0
1690441200,1.11002,1.11079,1.10959,1.10959,1061,0,0
1690444800,1.10959,1.10996,1.1088,1.10886,1741,0,0
1690448400,1.10886,1.11004,1.10885,1.11002,3379,0,0
1690452000,1.11005,1.11342,1.10982,1.11288,4929,0,0
1690455600,1.11287,1.11393,1.11243,1.11391,3496,0,0
1690459200,1.11392,1.11441,1.1126800000000001,1.114,2985,0,0
1690462800,1.11396,1.11497,1.11365,1.11374,2681,0,0
1690466400,1.11374,1.11412,1.11313,1.11386,2445,0,0
1690470000,1.11386,1.11391,1.10473,1.10593,19198,0,0
1690473600,1.1059,1.10651,1.09916,1.10078,18185,0,0
1690477200,1.10079,1.10107,1.0984,1.0992,12718,0,0
1690480800,1.0992,1.10033,1.09877,1.0997,6379,0,0
1690484400,1.09972,1.10012,1.09862,1.0990199999999999,2853,0,0
1690488000,1.09905,1.10106,1.09869,1.09988,10836,0,0
1690491600,1.09986,1.09989,1.09718,1.09733,5125,0,0
1690495200,1.09733,1.09742,1.09659,1.0967,2272,0,0
1690498800,1.09671,1.0977,1.09662,1.09765,1167,0,0
1690502400,1.09762,1.09777,1.09737,1.09767,331,13,0
1690506000,1.09769,1.09836,1.09763,1.09825,743,2,0
1690509600,1.09825,1.09832,1.09761,1.09778,1128,1,0
1690513200,1.09779,1.09825,1.09773,1.09802,1387,0,0
1690516800,1.09802,1.09859,1.09735,1.09822,2098,0,0
1690520400,1.09822,1.09856,1.09773,1.09827,1839,0,0
1690524000,1.09825,1.09881,1.09714,1.09766,8275,0,0
1690527600,1.09766,1.09786,1.09596,1.09729,5171,0,0
1690531200,1.09729,1.09865,1.09486,1.09862,5773,0,0
1690534800,1.09862,1.09913,1.09682,1.09709,7442,0,0
1690538400,1.09718,1.09879,1.09437,1.09514,9244,0,0
1690542000,1.09512,1.09689,1.09477,1.0959699999999999,6493,0,0
1690545600,1.09599,1.09771,1.09564,1.0973600000000001,3995,0,0
1690549200,1.0973600000000001,1.09968,1.09705,1.09936,3431,0,0
1690552800,1.09936,1.10183,1.09921,1.10094,5317,0,0
1690556400,1.10092,1.10334,1.10033,1.10093,8873,0,0
1690560000,1.10094,1.10175,1.09931,1.10172,7876,0,0
1690563600,1.10171,1.10477,1.1017,1.10357,9225,0,0
1690567200,1.10358,1.104,1.10223,1.10384,5863,0,0
1690570800,1.10384,1.10432,1.10252,1.10255,3824,0,0
1690574400,1.10255,1.10293,1.10152,1.10213,2620,0,0
1690578000,1.10208,1.10297,1.1016,1.10234,2315,0,0
1690581600,1.10235,1.10267,1.10192,1.10227,1922,0,0
1690585200,1.1023,1.10236,1.10116,1.10141,1756,0,0
1690761600,1.1023,1.1023,1.10101,1.1019700000000001,553,12,0
1690765200,1.10192,1.10276,1.10164,1.1026799999999999,1038,2,0
1690768800,1.10271,1.10279,1.10236,1.10236,844,0,0
1690772400,1.10239,1.10277,1.10194,1.10221,1459,0,0
1690776000,1.10221,1.10264,1.10141,1.10143,2071,0,0
1690779600,1.10142,1.10161,1.10093,1.10153,1827,0,0
1690783200,1.10153,1.10179,1.10121,1.10124,1455,0,0
1690786800,1.10124,1.10126,1.10059,1.1006,933,0,0
1690790400,1.1006,1.10147,1.10054,1.1014599999999999,1332,0,0
1690794000,1.10143,1.10176,1.10069,1.1011,2924,0,0
1690797600,1.10111,1.1029,1.10109,1.10196,4106,0,0
1690801200,1.10199,1.10359,1.10115,1.10339,4971,0,0
1690804800,1.1034,1.10376,1.10255,1.10326,3396,0,0
1690808400,1.10326,1.10403,1.10292,1.10367,3046,0,0
1690812000,1.10367,1.10367,1.10232,1.1027,2910,0,0
1690815600,1.10272,1.10386,1.1019,1.10282,4080,0,0
1690819200,1.10283,1.10457,1.10148,1.10377,6709,0,0
1690822800,1.10377,1.10459,1.10223,1.10252,7478,0,0
1690826400,1.10253,1.10297,1.10122,1.10184,5695,0,0
1690830000,1.10184,1.10202,1.10039,1.10067,2246,0,0
1690833600,1.10065,1.10114,1.10042,1.10048,1526,0,0
1690837200,1.10047,1.10081,1.09976,1.09987,1442,0,0
1690840800,1.09988,1.10008,1.09938,1.09955,1286,0,0
1690844400,1.09953,1.09973,1.09932,1.09964,546,0,0
1690848000,1.09966,1.09974,1.09899,1.09969,473,2,0
1690851600,1.0996299999999999,1.10029,1.09949,1.10007,526,2,0
1690855200,1.10009,1.10013,1.09967,1.09967,382,0,0
1690858800,1.09967,1.10017,1.09883,1.09889,1185,0,0
1690862400,1.09888,1.09908,1.09839,1.0986,1291,0,0
1690866000,1.09859,1.09871,1.09801,1.09846,910,0,0
1690869600,1.09846,1.0989,1.09837,1.09855,1004,0,0
1690873200,1.09855,1.0991,1.09818,1.09903,1225,0,0
1690876800,1.09898,1.09992,1.09864,1.0999,1601,0,0
1690880400,1.09989,1.10003,1.09885,1.09948,1995,0,0
1690884000,1.09948,1.09949,1.09702,1.09795,4208,0,0
1690887600,1.09795,1.09867,1.0971,1.09744,4795,0,0
1690891200,1.09745,1.09768,1.09659,1.09754,3138,0,0
1690894800,1.09753,1.09846,1.09694,1.09823,2595,0,0
1690898400,1.09823,1.09824,1.09739,1.09757,2774,0,0
1690902000,1.09756,1.0977,1.09525,1.09564,5671,0,0
1690905600,1.09565,1.09782,1.0956,1.09727,5924,0,0
1690909200,1.09725,1.09891,1.09611,1.09784,11416,0,0
1690912800,1.09783,1.09849,1.09607,1.09704,5254,0,0
1690916400,1.09704,1.09782,1.09683,1.0972,1736,0,0
1690920000,1.0972,1.09765,1.09628,1.09636,1670,0,0
1690923600,1.09635,1.09746,1.09633,1.09737,1701,0,0
1690927200,1.09737,1.09852,1.0973600000000001,1.09827,1824,0,0
1690930800,1.09826,1.09848,1.09805,1.09842,683,0,0
1690934400,1.09816,1.10187,1.09756,1.10172,974,15,0
1690938000,1.10176,1.10182,1.09982,1.10093,2038,1,0
1690941600,1.10093,1.10165,1.10043,1.10076,1489,0,0
1690945200,1.10076,1.1008,1.09924,1.09962,2463,0,0
1690948800,1.09962,1.1007,1.09913,1.09916,2008,0,0
1690952400,1.09915,1.09922,1.098,1.09844,1551,0,0
1690956000,1.0984099999999999,1.09887,1.09801,1.09868,1424,0,0
1690959600,1.09868,1.09892,1.09816,1.09892,1124,0,0
1690963200,1.09892,1.10007,1.09885,1.09943,2105,0,0
1690966800,1.09944,1.09962,1.09814,1.09898,2367,0,0
1690970400,1.09899,1.09974,1.09815,1.09901,4913,0,0
1690974000,1.09903,1.09927,1.09762,1.09844,4492,0,0
1690977600,1.09843,1.09852,1.09764,1.09806,3008,0,0
1690981200,1.09806,1.09806,1.09683,1.0979,2725,0,0
1690984800,1.0979,1.098,1.09727,1.09785,3065,0,0
1690988400,1.09785,1.09872,1.09576,1.09598,9597,0,0
1690992000,1.09598,1.0968,1.09501,1.0950199999999999,6942,0,0
1690995600,1.09503,1.09508,1.09178,1.09274,11691,0,0
1690999200,1.09273,1.09443,1.09232,1.09383,5453,0,0
1691002800,1.09383,1.09529,1.09369,1.09506,2856,0,0
1691006400,1.09506,1.09576,1.09461,1.09461,1911,0,0
1691010000,1.09461,1.09496,1.09409,1.0943,1233,0,0
1691013600,1.0943,1.09457,1.09349,1.09397,1100,0,0
1691017200,1.09398,1.09398,1.0935,1.09379,486,0,0
1691020800,1.09371,1.09395,1.09306,1.09368,1243,3,0
1691024400,1.09365,1.09446,1.09361,1.09445,530,2,0
1691028000,1.09445,1.09455,1.09427,1.09434,415,0,0
1691031600,1.09434,1.09436,1.09371,1.09399,1120,0,0
1691035200,1.09398,1.09491,1.09377,1.09436,1847,0,0
1691038800,1.09435,1.09447,1.09346,1.09352,1235,0,0
1691042400,1.09352,1.09352,1.09302,1.09348,829,0,0
1691046000,1.09347,1.09359,1.09225,1.09233,1040,0,0
1691049600,1.09234,1.09408,1.09192,1.09394,2844,0,0
1691053200,1.09392,1.0943,1.09202,1.09218,5065,0,0
1691056800,1.09219,1.09278,1.09138,1.09189,5674,0,0
1691060400,1.09187,1.09249,1.09124,1.0924800000000001,4559,0,0
1691064000,1.0924800000000001,1.09385,1.09237,1.09318,3909,0,0
1691067600,1.09318,1.09357,1.09217,1.09344,2824,0,0
1691071200,1.09344,1.09488,1.09242,1.09352,6968,0,0
1691074800,1.0935,1.09564,1.09217,1.09381,9445,0,0
1691078400,1.09381,1.09404,1.09156,1.09177,7663,0,0
1691082000,1.09178,1.09478,1.09163,1.0931899999999999,10359,0,0
1691085600,1.0931899999999999,1.09546,1.09299,1.09467,5822,0,0
1691089200,1.09467,1.09628,1.09448,1.0955300000000001,2228,0,0
1691092800,1.0955300000000001,1.0957,1.09437,1.09472,1956,0,0
1691096400,1.09472,1.09524,1.09425,1.09433,1410,0,0
1691100000,1.09433,1.09446,1.09385,1.0944,943,0,0
1691103600,1.09438,1.095,1.09435,1.0948,631,0,0
1691107200,1.0949,1.0949,1.09293,1.09462,535,9,0
1691110800,1.09461,1.0952,1.0946,1.09515,561,2,0
1691114400,1.09515,1.09533,1.0950199999999999,1.09507,467,1,0
1691118000,1.09507,1.09555,1.09461,1.09554,1240,0,0
1691121600,1.09554,1.09616,1.0954,1.09565,1769,0,0
1691125200,1.09565,1.09611,1.09525,1.09556,1679,0,0
1691128800,1.09556,1.09602,1.09537,1.09542,859,0,0
1691132400,1.09542,1.09556,1.09493,1.095,667,0,0
1691136000,1.09501,1.09584,1.0948,1.09519,1338,0,0
1691139600,1.09521,1.09584,1.09461,1.09482,2104,0,0
1691143200,1.09482,1.09544,1.09443,1.09476,3031,0,0
1691146800,1.09476,1.09527,1.09379,1.09404,2735,0,0
1691150400,1.09404,1.0946,1.09352,1.09448,2263,0,0
1691154000,1.09448,1.09488,1.0939,1.09435,2252,0,0
1691157600,1.0944,1.09458,1.09379,1.0937999999999999,2700,0,0
1691161200,1.09378,1.0998,1.09349,1.09898,14976,0,0
1691164800,1.09894,1.10299,1.09859,1.10123,14120,0,0
1691168400,1.10122,1.10284,1.10025,1.10235,9258,0,0
1691172000,1.10234,1.10421,1.10184,1.10349,5087,0,0
1691175600,1.10348,1.10394,1.10289,1.1034,2484,0,0
1691179200,1.1034,1.10391,1.1028,1.10285,2100,0,0
1691182800,1.10285,1.10285,1.10086,1.10092,2996,0,0
1691186400,1.10091,1.10109,1.10036,1.10077,2209,0,0
1691190000,1.10077,1.10113,1.10037,1.10055,926,0,0
1691366400,1.10111,1.1016,1.10089,1.10102,365,16,0
1691370000,1.10106,1.10131,1.10021,1.10048,1207,1,0
1691373600,1.10048,1.10053,1.10007,1.10025,641,0,0
1691377200,1.10025,1.10118,1.10002,1.10099,1448,0,0
1691380800,1.10098,1.10099,1.09953,1.10002,1483,0,0
1691384400,1.10002,1.10037,1.09967,1.10004,1673,0,0
1691388000,1.10004,1.10021,1.0995,1.09955,854,0,0
1691391600,1.09956,1.09971,1.09918,1.09965,995,0,0
1691395200,1.09965,1.09973,1.09821,1.09827,1574,0,0
1691398800,1.09828,1.09865,1.09708,1.09803,3387,0,0
1691402400,1.09803,1.0995,1.09763,1.09929,3549,0,0
1691406000,1.09928,1.09928,1.09737,1.09748,2407,0,0
1691409600,1.09748,1.09775,1.09659,1.09664,2872,0,0
1691413200,1.09664,1.09738,1.09655,1.09731,2383,0,0
1691416800,1.09733,1.09851,1.09715,1.0984099999999999,3318,0,0
1691420400,1.09843,1.09964,1.09799,1.09957,2979,0,0
1691424000,1.09958,1.10118,1.09916,1.09928,4979,0,0
1691427600,1.09929,1.10082,1.09859,1.10019,5050,0,0
1691431200,1.10019,1.10063,1.09943,1.0999,3301,0,0
1691434800,1.0999,1.10028,1.09922,1.10007,2553,0,0
1691438400,1.10007,1.10068,1.09956,1.10059,2129,0,0
1691442000,1.10059,1.10102,1.10046,1.10068,1487,0,0
1691445600,1.10069,1.10081,1.1003,1.10045,1358,0,0
1691449200,1.10043,1.10043,1.09988,1.10021,832,0,0
1691452800,1.10026,1.1005,1.10005,1.10033,332,4,0
1691456400,1.10033,1.10034,1.10006,1.10015,388,1,0
1691460000,1.10015,1.10048,1.10015,1.10022,477,1,0
1691463600,1.10022,1.10056,1.09894,1.0992,1272,0,0
1691467200,1.09918,1.09918,1.09787,1.09793,2310,0,0
1691470800,1.09793,1.09894,1.09768,1.09883,1509,0,0
1691474400,1.09884,1.09904,1.09813,1.09817,963,0,0
1691478000,1.09817,1.09926,1.09802,1.09922,909,0,0
1691481600,1.09922,1.09989,1.09898,1.09987,1263,0,0
1691485200,1.09989,1.10112,1.09933,1.09975,3506,0,0
1691488800,1.09975,1.09984,1.0974,1.0979,5064,0,0
1691492400,1.0979,1.09874,1.09751,1.09854,3453,0,0
1691496000,1.09854,1.09865,1.09669,1.09708,3743,0,0
1691499600,1.09708,1.0971899999999999,1.0952,1.09538,4873,0,0
1691503200,1.09538,1.09571,1.09369,1.09414,4893,0,0
1691506800,1.09414,1.09509,1.09346,1.09429,6099,0,0
1691510400,1.0943,1.09561,1.09334,1.09378,5658,0,0
1691514000,1.09381,1.09525,1.09292,1.09457,5402,0,0
1691517600,1.09458,1.09556,1.09416,1.09503,2894,0,0
1691521200,1.09503,1.09577,1.09479,1.09484,1407,0,0
1691524800,1.09484,1.09611,1.09481,1.0959699999999999,1588,0,0
1691528400,1.0959699999999999,1.09605,1.09522,1.09595,1299,0,0
1691532000,1.09596,1.09622,1.09568,1.09573,1195,0,0
1691535600,1.09573,1.09579,1.09531,1.09556,514,0,0
1691539200,1.09556,1.0956,1.09445,1.09529,412,7,0
1691542800,1.09527,1.09559,1.09517,1.0952,583,2,0
1691546400,1.0952,1.09594,1.09518,1.09592,501,1,0
1691550000,1.09592,1.09652,1.09577,1.09577,866,0,0
1691553600,1.09577,1.09697,1.0955,1.09635,1959,0,0
1691557200,1.09635,1.09694,1.09615,1.09683,1052,0,0
1691560800,1.09682,1.09707,1.09664,1.09667,770,0,0
1691564400,1.09668,1.09686,1.09634,1.09668,654,0,0
1691568000,1.0967,1.09789,1.0967,1.09768,1555,0,0
1691571600,1.09768,1.09798,1.09697,1.09728,2645,0,0
1691575200,1.09728,1.09849,1.09709,1.09844,4006,0,0
1691578800,1.09844,1.09888,1.0973600000000001,1.09838,3500,0,0
1691582400,1.09838,1.09872,1.09779,1.09787,2372,0,0
1691586000,1.09787,1.09811,1.09747,1.09763,2066,0,0
1691589600,1.09763,1.09811,1.09696,1.09701,2027,0,0
1691593200,1.09701,1.09819,1.09621,1.09816,3797,0,0
1691596800,1.09817,1.09881,1.09715,1.09804,4292,0,0
1691600400,1.09805,1.09954,1.09769,1.09829,5988,0,0
1691604000,1.09829,1.09879,1.0974,1.09744,3761,0,0
1691607600,1.09744,1.09818,1.09734,1.09784,1665,0,0
1691611200,1.09784,1.09916,1.0975,1.0979700000000001,1773,0,0
1691614800,1.0979700000000001,1.09799,1.09749,1.09752,1154,0,0
1691618400,1.09753,1.0982,1.09734,1.09735,1315,0,0
1691622000,1.09735,1.09749,1.09709,1.09734,514,0,0
1691625600,1.09739,1.0977999999999999,1.09651,1.09751,721,9,0
1691629200,1.09751,1.09787,1.09748,1.09768,363,0,0
1691632800,1.09768,1.09773,1.09751,1.09772,296,0,0
1691636400,1.09772,1.09777,1.09673,1.09709,1108,0,0
1691640000,1.09709,1.09759,1.09676,1.09729,1160,0,0
1691643600,1.09728,1.09808,1.09712,1.0979,1031,0,0
1691647200,1.09789,1.09819,1.09777,1.09791,896,0,0
1691650800,1.09792,1.09881,1.09789,1.09794,1071,0,0
1691654400,1.09794,1.09861,1.09786,1.09852,1580,0,0
1691658000,1.09852,1.0999,1.09829,1.09944,1894,0,0
1691661600,1.09944,1.10188,1.09931,1.1008499999999999,5921,0,0
1691665200,1.10086,1.10265,1.10083,1.10187,4466,0,0
1691668800,1.10187,1.10249,1.10162,1.1020699999999999,2320,0,0
1691672400,1.10209,1.10279,1.10192,1.10278,1941,0,0
1691676000,1.10279,1.10298,1.1014599999999999,1.10167,2700,0,0
1691679600,1.10167,1.10653,1.101,1.10413,16272,0,0
1691683200,1.10413,1.10458,1.10077,1.10397,12982,0,0
1691686800,1.10396,1.1044,1.10125,1.10187,9989,0,0
1691690400,1.10187,1.10221,1.10087,1.10153,6400,0,0
1691694000,1.10153,1.10193,1.10103,1.10135,3310,0,0
1691697600,1.10134,1.10142,1.09763,1.09798,6943,0,0
1691701200,1.09795,1.09928,1.09783,1.09909,5788,0,0
1691704800,1.09909,1.09914,1.09787,1.09791,2528,0,0
1691708400,1.09791,1.0982,1.09776,1.09805,864,0,0
1691712000,1.09799,1.09837,1.0976,1.09801,371,16,0
1691715600,1.09801,1.0984,1.09795,1.09822,375,2,0
1691719200,1.09828,1.09846,1.09812,1.09817,450,1,0
1691722800,1.09817,1.09892,1.09795,1.09879,788,0,0
1691726400,1.09879,1.09979,1.09873,1.09943,1631,0,0
1691730000,1.09942,1.09942,1.09857,1.09886,830,0,0
1691733600,1.09886,1.09916,1.09857,1.0987,699,0,0
1691737200,1.0987,1.09904,1.09837,1.0985,995,0,0
1691740800,1.0985,1.09937,1.0984099999999999,1.09929,1141,0,0
1691744400,1.09927,1.10017,1.09895,1.09907,2647,0,0
1691748000,1.09906,1.09991,1.09877,1.09925,2593,0,0
1691751600,1.09922,1.10032,1.0990199999999999,1.09995,3239,0,0
1691755200,1.09995,1.10006,1.09763,1.09774,3345,0,0
1691758800,1.09774,1.09962,1.09766,1.09933,2849,0,0
1691762400,1.09933,1.10026,1.09895,1.09972,2921,0,0
1691766000,1.09972,1.10049,1.0966,1.09683,8663,0,0
1691769600,1.0968,1.09813,1.0955,1.09715,8474,0,0
1691773200,1.09718,1.09838,1.09575,1.09723,11389,0,0
1691776800,1.09723,1.09756,1.09511,1.09542,3180,0,0
1691780400,1.0958,1.09648,1.09459,1.09466,1995,0,0
1691784000,1.09466,1.09554,1.0943100000000001,1.09452,2336,0,0
1691787600,1.09453,1.09514,1.09436,1.09509,2194,0,0
1691791200,1.09509,1.09511,1.09433,1.09469,2201,0,0
1691794800,1.09469,1.09491,1.09442,1.09451,838,0,0
1691971200,1.0949200000000001,1.09514,1.09453,1.09462,441,24,0
1691974800,1.09467,1.09496,1.09397,1.09423,748,2,0
1691978400,1.09419,1.09449,1.09405,1.09429,487,0,0
1691982000,1.09429,1.09465,1.09358,1.09369,1440,0,0
1691985600,1.09371,1.09407,1.0930900000000001,1.09356,2422,0,0
1691989200,1.09357,1.09381,1.09301,1.09307,1524,0,0
1691992800,1.09306,1.09336,1.0929,1.0932,988,0,0
1691996400,1.0932,1.09359,1.0932,1.09356,1234,0,0
1692000000,1.09359,1.09405,1.09324,1.09371,1814,0,0
1692003600,1.09371,1.09378,1.09261,1.09322,3525,0,0
1692007200,1.09322,1.09563,1.09298,1.09522,5238,0,0
1692010800,1.0952,1.09602,1.09455,1.09463,3944,0,0
1692014400,1.09463,1.0952,1.0942,1.09497,2264,0,0
1692018000,1.09497,1.09531,1.09452,1.09453,2028,0,0
1692021600,1.0945,1.09459,1.09366,1.09392,2410,0,0
1692025200,1.09391,1.09412,1.09022,1.09058,6362,0,0
1692028800,1.09058,1.09077,1.08744,1.08816,7784,0,0
1692032400,1.08816,1.09093,1.08803,1.09033,10066,0,0
1692036000,1.09033,1.0925799999999999,1.09024,1.09208,5678,0,0
1692039600,1.09208,1.0936,1.092,1.09283,3328,0,0
1692043200,1.09282,1.0931,1.09151,1.09174,2273,0,0
1692046800,1.09174,1.09199,1.09039,1.09047,1700,0,0
1692050400,1.09047,1.09128,1.09027,1.0903100000000001,2254,0,0
1692054000,1.09029,1.09074,1.09028,1.09052,563,0,0
1692057600,1.09028,1.09073,1.09006,1.09049,1726,23,0
1692061200,1.09047,1.09083,1.09035,1.0907499999999999,452,2,0
1692064800,1.09071,1.0908,1.09042,1.09078,410,0,0
1692068400,1.09078,1.09094,1.09015,1.09069,987,0,0
1692072000,1.09069,1.09154,1.09005,1.09101,2401,0,0
1692075600,1.09101,1.09174,1.0907499999999999,1.09095,1394,0,0
1692079200,1.09095,1.09173,1.09094,1.09145,868,0,0
1692082800,1.09145,1.09146,1.09099,1.09103,568,0,0
1692086400,1.09103,1.09143,1.09065,1.09118,1205,0,0
1692090000,1.09118,1.09265,1.09103,1.09235,4809,0,0
1692093600,1.09235,1.09305,1.09156,1.09236,5207,0,0
1692097200,1.09235,1.09343,1.0918,1.09278,5925,0,0
1692100800,1.09278,1.0945,1.09214,1.09404,4025,0,0
1692104400,1.09404,1.0943,1.09328,1.09348,4995,0,0
1692108000,1.09349,1.09363,1.09268,1.09293,3358,0,0
1692111600,1.09295,1.09325,1.08967,1.0922,11548,0,0
1692115200,1.0922,1.09525,1.09167,1.09403,11760,0,0
1692118800,1.09403,1.09474,1.09241,1.09411,9655,0,0
1692122400,1.09411,1.09446,1.09234,1.0927,5485,0,0
1692126000,1.0927,1.09286,1.0915,1.09179,2901,0,0
1692129600,1.0918,1.09211,1.09159,1.09177,2464,0,0
1692133200,1.09179,1.09193,1.09035,1.09044,1997,0,0
1692136800,1.09044,1.09065,1.0899,1.0906,1909,0,0
1692140400,1.09058,1.09058,1.09019,1.09043,627,0,0
1692144000,1.09042,1.09056,1.08952,1.09026,739,14,0
1692147600,1.09028,1.09051,1.09016,1.09025,530,2,0
1692151200,1.09025,1.09049,1.09015,1.09037,397,0,0
1692154800,1.09037,1.09051,1.08991,1.09028,1170,0,0
1692158400,1.09027,1.09118,1.08988,1.09055,1993,0,0
1692162000,1.09055,1.09108,1.09042,1.09045,1683,0,0
1692165600,1.09045,1.09104,1.0904,1.09062,1247,0,0
1692169200,1.09062,1.09135,1.09058,1.09134,947,0,0
1692172800,1.09134,1.0918,1.09113,1.09161,1500,0,0
1692176400,1.0916,1.09272,1.09107,1.09194,4240,0,0
1692180000,1.09194,1.09268,1.09168,1.09234,3601,0,0
1692183600,1.09234,1.09346,1.09226,1.09283,3047,0,0
1692187200,1.09283,1.09326,1.09206,1.09265,2440,0,0
1692190800,1.09265,1.09268,1.09159,1.09183,2906,0,0
1692194400,1.09184,1.09196,1.09064,1.09134,2925,0,0
1692198000,1.09132,1.09181,1.09024,1.09025,4794,0,0
1692201600,1.09024,1.09233,1.08959,1.09089,7692,0,0
1692205200,1.09088,1.09234,1.08964,1.09066,9041,0,0
1692208800,1.09066,1.09126,1.08966,1.0903100000000001,4704,0,0
1692212400,1.0903100000000001,1.09048,1.08861,1.08868,2544,0,0
1692216000,1.08868,1.0892,1.08839,1.08908,1933,0,0
1692219600,1.08907,1.09004,1.08773,1.08809,4985,0,0
1692223200,1.08808,1.0881,1.08716,1.0874,3382,0,0
1692226800,1.08742,1.08797,1.08738,1.08788,913,0,0
1692230400,1.08789,1.08814,1.08677,1.08811,480,7,0
1692234000,1.08811,1.08833,1.0878700000000001,1.08791,509,2,0
1692237600,1.08791,1.08796,1.08732,1.08742,512,0,0
1692241200,1.08742,1.08746,1.08661,1.08695,1647,0,0
1692244800,1.08695,1.08707,1.0861399999999999,1.08656,2717,0,0
1692248400,1.08659,1.08696,1.08642,1.08659,1160,0,0
1692252000,1.08659,1.08682,1.08628,1.08642,762,0,0
1692255600,1.08642,1.08692,1.08631,1.08686,684,0,0
1692259200,1.08686,1.08739,1.08628,1.0873599999999999,1567,0,0
1692262800,1.0873599999999999,1.08868,1.08698,1.08836,4069,0,0
1692266400,1.08835,1.08856,1.08752,1.08805,4754,0,0
1692270000,1.08805,1.0884,1.08697,1.08731,3804,0,0
1692273600,1.0873,1.08743,1.08637,1.0873599999999999,3503,0,0
1692277200,1.08735,1.08878,1.08728,1.08837,4405,0,0
1692280800,1.08837,1.08958,1.08813,1.08946,3681,0,0
1692284400,1.08947,1.09185,1.08861,1.09064,11531,0,0
1692288000,1.09064,1.0918,1.08977,1.08996,11258,0,0
1692291600,1.08995,1.08997,1.08844,1.08896,9280,0,0
1692295200,1.08897,1.08906,1.08669,1.08737,6259,0,0
1692298800,1.08738,1.08897,1.08685,1.0878,5300,0,0
1692302400,1.0878,1.08785,1.08572,1.08611,3785,0,0
1692306000,1.08613,1.08631,1.08561,1.08569,3422,0,0
1692309600,1.08568,1.0874,1.08568,1.08719,5454,0,0
1692313200,1.08718,1.08734,1.08699,1.08717,1126,0,0
1692316800,1.08716,1.0872600000000001,1.08587,1.08683,524,9,0
1692320400,1.08673,1.08744,1.08673,1.08732,746,2,0
1692324000,1.08732,1.08751,1.08723,1.0874,554,1,0
1692327600,1.08739,1.0892,1.08713,1.08897,1882,0,0
1692331200,1.08897,1.08924,1.08836,1.0890900000000001,2066,0,0
1692334800,1.08911,1.08938,1.08865,1.08885,1211,0,0
1692338400,1.08884,1.0889,1.08821,1.0886,1261,0,0
1692342000,1.08861,1.0888,1.08805,1.08825,796,0,0
1692345600,1.08822,1.0885,1.08756,1.0883,1626,0,0
1692349200,1.08832,1.08873,1.0871,1.08719,5364,0,0
1692352800,1.08719,1.08782,1.08644,1.08732,6372,0,0
1692356400,1.08732,1.0877,1.08637,1.08672,5075,0,0
1692360000,1.08674,1.08732,1.08624,1.08685,4027,0,0
1692363600,1.08685,1.08764,1.08622,1.08631,3212,0,0
1692367200,1.08631,1.08706,1.08603,1.08631,3928,0,0
1692370800,1.08631,1.08672,1.08451,1.08555,7878,0,0
1692374400,1.08556,1.08763,1.08531,1.08708,11312,0,0
1692378000,1.08707,1.08815,1.08674,1.08722,7728,0,0
1692381600,1.08722,1.08797,1.08691,1.08745,4631,0,0
1692385200,1.08745,1.08756,1.08681,1.08732,3445,0,0
1692388800,1.08732,1.08814,1.08685,1.08794,3353,0,0
1692392400,1.08795,1.08804,1.08738,1.08782,2148,0,0
1692396000,1.08781,1.0879,1.08721,1.0872600000000001,3091,0,0
1692399600,1.0872600000000001,1.08737,1.08677,1.08696,1666,0,0
1692576000,1.08671,1.08749,1.08634,1.08743,406,16,0
1692579600,1.08746,1.08786,1.08712,1.08742,459,2,0
1692583200,1.08743,1.08752,1.08714,1.0875,461,0,0
1692586800,1.0875,1.08842,1.08745,1.08798,872,0,0
1692590400,1.08798,1.08798,1.08691,1.08732,2560,0,0
1692594000,1.08732,1.08837,1.087,1.08813,1256,0,0
1692597600,1.08813,1.08828,1.08788,1.08804,608,0,0
1692601200,1.08802,1.0883,1.08784,1.08812,510,0,0
1692604800,1.08813,1.08873,1.08784,1.08814,1376,0,0
1692608400,1.08811,1.08825,1.08727,1.08775,3425,0,0
1692612000,1.08775,1.08888,1.08724,1.08887,6870,0,0
1692615600,1.08886,1.08899,1.08821,1.0886,4462,0,0
1692619200,1.0886,1.09049,1.08857,1.09016,5239,0,0
1692622800,1.0901399999999999,1.09044,1.08919,1.0899,4250,0,0
1692626400,1.08991,1.09137,1.08982,1.09093,4314,0,0
1692630000,1.0909200000000001,1.09132,1.08938,1.08985,6149,0,0
1692633600,1.08985,1.09003,1.08804,1.08873,9117,0,0
1692637200,1.08875,1.08903,1.08754,1.08873,8604,0,0
1692640800,1.08873,1.08924,1.08819,1.08879,4373,0,0
1692644400,1.08879,1.09044,1.08876,1.09017,3156,0,0
1692648000,1.09017,1.09035,1.08965,1.08992,2327,0,0
1692651600,1.08993,1.0903100000000001,1.08976,1.08985,1952,0,0
1692655200,1.08984,1.09017,1.08945,1.08962,2140,0,0
1692658800,1.08962,1.08962,1.08927,1.08949,745,0,0
1692662400,1.08949,1.0895,1.08864,1.08942,507,15,0
1692666000,1.08941,1.08976,1.0894,1.08961,371,2,0
1692669600,1.08961,1.09015,1.08956,1.08973,451,0,0
1692673200,1.08973,1.09003,1.0893,1.09003,826,0,0
1692676800,1.09004,1.09095,1.08979,1.09062,1614,0,0
1692680400,1.09063,1.09128,1.09063,1.09077,1076,0,0
1692684000,1.09076,1.09158,1.09058,1.0915,1051,0,0
1692687600,1.09151,1.0917,1.09088,1.09089,806,0,0
1692691200,1.0909,1.0914,1.09047,1.09052,1367,0,0
1692694800,1.09051,1.09209,1.09051,1.0918,4500,0,0
1692698400,1.0918,1.09305,1.09174,1.09257,4549,0,0
1692702000,1.09257,1.09288,1.09069,1.091,4018,0,0
1692705600,1.091,1.09124,1.08984,1.09067,4338,0,0
1692709200,1.09066,1.09103,1.08856,1.08868,4171,0,0
1692712800,1.08867,1.08907,1.08806,1.08849,3434,0,0
1692716400,1.08849,1.08906,1.08646,1.08661,6870,0,0
1692720000,1.08661,1.08713,1.08409,1.08438,10300,0,0
1692723600,1.08438,1.08542,1.08329,1.08512,10478,0,0
1692727200,1.08511,1.08558,1.08445,1.08455,5302,0,0
1692730800,1.08455,1.08512,1.08449,1.08494,2387,0,0
1692734400,1.08494,1.08551,1.08476,1.08527,2398,0,0
1692738000,1.08527,1.08554,1.08505,1.08524,1703,0,0
1692741600,1.08524,1.08525,1.08435,1.08459,1851,0,0
1692745200,1.08459,1.08489,1.0845,1.08452,748,0,0
1692748800,1.08448,1.08451,1.08398,1.08437,248,7,0
1692752400,1.08437,1.08476,1.08434,1.08456,411,1,0
1692756000,1.08456,1.08479,1.08453,1.08461,314,1,0
1692759600,1.08461,1.08534,1.08455,1.0847,1015,0,0
1692763200,1.0847,1.08559,1.08446,1.08548,2249,0,0
1692766800,1.08549,1.08575,1.0852,1.08544,1242,0,0
1692770400,1.0854300000000001,1.08591,1.08516,1.08574,1192,0,0
1692774000,1.08573,1.08607,1.0855,1.08607,577,0,0
1692777600,1.08607,1.08634,1.08586,1.08625,1452,0,0
1692781200,1.08624,1.08647,1.08522,1.08615,3463,0,0
1692784800,1.0861399999999999,1.08715,1.08115,1.08182,11465,0,0
1692788400,1.08181,1.08304,1.08152,1.08192,8383,0,0
1692792000,1.08193,1.08205,1.08084,1.08099,3592,0,0
1692795600,1.08099,1.08122,1.08054,1.08077,2752,0,0
1692799200,1.08074,1.08182,1.0804,1.08113,2873,0,0
1692802800,1.08112,1.08129,1.08026,1.08043,4692,0,0
1692806400,1.08043,1.08448,1.08035,1.08376,11228,0,0
1692810000,1.08378,1.0854,1.08349,1.08456,8637,0,0
1692813600,1.08456,1.08629,1.08447,1.08615,3456,0,0
1692817200,1.0861399999999999,1.08683,1.08562,1.0863,2147,0,0
1692820800,1.0863,1.08701,1.08599,1.08647,1969,0,0
1692824400,1.08646,1.08649,1.08559,1.08587,2331,0,0
1692828000,1.08587,1.08666,1.08585,1.0864,1404,0,0
1692831600,1.0864,1.08655,1.08608,1.08627,1161,0,0
1692835200,1.08631,1.08647,1.08589,1.08608,1190,20,0
1692838800,1.08607,1.08673,1.08607,1.0864,579,2,0
1692842400,1.0864,1.08657,1.08605,1.08652,702,1,0
1692846000,1.08652,1.0875,1.08632,1.08697,1798,0,0
1692849600,1.08697,1.08701,1.08585,1.08607,1386,0,0
1692853200,1.08607,1.08673,1.08585,1.0865,1002,0,0
1692856800,1.0865,1.0871,1.0863,1.08658,913,0,0
1692860400,1.08658,1.087,1.08639,1.08695,813,0,0
1692864000,1.08694,1.08767,1.08689,1.08709,1205,0,0
1692867600,1.08709,1.0873599999999999,1.08563,1.08569,3097,0,0
1692871200,1.08569,1.08606,1.08522,1.08563,3826,0,0
1692874800,1.08562,1.08642,1.0855299999999999,1.08621,2872,0,0
1692878400,1.08621,1.08636,1.08466,1.08484,3054,0,0
1692882000,1.08485,1.08565,1.08467,1.08547,2420,0,0
1692885600,1.08548,1.08586,1.08418,1.08423,2227,0,0
1692889200,1.08423,1.08439,1.08142,1.08209,6611,0,0
1692892800,1.0821,1.08442,1.0820400000000001,1.08421,7319,0,0
1692896400,1.08421,1.08488,1.08347,1.08395,7447,0,0
1692900000,1.08394,1.08407,1.08223,1.08255,4033,0,0
1692903600,1.08254,1.08278,1.0818,1.08213,2078,0,0
1692907200,1.08213,1.0824,1.08138,1.0816,1833,0,0
1692910800,1.0816,1.08201,1.08088,1.08092,1839,0,0
1692914400,1.08092,1.08123,1.08057,1.0806,1754,0,0
1692918000,1.08058,1.08113,1.0805,1.08096,673,0,0
1692921600,1.08086,1.0815,1.08054,1.08117,456,8,0
1692925200,1.08114,1.08118,1.08061,1.08067,571,2,0
1692928800,1.08066,1.08071,1.07923,1.07986,1073,0,0
1692932400,1.07985,1.08037,1.0793,1.07941,1445,0,0
1692936000,1.07942,1.0795,1.07869,1.07887,1613,0,0
1692939600,1.07888,1.07895,1.07826,1.0786,1434,0,0
1692943200,1.0786,1.07875,1.07798,1.07805,834,0,0
1692946800,1.07807,1.07834,1.07765,1.07823,880,0,0
1692950400,1.07822,1.07912,1.07783,1.07898,1780,0,0
1692954000,1.07895,1.07908,1.07795,1.07807,3222,0,0
1692957600,1.07807,1.07921,1.07685,1.07712,4651,0,0
1692961200,1.0771,1.07883,1.07661,1.07865,3453,0,0
1692964800,1.07864,1.07946,1.0784799999999999,1.079,2846,0,0
1692968400,1.079,1.08034,1.07896,1.08029,2586,0,0
1692972000,1.08029,1.08114,1.07993,1.08027,2740,0,0
1692975600,1.08026,1.08174,1.08004,1.08129,3353,0,0
1692979200,1.08129,1.08149,1.07993,1.08079,4116,0,0
1692982800,1.08078,1.0842,1.07656,1.07715,28639,0,0
1692986400,1.07715,1.0791,1.07682,1.07864,8802,0,0
1692990000,1.07864,1.08003,1.07856,1.07964,3632,0,0
1692993600,1.07964,1.08027,1.0790899999999999,1.07989,2295,0,0
1692997200,1.07989,1.0812599999999999,1.07987,1.08074,2721,0,0
1693000800,1.08074,1.08109,1.07996,1.0803,1891,0,0
1693004400,1.0803,1.08032,1.07911,1.07944,1058,0,0
1693180800,1.07958,1.07968,1.07928,1.07952,327,14,0
1693184400,1.07957,1.08006,1.07942,1.07943,698,2,0
1693188000,1.07947,1.08011,1.07934,1.07969,737,0,0
1693191600,1.07969,1.08046,1.07961,1.08022,1246,0,0
1693195200,1.08022,1.08099,1.08018,1.08024,1794,0,0
1693198800,1.08024,1.08097,1.08014,1.08087,1001,0,0
1693202400,1.08086,1.081,1.08071,1.08094,559,0,0
1693206000,1.08094,1.08112,1.08061,1.08077,550,0,0
1693209600,1.08077,1.08138,1.08053,1.08103,1140,0,0
1693213200,1.08103,1.08191,1.08099,1.08161,1747,0,0
1693216800,1.08161,1.08209,1.0808,1.0809,2490,0,0
1693220400,1.08089,1.08107,1.07994,1.08006,3103,0,0
1693224000,1.08006,1.08092,1.08002,1.08078,2336,0,0
1693227600,1.08078,1.08223,1.08059,1.08118,3100,0,0
1693231200,1.08118,1.08128,1.08029,1.08043,2735,0,0
1693234800,1.08043,1.08113,1.08025,1.08103,4380,0,0
1693238400,1.08104,1.08132,1.07993,1.08072,6304,0,0
1693242000,1.08072,1.08142,1.0799,1.08056,6219,0,0
1693245600,1.08056,1.08103,1.08027,1.08091,4176,0,0
1693249200,1.08091,1.08125,1.08041,1.08076,1874,0,0
1693252800,1.08076,1.08111,1.08039,1.08087,1890,0,0
1693256400,1.08086,1.08121,1.08053,1.08116,1232,0,0
1693260000,1.08117,1.08201,1.08089,1.08179,1816,0,0
1693263600,1.0818,1.08188,1.08149,1.08182,973,0,0
1693267200,1.08186,1.08221,1.08092,1.08184,901,2,0
1693270800,1.08186,1.08266,1.08184,1.08258,503,0,0
1693274400,1.08255,1.08298,1.08239,1.08256,570,0,0
1693278000,1.08256,1.08313,1.08211,1.08233,1304,0,0
1693281600,1.08234,1.08368,1.0823,1.08347,1640,0,0
1693285200,1.08347,1.08357,1.08294,1.08356,986,0,0
1693288800,1.08356,1.08383,1.08328,1.08362,659,0,0
1693292400,1.08361,1.08364,1.08242,1.08243,487,0,0
1693296000,1.08244,1.08261,1.0820400000000001,1.08217,1359,0,0
1693299600,1.08217,1.08234,1.08085,1.08088,1757,0,0
1693303200,1.08088,1.08298,1.08084,1.0820400000000001,3910,0,0
1693306800,1.0820400000000001,1.08228,1.08081,1.08103,3601,0,0
1693310400,1.08102,1.0816,1.08056,1.08135,3530,0,0
1693314000,1.08136,1.08163,1.08041,1.08067,2873,0,0
1693317600,1.08066,1.08121,1.08039,1.08042,2641,0,0
1693321200,1.08042,1.08064,1.07862,1.07924,4944,0,0
1693324800,1.07923,1.0806499999999999,1.07822,1.08035,8522,0,0
1693328400,1.08035,1.08505,1.08034,1.0828,18150,0,0
1693332000,1.0828,1.08571,1.0826,1.08501,8044,0,0
1693335600,1.08501,1.08642,1.08468,1.08629,3724,0,0
1693339200,1.08629,1.0877,1.08627,1.0873599999999999,3944,0,0
1693342800,1.0873599999999999,1.08737,1.08606,1.08718,2719,0,0
1693346400,1.08718,1.0892,1.08694,1.08855,2738,0,0
1693350000,1.08854,1.08854,1.08777,1.08793,803,0,0
1693353600,1.08796,1.08796,1.08671,1.08768,736,9,0
1693357200,1.08767,1.0884800000000001,1.08763,1.08844,479,1,0
1693360800,1.08845,1.0884800000000001,1.08686,1.08691,868,0,0
1693364400,1.08692,1.08718,1.08668,1.08698,1786,0,0
1693368000,1.08698,1.08722,1.08668,1.08687,2346,0,0
1693371600,1.08688,1.08702,1.08634,1.0867,1368,0,0
1693375200,1.08671,1.08693,1.08666,1.08691,654,0,0
1693378800,1.08691,1.08693,1.08606,1.08606,811,0,0
1693382400,1.08606,1.08707,1.08557,1.08661,2580,0,0
1693386000,1.08661,1.08769,1.08648,1.08687,2697,0,0
1693389600,1.08688,1.0873599999999999,1.08588,1.0865,3973,0,0
1693393200,1.08649,1.08677,1.08551,1.08673,4303,0,0
1693396800,1.0867499999999999,1.08937,1.08661,1.08888,3569,0,0
1693400400,1.08888,1.08916,1.088,1.08905,2763,0,0
1693404000,1.08905,1.08917,1.08782,1.0878700000000001,3199,0,0
1693407600,1.0878700000000001,1.0925799999999999,1.08747,1.09212,14316,0,0
1693411200,1.09212,1.09455,1.09132,1.09451,11026,0,0
1693414800,1.0945,1.09452,1.09254,1.09289,10951,0,0
1693418400,1.09288,1.09345,1.09231,1.09259,5293,0,0
1693422000,1.0926,1.09263,1.09183,1.09259,3765,0,0
1693425600,1.09259,1.09329,1.09193,1.09205,2195,0,0
1693429200,1.09204,1.09243,1.09166,1.09234,2363,0,0
1693432800,1.09235,1.09246,1.09191,1.09217,1976,0,0
1693436400,1.09218,1.0924,1.09207,1.09227,1027,0,0
1693440000,1.09228,1.09246,1.09173,1.09227,647,15,0
1693443600,1.09227,1.09288,1.09227,1.09262,459,0,0
1693447200,1.09262,1.09315,1.0926,1.09294,494,0,0
1693450800,1.09294,1.09339,1.0928,1.09331,863,0,0
1693454400,1.09329,1.09394,1.09278,1.09289,1335,0,0
1693458000,1.09289,1.09298,1.09209,1.09218,1223,0,0
1693461600,1.09218,1.09228,1.09198,1.09204,576,0,0
1693465200,1.09204,1.09231,1.09181,1.09187,512,0,0
1693468800,1.09187,1.09203,1.09167,1.09176,917,0,0
1693472400,1.09176,1.09243,1.09067,1.09074,4056,0,0
1693476000,1.09073,1.09089,1.08898,1.08925,7435,0,0
1693479600,1.08925,1.08932,1.08772,1.08779,5266,0,0
1693483200,1.08779,1.08808,1.08644,1.08744,6871,0,0
1693486800,1.08744,1.08766,1.08627,1.08733,4023,0,0
1693490400,1.08733,1.08734,1.08575,1.08683,4066,0,0
1693494000,1.08683,1.08851,1.08654,1.08744,10711,0,0
1693497600,1.08744,1.08748,1.08403,1.08494,11625,0,0
1693501200,1.08494,1.0855299999999999,1.08402,1.08547,7202,0,0
1693504800,1.08548,1.08591,1.08369,1.0838700000000001,6849,0,0
1693508400,1.08385,1.08443,1.08353,1.0838700000000001,3793,0,0
1693512000,1.08389,1.08518,1.08364,1.08489,2767,0,0
1693515600,1.08489,1.08541,1.08438,1.08459,2150,0,0
1693519200,1.08459,1.08506,1.08424,1.08437,3146,0,0
1693522800,1.08437,1.0847,1.08413,1.08427,1409,0,0
1693526400,1.08428,1.08436,1.0835,1.08406,896,9,0
1693530000,1.08406,1.08445,1.08406,1.0842,677,2,0
1693533600,1.08419,1.08451,1.08416,1.08424,452,0,0
1693537200,1.08423,1.08449,1.08362,1.08378,1090,0,0
1693540800,1.08378,1.08541,1.08378,1.08464,2012,0,0
1693544400,1.08464,1.08519,1.08416,1.0844,981,0,0
1693548000,1.0844,1.08449,1.08397,1.08417,797,0,0
1693551600,1.08417,1.08472,1.08376,1.08466,1152,0,0
1693555200,1.08467,1.08487,1.0844,1.0846,1008,0,0
1693558800,1.08459,1.08498,1.08286,1.08491,4690,0,0
1693562400,1.08493,1.08597,1.08446,1.08559,6136,0,0
1693566000,1.08558,1.08565,1.08464,1.08486,3911,0,0
1693569600,1.08486,1.0856,1.08476,1.08494,3178,0,0
1693573200,1.08494,1.08502,1.08436,1.08459,3178,0,0
1693576800,1.08459,1.085,1.08332,1.08333,3513,0,0
1693580400,1.08334,1.08818,1.08324,1.08638,13881,0,0
1693584000,1.08638,1.08814,1.08425,1.08534,18688,0,0
1693587600,1.08533,1.08533,1.08041,1.08084,19630,0,0
1693591200,1.08084,1.08084,1.07862,1.07865,7468,0,0
1693594800,1.07863,1.07865,1.07801,1.07839,3435,0,0
1693598400,1.0784,1.07892,1.07819,1.07844,1883,0,0
1693602000,1.07845,1.07847,1.07752,1.0778699999999999,2031,0,0
1693605600,1.07786,1.07806,1.07722,1.07751,2088,0,0
1693609200,1.07752,1.07774,1.07715,1.07728,1219,0,0
1693785600,1.07738,1.07806,1.07712,1.07731,308,8,0
1693789200,1.07731,1.07768,1.0771600000000001,1.0773,750,1,0
1693792800,1.07727,1.07762,1.07714,1.07756,612,0,0
1693796400,1.07756,1.07798,1.07732,1.0778699999999999,832,0,0
1693800000,1.07786,1.07821,1.07748,1.07765,1225,0,0
1693803600,1.07765,1.0787,1.07763,1.07857,1065,0,0
1693807200,1.07857,1.0787,1.07837,1.07858,636,0,0
1693810800,1.07858,1.07872,1.07813,1.07867,598,0,0
1693814400,1.07869,1.07905,1.07855,1.07869,1059,0,0
1693818000,1.07868,1.07943,1.07837,1.07901,2891,0,0
1693821600,1.07901,1.0807,1.07888,1.07952,4838,0,0
1693825200,1.07952,1.08011,1.07908,1.07978,2678,0,0
1693828800,1.07979,1.0801,1.07925,1.07946,2606,0,0
1693832400,1.07946,1.08049,1.07934,1.08049,2524,0,0
1693836000,1.08049,1.08089,1.07995,1.08003,1951,0,0
1693839600,1.08002,1.08018,1.07954,1.07975,2662,0,0
1693843200,1.07975,1.08055,1.07953,1.07958,2462,0,0
1693846800,1.07956,1.07957,1.07834,1.07844,2471,0,0
1693850400,1.07844,1.07995,1.07836,1.07989,1791,0,0
1693854000,1.0799,1.08002,1.07922,1.0794,860,0,0
1693857600,1.0794,1.07961,1.0793,1.0795,278,0,0
1693861200,1.0795,1.07965,1.07947,1.07955,240,0,0
1693864800,1.07955,1.07955,1.07925,1.0794,295,0,0
1693868400,1.07941,1.0796999999999999,1.07934,1.07934,323,0,0
1693872000,1.07961,1.07961,1.07856,1.07932,279,15,0
1693875600,1.07932,1.07977,1.07932,1.07943,340,2,0
1693879200,1.07943,1.0795,1.07911,1.07912,398,0,0
1693882800,1.07913,1.07936,1.07886,1.07928,675,0,0
1693886400,1.0793,1.07983,1.07851,1.07884,1486,0,0
1693890000,1.07885,1.07886,1.07832,1.07873,1107,0,0
1693893600,1.07873,1.07887,1.07806,1.07884,720,0,0
1693897200,1.07884,1.0794,1.07868,1.07922,672,0,0
1693900800,1.07923,1.07935,1.07819,1.0786,1487,0,0
1693904400,1.07859,1.07865,1.07579,1.07666,5913,0,0
1693908000,1.07668,1.07717,1.07546,1.07566,6992,0,0
1693911600,1.07566,1.07589,1.07419,1.07483,6705,0,0
1693915200,1.07483,1.07571,1.07447,1.07484,3600,0,0
1693918800,1.07483,1.07493,1.07386,1.07396,3261,0,0
1693922400,1.07396,1.074,1.07293,1.07326,4271,0,0
1693926000,1.07325,1.07481,1.07166,1.07441,9952,0,0
1693929600,1.07442,1.07489,1.07259,1.07294,11654,0,0
1693933200,1.07295,1.07301,1.07073,1.07083,10521,0,0
1693936800,1.07083,1.07325,1.07062,1.07267,6336,0,0
1693940400,1.07268,1.07322,1.07237,1.07296,3026,0,0
1693944000,1.07297,1.07315,1.07226,1.07231,2137,0,0
1693947600,1.07229,1.07268,1.07207,1.07217,1423,0,0
1693951200,1.07216,1.0727,1.07193,1.07214,1626,0,0
1693954800,1.07214,1.0723,1.07187,1.07209,785,0,0
1693958400,1.0722,1.07242,1.07199,1.07212,420,15,0
1693962000,1.07208,1.07262,1.07208,1.07258,349,1,0
1693965600,1.07258,1.07278,1.07239,1.07244,962,1,0
1693969200,1.07246,1.07256,1.07151,1.07192,1077,0,0
1693972800,1.07192,1.07216,1.07132,1.07144,1611,0,0
1693976400,1.07144,1.07339,1.07144,1.07337,1371,0,0
1693980000,1.07335,1.07344,1.07292,1.07332,907,0,0
1693983600,1.07332,1.07361,1.07302,1.07359,695,0,0
1693987200,1.07359,1.07388,1.07329,1.0738,1599,0,0
1693990800,1.07379,1.07396,1.07275,1.07314,4442,0,0
1693994400,1.07314,1.07479,1.07244,1.07291,8019,0,0
1693998000,1.0729,1.07376,1.07232,1.07341,4639,0,0
1694001600,1.07341,1.0735,1.07247,1.07323,3498,0,0
1694005200,1.07324,1.07442,1.07324,1.07386,3299,0,0
1694008800,1.07385,1.07489,1.07385,1.07439,4147,0,0
1694012400,1.0743800000000001,1.07456,1.07341,1.0737,4750,0,0
1694016000,1.07369,1.07403,1.07251,1.0738,9717,0,0
1694019600,1.07381,1.07381,1.07024,1.07089,16524,0,0
1694023200,1.07089,1.07187,1.07051,1.0713,5101,0,0
1694026800,1.0713,1.07212,1.07113,1.0721,3149,0,0
1694030400,1.0721,1.07291,1.07202,1.0728,1949,0,0
1694034000,1.0728,1.07296,1.07224,1.07259,2048,0,0
1694037600,1.07259,1.07282,1.07232,1.07262,2173,0,0
1694041200,1.07263,1.07281,1.07233,1.07268,955,0,0
1694044800,1.07233,1.07256,1.07208,1.07226,254,15,0
1694048400,1.07225,1.07276,1.07213,1.07246,495,2,0
1694052000,1.07246,1.07252,1.07219,1.0723799999999999,382,0,0
1694055600,1.0723799999999999,1.07259,1.07189,1.07222,927,0,0
1694059200,1.07222,1.07309,1.07199,1.07309,1122,0,0
1694062800,1.07308,1.07308,1.07231,1.07279,878,0,0
1694066400,1.07279,1.07318,1.07249,1.07298,536,0,0
1694070000,1.07298,1.07303,1.0718,1.0719400000000001,785,0,0
1694073600,1.07193,1.07216,1.07154,1.0719400000000001,1433,0,0
1694077200,1.07196,1.07257,1.07145,1.07165,3462,0,0
1694080800,1.07165,1.07198,1.07083,1.07157,5709,0,0
1694084400,1.07158,1.07169,1.07077,1.07105,4723,0,0
1694088000,1.07105,1.07179,1.07071,1.07147,3900,0,0
1694091600,1.07147,1.0715,1.07041,1.07064,3716,0,0
1694095200,1.07063,1.07137,1.07031,1.07054,2744,0,0
1694098800,1.07053,1.07109,1.06861,1.06934,8848,0,0
1694102400,1.06932,1.07043,1.06911,1.06916,9727,0,0
1694106000,1.06916,1.07101,1.06864,1.07031,8378,0,0
1694109600,1.07032,1.07089,1.06947,1.07033,4939,0,0
1694113200,1.07033,1.07097,1.07031,1.07041,2644,0,0
1694116800,1.07041,1.07096,1.06986,1.06993,2116,0,0
1694120400,1.06993,1.07038,1.06941,1.06942,1966,0,0
1694124000,1.06942,1.07014,1.06938,1.0695000000000001,2229,0,0
1694127600,1.06949,1.06987,1.06946,1.06948,870,0,0
1694131200,1.06965,1.06981,1.06924,1.06967,206,6,0
1694134800,1.06967,1.06987,1.06952,1.06954,412,0,0
1694138400,1.06954,1.06973,1.0694,1.06973,429,1,0
1694142000,1.06975,1.0715,1.06969,1.07142,1773,0,0
1694145600,1.07142,1.07214,1.07046,1.07171,2222,0,0
1694149200,1.07172,1.07233,1.0714299999999999,1.07179,1098,0,0
1694152800,1.07179,1.07185,1.07147,1.07164,582,0,0
1694156400,1.07165,1.0717,1.07126,1.07135,560,0,0
1694160000,1.07135,1.07264,1.07135,1.07242,1004,0,0
1694163600,1.07241,1.07283,1.07145,1.07155,3591,0,0
1694167200,1.07155,1.07191,1.07077,1.07088,5521,0,0
1694170800,1.07087,1.07175,1.07077,1.07119,4709,0,0
1694174400,1.07119,1.07119,1.06994,1.07034,4392,0,0
1694178000,1.07033,1.07048,1.06967,1.07005,3300,0,0
1694181600,1.07006,1.07049,1.06942,1.06992,3092,0,0
1694185200,1.06993,1.07137,1.06978,1.07025,5537,0,0
1694188800,1.07025,1.07264,1.06996,1.07264,7740,0,0
1694192400,1.07265,1.0743800000000001,1.0714299999999999,1.07154,8347,0,0
1694196000,1.07154,1.07173,1.07067,1.07089,4953,0,0
1694199600,1.07089,1.07136,1.07006,1.07045,3111,0,0
1694203200,1.07045,1.07108,1.07028,1.07058,2123,0,0
1694206800,1.07058,1.07087,1.06972,1.0698,2317,0,0
1694210400,1.0698,1.07006,1.06972,1.06993,1456,0,0
1694214000,1.06994,1.0703,1.06991,1.06993,1063,0,0
1694390400,1.07147,1.0719,1.0698,1.0714299999999999,349,2,0
1694394000,1.0714299999999999,1.0714299999999999,1.0707200000000001,1.07112,1255,2,0
1694397600,1.07112,1.07204,1.07081,1.07162,844,0,0
1694401200,1.07162,1.0721,1.071,1.0713300000000001,1519,0,0
1694404800,1.07131,1.07208,1.07101,1.07192,1934,0,0
1694408400,1.07193,1.07278,1.07188,1.07236,1095,0,0
1694412000,1.07239,1.07251,1.0719400000000001,1.07225,805,0,0
1694415600,1.07227,1.0737700000000001,1.07216,1.07356,1466,0,0
1694419200,1.07356,1.07414,1.07286,1.07289,1913,0,0
1694422800,1.07289,1.07356,1.07243,1.07333,3451,0,0
1694426400,1.07333,1.07375,1.07251,1.0726,4655,0,0
1694430000,1.0726,1.07333,1.07224,1.07286,4290,0,0
1694433600,1.07285,1.07344,1.07236,1.07327,3271,0,0
1694437200,1.07326,1.0734,1.07264,1.07322,3270,0,0
1694440800,1.07321,1.07324,1.07183,1.07198,2948,0,0
1694444400,1.07198,1.07279,1.07155,1.07276,5077,0,0
1694448000,1.07275,1.07371,1.07224,1.07358,6453,0,0
1694451600,1.0735999999999999,1.07594,1.07348,1.07457,8030,0,0
1694455200,1.07455,1.0749900000000001,1.07411,1.07427,4099,0,0
1694458800,1.07427,1.0758,1.07427,1.07512,2754,0,0
1694462400,1.07512,1.07524,1.07443,1.07459,2029,0,0
1694466000,1.07459,1.07515,1.07444,1.07453,1718,0,0
1694469600,1.07455,1.07505,1.07445,1.0749,1903,0,0
1694473200,1.07492,1.07507,1.07477,1.075,708,0,0
1694476800,1.07427,1.07522,1.07356,1.07484,485,15,0
1694480400,1.07487,1.07512,1.07487,1.07493,360,2,0
1694484000,1.075,1.07506,1.07474,1.07476,297,0,0
1694487600,1.07476,1.07478,1.07424,1.07439,761,0,0
1694491200,1.07439,1.07688,1.07373,1.07411,2266,0,0
1694494800,1.07411,1.07512,1.0739,1.0751,1201,0,0
1694498400,1.0751,1.07512,1.07443,1.0746,1062,0,0
1694502000,1.0746,1.07466,1.07387,1.07391,684,0,0
1694505600,1.07391,1.07408,1.07356,1.07364,1083,0,0
1694509200,1.07366,1.07409,1.07304,1.07322,3181,0,0
1694512800,1.07323,1.07349,1.07123,1.07136,4367,0,0
1694516400,1.07135,1.07236,1.07122,1.07146,4323,0,0
1694520000,1.07145,1.07261,1.0713300000000001,1.07225,3076,0,0
1694523600,1.07226,1.07245,1.07121,1.07161,2523,0,0
1694527200,1.07162,1.07186,1.07087,1.07181,3227,0,0
1694530800,1.0718,1.07211,1.07058,1.07073,5531,0,0
1694534400,1.07073,1.0719,1.07055,1.07177,6968,0,0
1694538000,1.07176,1.07181,1.07105,1.07139,4887,0,0
1694541600,1.07138,1.07302,1.07137,1.07254,3404,0,0
1694545200,1.07257,1.07376,1.07217,1.07233,2459,0,0
1694548800,1.07232,1.07342,1.07232,1.07261,2257,0,0
1694552400,1.07261,1.07344,1.07247,1.07323,2240,0,0
1694556000,1.07323,1.07338,1.07277,1.07283,1840,0,0
1694559600,1.07282,1.07647,1.07276,1.07529,2555,0,0
1694563200,1.07538,1.07623,1.07485,1.07578,826,9,0
1694566800,1.07581,1.07601,1.07542,1.07557,482,0,0
1694570400,1.07558,1.07579,1.07523,1.07528,417,1,0
1694574000,1.07528,1.07641,1.07527,1.0759,1276,0,0
1694577600,1.0759,1.07647,1.07557,1.07576,1259,0,0
1694581200,1.07577,1.07598,1.07447,1.07466,1308,0,0
1694584800,1.07467,1.075,1.07444,1.07471,643,0,0
1694588400,1.07471,1.07535,1.07463,1.07524,611,0,0
1694592000,1.07524,1.07547,1.07417,1.07444,1336,0,0
1694595600,1.07444,1.07472,1.07349,1.07384,4213,0,0
1694599200,1.07384,1.0749,1.07312,1.07439,4796,0,0
1694602800,1.0743800000000001,1.07449,1.07318,1.07352,4212,0,0
1694606400,1.07352,1.07398,1.07289,1.073,3755,0,0
1694610000,1.073,1.07381,1.07286,1.0737700000000001,3136,0,0
1694613600,1.0737700000000001,1.07409,1.07302,1.07367,3041,0,0
1694617200,1.07366,1.07618,1.07107,1.07479,16470,0,0
1694620800,1.07479,1.0756000000000001,1.07293,1.07387,12762,0,0
1694624400,1.07389,1.07427,1.07272,1.0738,9743,0,0
1694628000,1.07379,1.0745,1.07314,1.07358,4704,0,0
1694631600,1.07358,1.07467,1.07348,1.07408,3776,0,0
1694635200,1.07407,1.07492,1.07375,1.07447,3168,0,0
1694638800,1.07447,1.07462,1.0732,1.07321,2215,0,0
1694642400,1.07322,1.07327,1.0728,1.07319,2234,0,0
1694646000,1.07319,1.0732,1.07283,1.07283,806,0,0
1694649600,1.07281,1.07303,1.07269,1.07289,355,3,0
1694653200,1.07289,1.07341,1.07283,1.0733,616,1,0
1694656800,1.07329,1.07342,1.07301,1.07324,361,1,0
1694660400,1.07325,1.0742,1.07301,1.07396,1059,0,0
1694664000,1.07398,1.07433,1.07351,1.07372,2429,0,0
1694667600,1.0737,1.07405,1.07317,1.07405,962,0,0
1694671200,1.07406,1.07465,1.07406,1.07447,707,0,0
1694674800,1.07447,1.07489,1.07444,1.07472,670,0,0
1694678400,1.07472,1.07522,1.07464,1.07479,1363,0,0
1694682000,1.07479,1.07488,1.07407,1.07428,2350,0,0
1694685600,1.07428,1.07433,1.07331,1.07338,3705,0,0
1694689200,1.07338,1.07403,1.07322,1.0734,4125,0,0
1694692800,1.0734,1.07373,1.07246,1.07285,2813,0,0
1694696400,1.07286,1.07374,1.07274,1.07351,3419,0,0
1694700000,1.07352,1.07375,1.07288,1.07302,3026,0,0
1694703600,1.07303,1.07473,1.0655000000000001,1.06767,21655,0,0
1694707200,1.06769,1.06973,1.06607,1.06645,20391,0,0
1694710800,1.06645,1.06739,1.06538,1.0664,11195,0,0
1694714400,1.0664,1.06758,1.06564,1.06588,5583,0,0
1694718000,1.06588,1.06632,1.0645,1.06486,4390,0,0
1694721600,1.06485,1.06509,1.06319,1.06368,2986,0,0
1694725200,1.06368,1.06404,1.06331,1.06347,2072,0,0
1694728800,1.06348,1.06444,1.06344,1.06426,2957,0,0
1694732400,1.06426,1.06468,1.06416,1.0642,1184,0,0
1694736000,1.06426,1.06436,1.06314,1.06421,286,2,0
1694739600,1.06421,1.06437,1.06387,1.06426,585,2,0
1694743200,1.06424,1.06424,1.06347,1.06347,412,0,0
1694746800,1.06347,1.06436,1.06341,1.06423,1428,0,0
1694750400,1.06423,1.06434,1.06332,1.06394,1294,0,0
1694754000,1.06395,1.0648,1.06395,1.0643,1667,0,0
1694757600,1.06431,1.06479,1.06416,1.06475,1030,0,0
1694761200,1.06475,1.06536,1.06443,1.06535,875,0,0
1694764800,1.06535,1.06565,1.0648900000000001,1.06564,1507,0,0
1694768400,1.06564,1.06675,1.06521,1.06607,3861,0,0
1694772000,1.06607,1.06656,1.06498,1.06637,5576,0,0
1694775600,1.06636,1.06689,1.06617,1.06658,3635,0,0
1694779200,1.06657,1.06693,1.06607,1.0663,2646,0,0
1694782800,1.06632,1.06684,1.06541,1.06562,2524,0,0
1694786400,1.06562,1.06597,1.06531,1.06547,3026,0,0
1694790000,1.06546,1.0662,1.06452,1.06505,6255,0,0
1694793600,1.06506,1.06679,1.06498,1.06619,7726,0,0
1694797200,1.0662,1.06879,1.06619,1.06642,12259,0,0
1694800800,1.06643,1.06767,1.06619,1.06723,6438,0,0
1694804400,1.06723,1.06804,1.06703,1.06724,3003,0,0
1694808000,1.06724,1.06765,1.06682,1.06718,2299,0,0
1694811600,1.06718,1.06718,1.06607,1.06608,1397,0,0
1694815200,1.06608,1.06638,1.06597,1.06598,1636,0,0
1694818800,1.06598,1.06626,1.06568,1.06591,1457,0,0
1694995200,1.06587,1.06637,1.06577,1.06625,320,18,0
1694998800,1.06628,1.06689,1.0662,1.06641,473,2,0
1695002400,1.06635,1.06685,1.06623,1.06679,469,0,0
1695006000,1.06679,1.06719,1.06675,1.06715,776,0,0
1695009600,1.06715,1.06738,1.0661100000000001,1.06621,1285,0,0
1695013200,1.0662,1.06683,1.06618,1.0665499999999999,838,0,0
1695016800,1.06651,1.06685,1.06633,1.06642,526,0,0
1695020400,1.0664,1.06694,1.0663,1.06688,330,0,0
1695024000,1.06688,1.0673,1.06681,1.06688,623,0,0
1695027600,1.06689,1.06778,1.06585,1.06586,3325,0,0
1695031200,1.06584,1.06661,1.06579,1.06622,3901,0,0
1695034800,1.06622,1.06657,1.06564,1.0664,3155,0,0
1695038400,1.0664,1.06742,1.0662,1.0673,3080,0,0
1695042000,1.06729,1.06749,1.06671,1.06679,2689,0,0
1695045600,1.06679,1.06704,1.06623,1.06633,2419,0,0
1695049200,1.06633,1.06691,1.06561,1.06569,5129,0,0
1695052800,1.0657,1.06715,1.06546,1.06623,6513,0,0
1695056400,1.06624,1.06756,1.06595,1.06748,5881,0,0
1695060000,1.06749,1.06989,1.06742,1.06939,3715,0,0
1695063600,1.06939,1.06955,1.06844,1.06922,2416,0,0
1695067200,1.06922,1.06981,1.06871,1.06872,1819,0,0
1695070800,1.06872,1.06876,1.0678,1.06783,1490,0,0
1695074400,1.06783,1.06869,1.06782,1.06866,1897,0,0
1695078000,1.06867,1.06918,1.06862,1.06907,847,0,0
1695081600,1.06913,1.06927,1.06691,1.06914,404,3,0
1695085200,1.06912,1.06926,1.06885,1.0691,593,0,0
1695088800,1.06914,1.06938,1.06909,1.0692,297,0,0
1695092400,1.0692,1.06965,1.0688,1.06884,816,0,0
1695096000,1.06885,1.06895,1.06805,1.06837,825,0,0
1695099600,1.0683799999999999,1.06878,1.06821,1.06846,589,0,0
1695103200,1.06846,1.06856,1.06824,1.06826,578,0,0
1695106800,1.06827,1.06852,1.0679,1.06798,499,0,0
1695110400,1.06798,1.06822,1.06762,1.06796,871,0,0
1695114000,1.06795,1.06839,1.06763,1.06787,2958,0,0
1695117600,1.06787,1.06954,1.06752,1.06943,4638,0,0
1695121200,1.06943,1.06944,1.06841,1.06864,3349,0,0
1695124800,1.06861,1.0691,1.06822,1.06891,2761,0,0
1695128400,1.06891,1.07098,1.06867,1.07005,3158,0,0
1695132000,1.07004,1.07099,1.06995,1.07089,3420,0,0
1695135600,1.07088,1.07181,1.06942,1.06998,6005,0,0
1695139200,1.06998,1.07015,1.06831,1.06918,7631,0,0
1695142800,1.06917,1.06935,1.06824,1.06896,5969,0,0
1695146400,1.06895,1.06931,1.06801,1.06832,3496,0,0
1695150000,1.06832,1.06864,1.06784,1.06848,2121,0,0
1695153600,1.06848,1.06918,1.06823,1.06847,2171,0,0
1695157200,1.06847,1.06855,1.06772,1.06776,2210,0,0
1695160800,1.06773,1.06813,1.06762,1.06806,1854,0,0
1695164400,1.06805,1.06813,1.06781,1.0679,730,0,0
1695168000,1.06775,1.06809,1.06755,1.06784,313,3,0
1695171600,1.06782,1.06829,1.0677,1.06818,559,2,0
1695175200,1.06818,1.06834,1.06806,1.06811,366,1,0
1695178800,1.06813,1.0686,1.06793,1.06848,742,0,0
1695182400,1.0685,1.06874,1.068,1.06863,935,0,0
1695186000,1.06862,1.06897,1.06827,1.0683,667,0,0
1695189600,1.0683,1.06842,1.0678,1.06795,645,0,0
1695193200,1.06792,1.06812,1.06778,1.06786,397,0,0
1695196800,1.06786,1.0684,1.06784,1.06809,835,0,0
1695200400,1.06804,1.06931,1.06729,1.0682,4746,0,0
1695204000,1.0682,1.06931,1.06753,1.06906,4962,0,0
1695207600,1.06906,1.0697,1.06897,1.06963,3363,0,0
1695211200,1.06963,1.06999,1.06933,1.06987,2591,0,0
1695214800,1.06987,1.0705,1.06986,1.07032,2519,0,0
1695218400,1.07033,1.0705,1.06973,1.07017,2172,0,0
1695222000,1.07017,1.07037,1.06922,1.06981,3556,0,0
1695225600,1.0698,1.07184,1.06972,1.0717,5959,0,0
1695229200,1.0717,1.07273,1.07129,1.07196,6232,0,0
1695232800,1.07196,1.07245,1.07137,1.0714299999999999,3733,0,0
1695236400,1.0714299999999999,1.0737,1.07138,1.07353,2920,0,0
1695240000,1.07353,1.07355,1.07245,1.07268,2646,0,0
1695243600,1.07268,1.07268,1.06734,1.06868,19797,0,0
1695247200,1.06866,1.0689,1.06577,1.06587,7790,0,0
1695250800,1.06587,1.06624,1.06501,1.06608,1821,0,0
1695254400,1.06597,1.06625,1.06556,1.06623,188,13,0
1695258000,1.06625,1.06639,1.06524,1.06549,1063,2,0
1695261600,1.06549,1.0655000000000001,1.06474,1.06497,608,0,0
1695265200,1.06498,1.06503,1.06298,1.0631,2106,0,0
1695268800,1.06309,1.06394,1.06277,1.0637,2590,0,0
1695272400,1.0637,1.06413,1.06164,1.06269,2397,0,0
1695276000,1.06268,1.06378,1.06266,1.06366,1012,0,0
1695279600,1.06366,1.06375,1.06333,1.06371,556,0,0
1695283200,1.06372,1.06388,1.06328,1.06348,1056,0,0
1695286800,1.06348,1.06547,1.06334,1.06504,3671,0,0
1695290400,1.06502,1.06582,1.06388,1.06553,7664,0,0
1695294000,1.06553,1.06639,1.06522,1.06556,4973,0,0
1695297600,1.06556,1.06647,1.06514,1.06534,4141,0,0
1695301200,1.06534,1.06628,1.06471,1.06506,4053,0,0
1695304800,1.06507,1.06507,1.06337,1.06358,7358,0,0
1695308400,1.06358,1.06423,1.06248,1.06421,8593,0,0
1695312000,1.06421,1.06614,1.0639,1.06405,9963,0,0
1695315600,1.06405,1.06736,1.06378,1.06599,9540,0,0
1695319200,1.06599,1.06688,1.06551,1.06635,5485,0,0
1695322800,1.06635,1.06666,1.06546,1.06557,3245,0,0
1695326400,1.06557,1.06707,1.06556,1.06659,3026,0,0
1695330000,1.06659,1.0671,1.06613,1.06618,2646,0,0
1695333600,1.06617,1.06669,1.06589,1.06593,2777,0,0
1695337200,1.0659,1.06631,1.06574,1.06604,1276,0,0
1695340800,1.0658,1.066,1.06476,1.06579,281,8,0
1695344400,1.06579,1.06637,1.06579,1.06612,573,1,0
1695348000,1.06612,1.06618,1.06584,1.06602,431,0,0
1695351600,1.06602,1.06623,1.06531,1.06575,1395,0,0
1695355200,1.06575,1.06575,1.06409,1.06431,1419,0,0
1695358800,1.06432,1.06512,1.0642,1.06479,2072,0,0
1695362400,1.0648,1.06529,1.06473,1.06515,809,0,0
1695366000,1.06515,1.0657,1.06512,1.06548,862,0,0
1695369600,1.06548,1.06577,1.06494,1.06494,908,0,0
1695373200,1.06494,1.06599,1.06473,1.06597,4687,0,0
1695376800,1.06597,1.0668,1.06149,1.06454,11473,0,0
1695380400,1.06466,1.06515,1.06394,1.06464,2903,0,0
1695384000,1.06464,1.06487,1.06338,1.06385,1844,0,0
1695387600,1.06385,1.06473,1.06345,1.06356,1798,0,0
1695391200,1.06356,1.0642,1.06356,1.06364,1520,0,0
1695394800,1.06364,1.06607,1.06364,1.06557,3062,0,0
1695398400,1.06557,1.06623,1.06418,1.06608,4625,0,0
1695402000,1.06607,1.06718,1.06573,1.06583,3824,0,0
1695405600,1.06581,1.06654,1.06536,1.0659399999999999,2032,0,0
1695409200,1.0659399999999999,1.06617,1.06549,1.06556,1041,0,0
1695412800,1.06555,1.06615,1.06517,1.06519,1036,0,0
1695416400,1.06519,1.06528,1.06391,1.0647,1025,0,0
1695420000,1.06467,1.06513,1.06436,1.06438,1253,0,0
1695423600,1.06438,1.06471,1.06411,1.0642800000000001,696,0,0
1695600000,1.06498,1.06515,1.0642,1.06435,231,13,0
1695603600,1.0643,1.06514,1.06429,1.06483,703,2,0
1695607200,1.06481,1.06516,1.06467,1.06482,589,0,0
1695610800,1.06482,1.06552,1.06477,1.06546,743,0,0
1695614400,1.06546,1.06548,1.06443,1.06467,776,0,0
1695618000,1.06467,1.06495,1.06429,1.0649,649,0,0
1695621600,1.0649,1.06506,1.06476,1.0648,636,0,0
1695625200,1.06482,1.06505,1.06459,1.0648900000000001,404,0,0
1695628800,1.0649,1.06503,1.06421,1.06441,645,0,0
1695632400,1.06442,1.0653,1.0642800000000001,1.06463,1471,0,0
1695636000,1.06462,1.06529,1.06315,1.06379,2510,0,0
1695639600,1.0637699999999999,1.06433,1.0624,1.06258,3452,0,0
1695643200,1.06257,1.0637,1.06241,1.06348,2017,0,0
1695646800,1.06348,1.06418,1.06339,1.06374,1279,0,0
1695650400,1.06374,1.06436,1.06293,1.06305,1467,0,0
1695654000,1.06305,1.06347,1.06192,1.06219,2431,0,0
1695657600,1.06219,1.06243,1.05958,1.06019,3835,0,0
1695661200,1.06021,1.06069,1.05753,1.05773,4733,0,0
1695664800,1.05774,1.05927,1.05761,1.05902,2454,0,0
1695668400,1.05902,1.05961,1.05876,1.0588899999999999,1363,0,0
1695672000,1.0588899999999999,1.05972,1.05886,1.05948,1016,0,0
1695675600,1.05949,1.05988,1.05858,1.05871,840,0,0
1695679200,1.05874,1.05933,1.05854,1.05926,899,0,0
1695682800,1.05928,1.05947,1.0590600000000001,1.05919,559,0,0
1695686400,1.05928,1.05933,1.05875,1.0590600000000001,341,2,0
1695690000,1.05909,1.05963,1.05901,1.05937,934,2,0
1695693600,1.05938,1.05952,1.05911,1.05911,349,0,0
1695697200,1.05911,1.0592,1.05805,1.05842,1162,0,0
1695700800,1.05841,1.05877,1.05833,1.05864,1001,1,0
1695704400,1.05864,1.05875,1.05796,1.05798,880,0,0
1695708000,1.058,1.05864,1.05781,1.05857,688,0,0
1695711600,1.05856,1.05929,1.05843,1.05926,508,0,0
1695715200,1.05926,1.05929,1.05819,1.05875,879,0,0
1695718800,1.05875,1.05888,1.0571,1.05716,2095,0,0
1695722400,1.05716,1.05884,1.057,1.05849,3182,0,0
1695726000,1.05849,1.06,1.05825,1.05959,2511,0,0
1695729600,1.0596,1.0603,1.05932,1.05974,1591,0,0
1695733200,1.05974,1.06016,1.05932,1.0596,1408,0,0
1695736800,1.05959,1.06032,1.05895,1.05994,1826,0,0
1695740400,1.05994,1.06091,1.05984,1.06058,2950,0,0
1695744000,1.06058,1.06065,1.05855,1.0592,3279,0,0
1695747600,1.0592,1.05987,1.05779,1.05841,4669,0,0
1695751200,1.05838,1.05841,1.05674,1.05724,2925,0,0
1695754800,1.05725,1.0576699999999999,1.0568,1.05692,1540,0,0
1695758400,1.0569,1.05761,1.05672,1.05709,1139,0,0
1695762000,1.05711,1.05716,1.05618,1.05661,1091,0,0
1695765600,1.05661,1.05719,1.05645,1.05701,1006,0,0
1695769200,1.05702,1.05755,1.0569,1.05719,583,0,0
1695772800,1.05682,1.0572300000000001,1.0564,1.05682,289,2,0
1695776400,1.05684,1.05738,1.05684,1.05708,511,0,0
1695780000,1.05708,1.05731,1.05675,1.05689,535,0,0
1695783600,1.05689,1.05716,1.05558,1.05596,1164,0,0
1695787200,1.05597,1.05698,1.05587,1.05693,1386,1,0
1695790800,1.05695,1.05697,1.05587,1.05639,998,0,0
1695794400,1.05639,1.05648,1.05591,1.05618,728,0,0
1695798000,1.05618,1.05629,1.05572,1.056,633,0,0
1695801600,1.056,1.05641,1.05547,1.056,1018,0,0
1695805200,1.05601,1.05707,1.05573,1.05691,1890,0,0
1695808800,1.0569,1.0574,1.05643,1.05652,2172,0,0
1695812400,1.05652,1.05699,1.05573,1.05598,1785,0,0
1695816000,1.05599,1.05636,1.05527,1.05596,1815,0,0
1695819600,1.05596,1.05619,1.05524,1.05543,1393,0,0
1695823200,1.05543,1.05545,1.05342,1.05394,2408,0,0
1695826800,1.05394,1.05514,1.05347,1.05468,3973,0,0
1695830400,1.05467,1.05488,1.05122,1.05202,4553,0,0
1695834000,1.05202,1.05259,1.05085,1.05087,5235,0,0
1695837600,1.05087,1.05239,1.0508,1.05086,3841,0,0
1695841200,1.05086,1.05096,1.05005,1.05031,2587,0,0
1695844800,1.05028,1.05104,1.04904,1.04987,3184,0,0
1695848400,1.04987,1.05093,1.04881,1.05068,2733,0,0
1695852000,1.0507,1.05186,1.05012,1.05055,2200,0,0
1695855600,1.05056,1.05057,1.04982,1.05015,748,2,0
1695859200,1.05009,1.05066,1.04932,1.05028,414,11,0
1695862800,1.05031,1.05074,1.05029,1.05029,456,2,0
1695866400,1.05029,1.05068,1.05021,1.05049,426,1,0
1695870000,1.05051,1.05152,1.05048,1.0515,1112,0,0
1695873600,1.05149,1.0516,1.05095,1.05101,1318,0,0
1695877200,1.05101,1.05114,1.04983,1.04994,822,0,0
1695880800,1.04994,1.05054,1.04989,1.05039,757,0,0
1695884400,1.05039,1.05059,1.04966,1.05041,671,0,0
1695888000,1.05044,1.05095,1.04959,1.05089,1420,0,0
1695891600,1.05089,1.05089,1.04909,1.04947,2175,0,0
1695895200,1.04948,1.05188,1.04941,1.05082,3918,0,0
1695898800,1.05083,1.05242,1.05047,1.05167,3301,0,0
1695902400,1.0517,1.05414,1.05152,1.05393,3587,0,0
1695906000,1.05394,1.05418,1.05318,1.05398,2026,0,0
1695909600,1.05399,1.05483,1.05371,1.05412,1907,0,0
1695913200,1.05412,1.05574,1.05179,1.05183,7940,0,0
1695916800,1.05182,1.05549,1.05179,1.05495,8072,0,0
1695920400,1.05493,1.05677,1.05454,1.05629,5815,0,0
1695924000,1.05628,1.0579,1.05581,1.05762,3647,0,0
1695927600,1.05762,1.0578400000000001,1.05563,1.0558,2609,0,0
1695931200,1.05579,1.05641,1.05501,1.05509,2480,0,0
1695934800,1.05509,1.05646,1.05499,1.0555,1594,0,0
1695938400,1.05552,1.05645,1.05526,1.05641,1605,0,0
1695942000,1.05641,1.05672,1.05626,1.0564,652,0,0
1695945600,1.05646,1.05661,1.05544,1.05619,367,2,0
1695949200,1.0562,1.05675,1.0562,1.05646,454,2,0
1695952800,1.05646,1.05649,1.05614,1.05622,345,0,0
1695956400,1.05622,1.05648,1.05581,1.05639,840,0,0
1695960000,1.05639,1.05761,1.05619,1.05737,995,0,0
1695963600,1.05738,1.05826,1.05737,1.05792,790,0,0
1695967200,1.05791,1.05803,1.05751,1.05753,529,0,0
1695970800,1.05751,1.05814,1.05751,1.05802,481,0,0
1695974400,1.05802,1.05861,1.05758,1.05765,945,0,0
1695978000,1.0576699999999999,1.05921,1.0574,1.05901,3205,0,0
1695981600,1.05901,1.06109,1.05882,1.06064,3534,0,0
1695985200,1.06065,1.06167,1.05993,1.06094,3255,0,0
1695988800,1.0609,1.0617,1.06037,1.06144,2648,0,0
1695992400,1.06144,1.06161,1.06067,1.06092,1933,0,0
1695996000,1.06093,1.06112,1.05899,1.05945,2408,0,0
1695999600,1.05944,1.06106,1.05882,1.06,6609,0,0
1696003200,1.05998,1.06074,1.05745,1.05806,5853,0,0
1696006800,1.05805,1.05929,1.057,1.05871,7347,0,0
1696010400,1.05868,1.05905,1.0573,1.05835,4813,0,0
1696014000,1.05836,1.05869,1.05748,1.05777,2826,0,0
1696017600,1.05776,1.05777,1.05641,1.05651,2518,0,0
1696021200,1.05651,1.05799,1.05641,1.05777,1796,0,0
1696024800,1.05777,1.05793,1.05701,1.05725,2184,0,0
1696028400,1.05724,1.05761,1.05691,1.05735,1014,0,0
1696204800,1.05651,1.05715,1.05621,1.0566,309,12,0
1696208400,1.05661,1.05695,1.05574,1.05593,1183,2,0
1696212000,1.05586,1.05647,1.05578,1.05641,773,0,0
1696215600,1.05641,1.05682,1.05622,1.05641,1183,0,0
1696219200,1.05641,1.05703,1.0564,1.05679,746,0,0
1696222800,1.05679,1.05708,1.05675,1.05679,459,1,0
1696226400,1.0568,1.05703,1.05676,1.05697,407,0,0
1696230000,1.05696,1.05713,1.05681,1.05688,454,0,0
1696233600,1.05687,1.05694,1.05602,1.05619,836,0,0
1696237200,1.05617,1.05895,1.0561,1.05894,2942,0,0
1696240800,1.05894,1.05917,1.05714,1.05721,3352,0,0
1696244400,1.05721,1.05782,1.056,1.0562,2501,0,0
1696248000,1.05619,1.05627,1.05349,1.05388,2866,0,0
1696251600,1.05391,1.05439,1.05339,1.05396,2172,0,0
1696255200,1.05397,1.05425,1.05304,1.05314,2381,0,0
1696258800,1.05314,1.05376,1.0525,1.05296,3446,0,0
1696262400,1.05295,1.05326,1.05148,1.05155,4578,0,0
1696266000,1.05156,1.05274,1.04923,1.04955,8533,0,0
1696269600,1.04955,1.05127,1.04955,1.0499,4484,0,0
1696273200,1.0499,1.04994,1.04884,1.04892,2490,0,0
1696276800,1.04892,1.05052,1.04892,1.04959,2054,0,0
1696280400,1.04958,1.05023,1.04907,1.04927,1553,0,0
1696284000,1.04927,1.04941,1.04804,1.04808,1610,0,0
1696287600,1.04811,1.04827,1.04768,1.04768,711,0,0
1696291200,1.0477,1.04812,1.04755,1.04783,204,2,0
1696294800,1.04786,1.04824,1.04761,1.04766,608,1,0
1696298400,1.04768,1.04826,1.04752,1.04798,626,0,0
1696302000,1.04798,1.04803,1.0464,1.04724,1761,0,0
1696305600,1.0472,1.04748,1.04678,1.04712,1243,0,0
1696309200,1.04713,1.04713,1.04638,1.04666,1154,0,0
1696312800,1.04665,1.04706,1.04652,1.04683,780,0,0
1696316400,1.04683,1.04704,1.04599,1.04633,973,0,0
1696320000,1.04633,1.04663,1.04609,1.04659,1313,0,0
1696323600,1.04658,1.04747,1.04621,1.0473,2589,0,0
1696327200,1.0473,1.04845,1.04689,1.04827,3188,0,0
1696330800,1.04825,1.04934,1.04783,1.04853,2770,0,0
1696334400,1.04851,1.0491,1.04805,1.0484,2319,0,0
1696338000,1.04839,1.04855,1.04756,1.0476,2111,0,0
1696341600,1.0476,1.04816,1.04693,1.04737,2689,0,0
1696345200,1.04736,1.04789,1.04622,1.04661,4207,0,0
1696348800,1.04661,1.04855,1.04642,1.04807,5016,0,0
1696352400,1.04806,1.04828,1.04496,1.04758,17669,0,0
1696356000,1.04757,1.04759,1.0448,1.04525,5880,0,0
1696359600,1.04525,1.04725,1.04519,1.04624,3715,0,0
1696363200,1.04624,1.0475,1.04622,1.04692,2390,0,0
1696366800,1.04692,1.04797,1.04597,1.04746,2330,0,0
1696370400,1.04745,1.04786,1.04706,1.04711,1908,0,0
1696374000,1.04716,1.04732,1.04641,1.04655,892,0,0
1696377600,1.04665,1.04685,1.04518,1.04637,245,2,0
1696381200,1.0464,1.0468,1.04633,1.04647,524,2,0
1696384800,1.04647,1.04696,1.0463,1.04686,519,1,0
1696388400,1.04684,1.04755,1.04656,1.04714,1142,0,0
1696392000,1.04714,1.04719,1.04603,1.04668,1633,1,0
1696395600,1.04668,1.04682,1.046,1.04634,958,0,0
1696399200,1.04633,1.04666,1.04572,1.04592,711,0,0
1696402800,1.04592,1.04699,1.04584,1.04699,811,0,0
1696406400,1.04701,1.04739,1.0467,1.04682,937,0,0
1696410000,1.04683,1.04694,1.04542,1.04605,2014,0,0
1696413600,1.04603,1.04855,1.04514,1.04844,3873,0,0
1696417200,1.04843,1.04888,1.04791,1.04861,2768,0,0
1696420800,1.04862,1.05042,1.04848,1.04984,2358,0,0
1696424400,1.04984,1.05117,1.04955,1.05035,2171,0,0
1696428000,1.05035,1.05165,1.0498,1.04981,2776,0,0
1696431600,1.0498,1.05323,1.04963,1.05254,8238,0,0
1696435200,1.05254,1.0526,1.05054,1.05074,4648,0,0
1696438800,1.05072,1.05118,1.04831,1.04929,8236,0,0
1696442400,1.04926,1.0520100000000001,1.04902,1.05178,4635,0,0
1696446000,1.05178,1.05218,1.05111,1.05124,2519,0,0
1696449600,1.05122,1.05131,1.0501,1.05029,1923,0,0
1696453200,1.05029,1.05069,1.04977,1.05029,1854,0,0
1696456800,1.05031,1.05195,1.05017,1.05155,1575,0,0
1696460400,1.05151,1.05158,1.05027,1.05037,712,0,0
1696464000,1.05061,1.05063,1.05005,1.05052,282,2,0
1696467600,1.05055,1.05085,1.05048,1.05059,466,2,0
1696471200,1.05058,1.05093,1.05049,1.05066,498,0,0
1696474800,1.05066,1.05219,1.05021,1.05202,1152,0,0
1696478400,1.0520100000000001,1.05288,1.0520100000000001,1.05282,1755,0,0
1696482000,1.05281,1.05289,1.0521,1.05232,1001,0,0
1696485600,1.05229,1.05284,1.05214,1.0525,839,0,0
1696489200,1.0525,1.05264,1.05205,1.05207,615,0,0
1696492800,1.05208,1.05261,1.05168,1.05171,1002,0,0
1696496400,1.05171,1.0521,1.05049,1.05071,1951,0,0
1696500000,1.05071,1.05146,1.05014,1.05089,3637,0,0
1696503600,1.05088,1.05204,1.05029,1.05043,4904,0,0
1696507200,1.05043,1.05165,1.05035,1.0507900000000001,3413,0,0
1696510800,1.0507900000000001,1.05231,1.05052,1.0519,3504,0,0
1696514400,1.0519,1.05254,1.05113,1.05238,3690,0,0
1696518000,1.05238,1.05298,1.05002,1.05148,7540,0,0
1696521600,1.05148,1.0532,1.0507900000000001,1.05253,10096,0,0
1696525200,1.05252,1.05331,1.05127,1.05303,9604,0,0
1696528800,1.05304,1.05375,1.05204,1.05259,6997,0,0
1696532400,1.05257,1.05401,1.05241,1.05359,5933,0,0
1696536000,1.05359,1.054,1.05291,1.05379,4044,0,0
1696539600,1.05379,1.05515,1.05379,1.05509,3539,0,0
1696543200,1.05509,1.05517,1.05448,1.05497,1684,0,0
1696546800,1.05497,1.05517,1.05479,1.05489,902,0,0
1696550400,1.05399,1.05502,1.05379,1.05485,1066,7,0
1696554000,1.05485,1.05507,1.05477,1.05482,672,2,0
1696557600,1.05482,1.05485,1.05458,1.05461,335,0,0
1696561200,1.0546,1.05479,1.05413,1.05417,1824,0,0
1696564800,1.05417,1.05445,1.05383,1.05431,1603,0,0
1696568400,1.0543,1.05473,1.05413,1.05448,1482,0,0
1696572000,1.05448,1.05463,1.05402,1.05424,1499,0,0
1696575600,1.05425,1.05445,1.05399,1.05406,1098,0,0
1696579200,1.05404,1.05419,1.05336,1.05349,1554,0,0
1696582800,1.05349,1.05403,1.05315,1.05347,2841,0,0
1696586400,1.05347,1.05514,1.05342,1.05499,3943,0,0
1696590000,1.055,1.05533,1.05422,1.05483,4392,0,0
1696593600,1.05483,1.05575,1.05459,1.05529,3599,0,0
1696597200,1.05529,1.05634,1.05529,1.05548,2854,0,0
1696600800,1.05548,1.05673,1.05506,1.0566,3509,0,0
1696604400,1.05661,1.05686,1.04822,1.04965,14205,0,0
1696608000,1.04963,1.05228,1.04884,1.05118,12235,0,0
1696611600,1.05119,1.05554,1.05051,1.05375,12351,0,0
1696615200,1.05375,1.06002,1.05361,1.05948,10010,0,0
1696618800,1.05948,1.05953,1.05756,1.05791,4861,0,0
1696622400,1.05792,1.05924,1.05773,1.05882,2733,0,0
1696626000,1.05882,1.05998,1.05868,1.05934,1594,0,0
1696629600,1.05934,1.05962,1.05888,1.05898,1617,0,0
1696633200,1.05898,1.05899,1.05821,1.05852,833,0,0
1696809600,1.05491,1.0559,1.05487,1.05553,808,20,0
1696813200,1.05553,1.05632,1.055,1.05579,2905,2,0
1696816800,1.0558,1.05684,1.0558,1.05661,1507,0,0
1696820400,1.05661,1.05744,1.05621,1.05735,2799,0,0
1696824000,1.05735,1.05741,1.0557,1.05632,2680,0,0
1696827600,1.05632,1.05655,1.05588,1.05615,1557,0,0
1696831200,1.05614,1.05614,1.05515,1.05522,1221,0,0
1696834800,1.05522,1.05545,1.05479,1.05502,1112,0,0
1696838400,1.05502,1.0557,1.05501,1.05539,1572,0,0
1696842000,1.0554,1.05587,1.05317,1.0537,5189,0,0
1696845600,1.05372,1.05397,1.05196,1.05231,5646,0,0
1696849200,1.0523,1.05418,1.05203,1.05417,4662,0,0
1696852800,1.05417,1.05453,1.05309,1.05335,3434,0,0
1696856400,1.05336,1.05339,1.05236,1.05281,2960,0,0
1696860000,1.05281,1.05404,1.05269,1.05284,2980,0,0
1696863600,1.05283,1.05362,1.05224,1.05332,5557,0,0
1696867200,1.05332,1.05548,1.05327,1.05531,9999,0,0
1696870800,1.05531,1.05577,1.05373,1.05454,8630,0,0
1696874400,1.05454,1.05529,1.05393,1.05398,4179,0,0
1696878000,1.05398,1.05441,1.05346,1.05356,2300,0,0
1696881600,1.05356,1.05645,1.05352,1.05631,2568,0,0
1696885200,1.05631,1.05675,1.056,1.05643,1716,0,0
1696888800,1.05643,1.05701,1.05639,1.05693,1448,0,0
1696892400,1.05693,1.05722,1.05644,1.05657,749,0,0
1696896000,1.05605,1.0568,1.05558,1.05661,1326,6,0
1696899600,1.05661,1.05718,1.05656,1.05688,955,2,0
1696903200,1.05686,1.05797,1.05678,1.05786,758,0,0
1696906800,1.05787,1.05836,1.05708,1.05727,3310,0,0
1696910400,1.05727,1.05807,1.0570599999999999,1.0573,3505,0,0
1696914000,1.05731,1.05769,1.05664,1.05671,1965,0,0
1696917600,1.0567,1.05703,1.05661,1.05695,1428,0,0
1696921200,1.05695,1.05696,1.05606,1.05616,1598,0,0
1696924800,1.05616,1.0567,1.05589,1.05616,2024,0,0
1696928400,1.05617,1.05691,1.05546,1.05616,5165,0,0
1696932000,1.05615,1.05724,1.05545,1.05718,6725,0,0
1696935600,1.05719,1.06097,1.05699,1.06045,7876,0,0
1696939200,1.06043,1.06112,1.05975,1.06022,5812,0,0
1696942800,1.06021,1.06047,1.05909,1.05922,3538,0,0
1696946400,1.05922,1.05922,1.05719,1.05758,4696,0,0
1696950000,1.05757,1.05954,1.05743,1.05935,7499,0,0
1696953600,1.05932,1.05968,1.05848,1.05945,6705,0,0
1696957200,1.05945,1.06066,1.05891,1.05972,6047,0,0
1696960800,1.0597,1.06196,1.05962,1.06172,3631,0,0
1696964400,1.06172,1.06199,1.06095,1.06172,4156,0,0
1696968000,1.06172,1.06186,1.05935,1.0594999999999999,5258,0,0
1696971600,1.05948,1.0601,1.05923,1.05984,2717,0,0
1696975200,1.05984,1.06064,1.05939,1.06047,1762,0,0
1696978800,1.06049,1.06064,1.0602,1.06052,756,0,0
1696982400,1.05952,1.06066,1.05942,1.06052,395,3,0
1696986000,1.06053,1.06068,1.06022,1.06053,500,2,0
1696989600,1.06053,1.06097,1.06033,1.06043,581,1,0
1696993200,1.06043,1.06143,1.06042,1.06106,2233,0,0
1696996800,1.06106,1.06123,1.06012,1.0608,1984,0,0
1697000400,1.0608,1.06098,1.06021,1.06077,1446,0,0
1697004000,1.06076,1.06081,1.06037,1.06048,914,0,0
1697007600,1.06048,1.06077,1.06029,1.06029,1104,0,0
1697011200,1.06029,1.06104,1.06007,1.06014,1310,0,0
1697014800,1.06014,1.06146,1.05991,1.06104,2937,0,0
1697018400,1.06102,1.06284,1.05955,1.06,8316,0,0
1697022000,1.05999,1.06136,1.05934,1.06086,7215,0,0
1697025600,1.06085,1.06148,1.06044,1.06046,4410,0,0
1697029200,1.06046,1.06066,1.05976,1.06019,3950,0,0
1697032800,1.0602,1.06087,1.05965,1.0604,3758,0,0
1697036400,1.06039,1.06145,1.05809,1.06145,11379,0,0
1697040000,1.06145,1.06348,1.06065,1.06293,9094,0,0
1697043600,1.06293,1.06345,1.06183,1.06242,8324,0,0
1697047200,1.06241,1.06246,1.06104,1.06128,4814,0,0
1697050800,1.06127,1.06129,1.05995,1.06073,4067,0,0
1697054400,1.06073,1.06097,1.0585,1.05926,3393,0,0
1697058000,1.05926,1.06086,1.05912,1.06072,5089,0,0
1697061600,1.06072,1.06159,1.06072,1.06126,1898,0,0
1697065200,1.06126,1.06202,1.06114,1.06182,938,0,0
1697068800,1.06198,1.06203,1.0603,1.06201,541,4,0
1697072400,1.06201,1.06219,1.06182,1.06189,1147,2,0
1697076000,1.0619,1.0625499999999999,1.06186,1.06232,744,0,0
1697079600,1.06231,1.06278,1.062,1.06224,1668,0,0
1697083200,1.06224,1.06268,1.06202,1.06247,1807,0,0
1697086800,1.06247,1.0626,1.06204,1.06239,1260,0,0
1697090400,1.06239,1.0629,1.06208,1.06288,1317,0,0
1697094000,1.06286,1.06319,1.06272,1.06309,1293,0,0
1697097600,1.06309,1.06339,1.06293,1.06314,1794,0,0
1697101200,1.06311,1.06398,1.06279,1.06356,3576,0,0
1697104800,1.06356,1.06362,1.062,1.062,3948,0,0
1697108400,1.062,1.06269,1.06194,1.06265,3242,0,0
1697112000,1.06264,1.06274,1.06162,1.06182,2634,0,0
1697115600,1.06182,1.06268,1.06169,1.06186,2580,0,0
1697119200,1.06186,1.06202,1.06134,1.06197,2935,0,0
1697122800,1.06197,1.06279,1.05719,1.05819,14842,0,0
1697126400,1.05819,1.05863,1.05477,1.05497,13699,0,0
1697130000,1.05497,1.05628,1.05445,1.05557,9611,0,0
1697133600,1.05557,1.05601,1.05454,1.0552,5935,0,0
1697137200,1.0552,1.0561,1.05464,1.05486,3742,0,0
1697140800,1.05486,1.05492,1.05321,1.05345,6941,0,0
1697144400,1.05345,1.0537,1.05258,1.05267,4335,0,0
1697148000,1.05268,1.0534,1.05265,1.05306,1977,0,0
1697151600,1.05307,1.05314,1.05272,1.05272,910,0,0
1697155200,1.0528,1.05306,1.05249,1.05306,870,6,0
1697158800,1.05307,1.05321,1.05293,1.05312,1143,2,0
1697162400,1.05312,1.05373,1.05305,1.05355,749,1,0
1697166000,1.05356,1.05395,1.05345,1.05389,1337,0,0
1697169600,1.05389,1.05433,1.05375,1.05422,2091,0,0
1697173200,1.05422,1.05467,1.054,1.05461,2079,0,0
1697176800,1.05461,1.05481,1.05426,1.05455,1296,0,0
1697180400,1.05455,1.05501,1.05433,1.05498,972,0,0
1697184000,1.05499,1.0551,1.05443,1.05485,1981,0,0
1697187600,1.05485,1.05485,1.05336,1.05363,3758,0,0
1697191200,1.05362,1.05579,1.05316,1.0552,5718,0,0
1697194800,1.05519,1.05586,1.05506,1.05539,4531,0,0
1697198400,1.05539,1.0555,1.0528,1.05295,4840,0,0
1697202000,1.05295,1.05311,1.05158,1.0518,3678,0,0
1697205600,1.0518,1.05308,1.05141,1.0524499999999999,4496,0,0
1697209200,1.05246,1.05475,1.05212,1.05377,7334,0,0
1697212800,1.05377,1.05413,1.05167,1.05261,7833,0,0
1697216400,1.05261,1.05265,1.04995,1.05033,9706,0,0
1697220000,1.05033,1.05053,1.04954,1.05007,4725,0,0
1697223600,1.05008,1.05152,1.04994,1.05092,2660,0,0
1697227200,1.05092,1.05118,1.05011,1.05051,2374,0,0
1697230800,1.05051,1.05124,1.05043,1.05112,1855,0,0
1697234400,1.05113,1.05159,1.05094,1.05135,2238,0,0
1697238000,1.05135,1.0514000000000001,1.05054,1.0507,755,0,0
1697414400,1.05084,1.0522,1.05023,1.05206,1268,14,0
1697418000,1.05205,1.05251,1.05144,1.05213,1535,3,0
1697421600,1.05212,1.05224,1.05172,1.05219,819,0,0
1697425200,1.05219,1.05234,1.05153,1.05173,1873,0,0
1697428800,1.05175,1.05252,1.05175,1.05218,1784,1,0
1697432400,1.05219,1.05256,1.05198,1.05215,1075,0,0
1697436000,1.05215,1.05238,1.05199,1.05232,981,0,0
1697439600,1.05233,1.05268,1.05223,1.05258,844,0,0
1697443200,1.05259,1.05303,1.05227,1.05293,1522,1,0
1697446800,1.05292,1.05381,1.05266,1.05346,3789,2,0
1697450400,1.05345,1.05359,1.05235,1.0534,5477,2,0
1697454000,1.05339,1.05428,1.05234,1.05406,3698,2,0
1697457600,1.05404,1.05423,1.05316,1.05319,2854,2,0
1697461200,1.05319,1.05344,1.05276,1.05322,2362,1,0
1697464800,1.05322,1.05387,1.0526,1.05365,2457,1,0
1697468400,1.05365,1.05459,1.05293,1.05416,6336,2,0
1697472000,1.05417,1.05438,1.0528,1.05298,5880,2,0
1697475600,1.05298,1.05554,1.05255,1.05496,6515,2,0
1697479200,1.05498,1.05525,1.05392,1.05446,3434,2,0
1697482800,1.05446,1.05493,1.05402,1.05472,2453,2,0
1697486400,1.05472,1.0556,1.05436,1.0555,2031,2,0
1697490000,1.05549,1.05565,1.05516,1.0554,1774,1,0
1697493600,1.0554,1.05626,1.05525,1.05626,1834,1,0
1697497200,1.05627,1.05627,1.0558,1.05592,853,3,0
1697500800,1.05599,1.05611,1.0556,1.0559,998,4,0
1697504400,1.0559,1.05618,1.05556,1.0556,1013,5,0
1697508000,1.0556,1.05572,1.05527,1.0554,583,1,0
1697511600,1.05541,1.05606,1.05541,1.05554,1944,2,0
1697515200,1.05555,1.05557,1.05493,1.05522,1674,1,0
1697518800,1.05522,1.05527,1.0546,1.05499,1093,1,0
1697522400,1.05497,1.05541,1.05477,1.05497,1487,1,0
1697526000,1.05497,1.055,1.05454,1.05473,1284,1,0
1697529600,1.05473,1.05504,1.05436,1.05441,1728,0,0
1697533200,1.05443,1.05449,1.05339,1.05369,2515,0,0
1697536800,1.0537,1.05547,1.0534,1.05486,4380,2,0
1697540400,1.05486,1.05488,1.05327,1.05356,3353,2,0
1697544000,1.05362,1.05543,1.05359,1.05536,3227,1,0
1697547600,1.05536,1.05624,1.0546,1.05531,4954,2,0
1697551200,1.05532,1.05791,1.05531,1.05751,3452,2,0
1697554800,1.0575,1.05779,1.05382,1.05472,8043,2,0
1697558400,1.05471,1.05613,1.05397,1.05489,7025,2,0
1697562000,1.05488,1.05871,1.0548,1.0575,8135,2,0
1697565600,1.0575,1.05927,1.0575,1.0592,5742,2,0
1697569200,1.05921,1.05947,1.05785,1.05793,3481,2,0
1697572800,1.05794,1.0581,1.05644,1.0567,2674,1,0
1697576400,1.05669,1.05743,1.05639,1.05688,1977,0,0
1697580000,1.0569,1.05809,1.05688,1.05769,1916,0,0
1697583600,1.0576699999999999,1.05775,1.05731,1.05769,843,0,0
1697587200,1.05765,1.05766,1.05618,1.05746,1057,6,0
1697590800,1.0575,1.05771,1.05743,1.05757,748,5,0
1697594400,1.05756,1.05759,1.05717,1.05726,541,2,0
1697598000,1.05725,1.05742,1.05602,1.05642,1877,2,0
1697601600,1.05642,1.05699,1.05612,1.05692,1857,1,0
1697605200,1.05694,1.05787,1.05694,1.05754,1680,1,0
1697608800,1.05754,1.05778,1.05721,1.05752,1132,1,0
1697612400,1.05754,1.05786,1.05732,1.05755,1166,1,0
1697616000,1.05755,1.05847,1.05744,1.05824,1564,1,0
1697619600,1.05824,1.0594,1.05769,1.05788,3833,2,0
1697623200,1.05788,1.05831,1.05703,1.05788,4751,2,0
1697626800,1.05787,1.05847,1.05731,1.0582799999999999,3114,2,0
1697630400,1.0582799999999999,1.05865,1.05657,1.0569,3450,2,0
1697634000,1.05691,1.05695,1.05542,1.05559,3050,2,0
1697637600,1.05558,1.05683,1.0552,1.05605,3700,2,0
1697641200,1.05605,1.05744,1.05491,1.05568,4298,2,0
1697644800,1.05569,1.0564,1.05485,1.05505,5990,2,0
1697648400,1.05507,1.05602,1.05322,1.05374,7306,2,0
1697652000,1.05373,1.05425,1.05257,1.05311,4313,2,0
1697655600,1.0531,1.05377,1.05229,1.05367,4346,2,0
1697659200,1.05367,1.05537,1.05343,1.055,5070,2,0
1697662800,1.055,1.05512,1.05348,1.05356,2702,2,0
1697666400,1.05356,1.05377,1.05315,1.05352,1662,0,0
1697670000,1.05354,1.05375,1.0534,1.05354,759,1,0
1697673600,1.05363,1.05366,1.05321,1.0536,559,3,0
1697677200,1.05361,1.05394,1.05358,1.05369,657,3,0
1697680800,1.05372,1.05395,1.05363,1.05378,574,0,0
1697684400,1.05377,1.05397,1.05325,1.05387,2372,1,0
1697688000,1.05386,1.05418,1.05322,1.05362,2910,1,0
1697691600,1.05362,1.05393,1.05341,1.05348,1276,0,0
1697695200,1.05349,1.05368,1.05322,1.05336,1185,0,0
1697698800,1.05337,1.05349,1.05304,1.05335,996,0,0
1697702400,1.05335,1.05348,1.05302,1.0533,1573,0,0
1697706000,1.05328,1.05419,1.05281,1.054,2738,2,0
1697709600,1.054,1.0548,1.05355,1.05374,4556,5,0
1697713200,1.05372,1.05434,1.05291,1.05355,4401,5,0
1697716800,1.05355,1.05451,1.05349,1.05441,2935,1,0
1697720400,1.05442,1.05521,1.05425,1.05509,2539,5,0
1697724000,1.05509,1.05633,1.05509,1.05578,3354,5,0
1697727600,1.05577,1.05796,1.05559,1.05761,7041,5,0
1697731200,1.05762,1.05814,1.05655,1.05753,6607,5,0
1697734800,1.05751,1.0579,1.05652,1.05685,7734,6,0
1697738400,1.05686,1.05783,1.05667,1.05694,4834,4,0
1697742000,1.05695,1.06164,1.05557,1.05962,19550,5,0
1697745600,1.05962,1.06064,1.05835,1.05983,9512,6,0
1697749200,1.05983,1.06046,1.05779,1.05805,5659,5,0
1697752800,1.05806,1.05898,1.05805,1.05878,2520,6,0
1697756400,1.05875,1.05877,1.05799,1.05814,725,4,0
1697760000,1.05795,1.05836,1.0576699999999999,1.05821,624,3,0
1697763600,1.0582,1.0583,1.05789,1.05805,921,4,0
1697767200,1.05804,1.05861,1.05779,1.05859,907,1,0
1697770800,1.0586,1.05861,1.05734,1.05758,2205,1,0
1697774400,1.05757,1.05758,1.0568,1.05722,2525,0,0
1697778000,1.05722,1.05796,1.0570599999999999,1.05778,1783,1,0
1697781600,1.05777,1.05796,1.05744,1.05759,1004,0,0
1697785200,1.05758,1.05771,1.05731,1.05751,861,1,0
1697788800,1.05751,1.05785,1.05713,1.05737,1321,0,0
1697792400,1.05736,1.05758,1.05647,1.05738,3521,6,0
1697796000,1.05739,1.05764,1.05682,1.05704,4064,6,0
1697799600,1.05705,1.0594999999999999,1.0568,1.05876,4804,5,0
1697803200,1.05876,1.05931,1.05796,1.05896,3113,6,0
1697806800,1.05897,1.05926,1.05837,1.05851,2230,6,0
1697810400,1.0585,1.05987,1.05847,1.0590600000000001,2795,5,0
1697814000,1.0590600000000001,1.05921,1.05649,1.05833,5065,5,0
1697817600,1.05834,1.05946,1.05786,1.05787,6697,5,0
1697821200,1.05787,1.06005,1.05719,1.05874,5781,5,0
1697824800,1.05876,1.05961,1.05869,1.05908,3631,6,0
1697828400,1.05908,1.0591,1.05811,1.05891,3361,5,0
1697832000,1.05892,1.06033,1.05875,1.05955,3879,6,0
1697835600,1.05955,1.05962,1.0586,1.05922,2360,5,0
1697839200,1.05923,1.05945,1.0588,1.0592,1450,1,0
1697842800,1.05919,1.0594999999999999,1.05911,1.05931,797,6,0
1698019200,1.05918,1.05969,1.0590600000000001,1.05939,743,17,0
1698022800,1.05941,1.05962,1.05882,1.05912,1583,6,0
1698026400,1.05912,1.05932,1.05884,1.05893,652,0,0
1698030000,1.05893,1.05901,1.05838,1.05869,1526,0,0
1698033600,1.05868,1.05871,1.05815,1.05833,1541,1,0
1698037200,1.05832,1.05832,1.05731,1.05734,1370,0,0
1698040800,1.05735,1.05781,1.05735,1.05749,1071,1,0
1698044400,1.05749,1.05771,1.05739,1.05762,872,0,0
1698048000,1.05761,1.05792,1.05751,1.05771,1146,1,0
1698051600,1.05772,1.05863,1.05714,1.05824,2773,2,0
1698055200,1.05824,1.05976,1.05763,1.05975,5049,2,0
1698058800,1.05974,1.06105,1.05949,1.06025,4846,2,0
1698062400,1.06025,1.06147,1.05907,1.05931,3978,1,0
1698066000,1.05924,1.06042,1.0590600000000001,1.06042,2611,0,0
1698069600,1.06042,1.06096,1.06007,1.06016,3127,2,0
1698073200,1.06015,1.06187,1.0594999999999999,1.06097,5165,2,0
1698076800,1.06096,1.06131,1.05909,1.06051,5017,2,0
1698080400,1.06052,1.06317,1.06046,1.06286,6708,2,0
1698084000,1.06286,1.06466,1.06278,1.06451,4406,2,0
1698087600,1.06451,1.06647,1.06408,1.06646,3680,2,0
1698091200,1.06645,1.06728,1.06596,1.06682,3592,2,0
1698094800,1.06681,1.06778,1.06656,1.06741,3109,2,0
1698098400,1.06741,1.06746,1.06602,1.06654,2218,1,0
1698102000,1.06654,1.06693,1.06634,1.06693,797,4,0
1698105600,1.06686,1.06713,1.06609,1.06686,631,6,0
1698109200,1.06685,1.06719,1.06678,1.06679,905,6,0
1698112800,1.06678,1.06702,1.06668,1.06697,1033,1,0
1698116400,1.06697,1.06734,1.06665,1.06721,2124,2,0
1698120000,1.06721,1.06747,1.06677,1.06703,2112,3,0
1698123600,1.06704,1.06868,1.06688,1.06814,2154,1,0
1698127200,1.06813,1.06859,1.06806,1.06824,1079,0,0
1698130800,1.06824,1.06833,1.06789,1.06789,925,0,0
1698134400,1.06789,1.06829,1.0677,1.0681,1401,0,0
1698138000,1.0681,1.06865,1.06769,1.06851,3489,1,0
1698141600,1.0685,1.06947,1.0657,1.06627,7123,2,0
1698145200,1.06627,1.06628,1.06439,1.06501,5542,2,0
1698148800,1.06497,1.0651,1.06358,1.06366,3219,0,0
1698152400,1.06366,1.06395,1.06217,1.06252,2956,2,0
1698156000,1.06253,1.06415,1.06218,1.06352,4114,2,0
1698159600,1.06352,1.06364,1.06122,1.06158,4431,2,0
1698163200,1.06157,1.06243,1.05962,1.06114,7893,2,0
1698166800,1.06116,1.06161,1.05903,1.05996,8668,2,0
1698170400,1.05995,1.05996,1.05829,1.05936,4842,2,0
1698174000,1.05937,1.06021,1.05833,1.05866,2701,0,0
1698177600,1.05867,1.0594,1.05864,1.05887,3186,2,0
1698181200,1.05886,1.05908,1.05844,1.05883,2050,2,0
1698184800,1.05882,1.05935,1.05869,1.05917,1159,0,0
1698188400,1.05917,1.05941,1.05886,1.05886,741,4,0
1698192000,1.05895,1.05929,1.05833,1.05909,901,6,0
1698195600,1.05915,1.05935,1.05887,1.05932,1054,3,0
1698199200,1.05931,1.05949,1.05915,1.05948,947,0,0
1698202800,1.05947,1.05986,1.05894,1.05924,2536,3,0
1698206400,1.05924,1.05976,1.05915,1.05942,2263,2,0
1698210000,1.05944,1.06042,1.05943,1.06035,2237,1,0
1698213600,1.06036,1.06048,1.06014,1.06018,1572,0,0
1698217200,1.06019,1.06063,1.06009,1.0606,1125,0,0
1698220800,1.06061,1.06065,1.05972,1.06009,1624,0,0
1698224400,1.06009,1.06039,1.05923,1.05924,2323,1,0
1698228000,1.05924,1.05926,1.05782,1.05868,3900,2,0
1698231600,1.05867,1.05966,1.05833,1.05851,3252,2,0
1698235200,1.0585,1.0585,1.05665,1.05689,3566,2,0
1698238800,1.05689,1.05772,1.05658,1.05742,2711,1,0
1698242400,1.05743,1.05789,1.05696,1.05727,2557,1,0
1698246000,1.05727,1.05795,1.05695,1.05748,3939,2,0
1698249600,1.05749,1.05825,1.05667,1.05807,4443,2,0
1698253200,1.05807,1.05913,1.05676,1.0585,8237,2,0
1698256800,1.0585,1.05955,1.0583,1.0583,7113,2,0
1698260400,1.0582799999999999,1.0586,1.05705,1.05744,3679,1,0
1698264000,1.05744,1.05764,1.05657,1.0571,4517,2,0
1698267600,1.0571,1.05733,1.05658,1.05664,2839,1,0
1698271200,1.05667,1.05699,1.05656,1.05677,1224,0,0
1698274800,1.05677,1.05696,1.05653,1.05664,1685,2,0
1698278400,1.05668,1.05685,1.05575,1.05674,970,4,0
1698282000,1.05674,1.05678,1.0564,1.05653,1190,5,0
1698285600,1.05652,1.05667,1.056,1.05661,703,1,0
1698289200,1.05661,1.0569,1.05575,1.05595,1431,0,0
1698292800,1.05594,1.05612,1.05538,1.05548,1846,1,0
1698296400,1.05548,1.0556,1.05434,1.05451,1858,1,0
1698300000,1.05451,1.05477,1.05412,1.05465,1834,0,0
1698303600,1.05467,1.05479,1.05421,1.05454,1242,0,0
1698307200,1.05454,1.05491,1.05413,1.05427,1938,1,0
1698310800,1.05427,1.05454,1.05328,1.05385,4372,2,0
1698314400,1.05387,1.05492,1.05379,1.05481,3932,2,0
1698318000,1.05481,1.05523,1.05443,1.05452,2922,2,0
1698321600,1.05452,1.05518,1.054,1.05455,2560,0,0
1698325200,1.05455,1.05491,1.0535,1.05371,2511,2,0
1698328800,1.05372,1.05389,1.0531,1.05361,2829,2,0
1698332400,1.0536,1.05587,1.05218,1.05586,11064,2,0
1698336000,1.05599,1.05603,1.05415,1.05471,7552,2,0
1698339600,1.0547,1.05484,1.0531,1.05427,6843,2,0
1698343200,1.05428,1.05448,1.05251,1.05316,4104,2,0
1698346800,1.05315,1.05366,1.05249,1.05283,3672,2,0
1698350400,1.05285,1.05522,1.05281,1.05504,4449,2,0
1698354000,1.05505,1.05645,1.0549,1.05609,2446,2,0
1698357600,1.05609,1.05631,1.05484,1.05564,1582,2,0
1698361200,1.05564,1.05637,1.05549,1.05615,1245,4,0
1698364800,1.05564,1.05621,1.05528,1.0561,1144,6,0
1698368400,1.0561,1.05649,1.05606,1.05638,626,0,0
1698372000,1.05641,1.05656,1.0562,1.05638,585,0,0
1698375600,1.05637,1.05643,1.05553,1.05577,1920,1,0
1698379200,1.05576,1.05621,1.05522,1.05586,1612,1,0
1698382800,1.05587,1.05663,1.05587,1.05643,1164,0,0
1698386400,1.05645,1.05652,1.05607,1.05643,981,0,0
1698390000,1.05643,1.05676,1.05633,1.0567,757,0,0
1698393600,1.0567,1.05697,1.05653,1.05692,2232,0,0
1698397200,1.05691,1.05698,1.05545,1.05559,2507,0,0
1698400800,1.05559,1.0563,1.0552,1.05583,2386,2,0
1698404400,1.05583,1.05625,1.05538,1.05619,2291,0,0
1698408000,1.05619,1.05654,1.05601,1.05644,2251,0,0
1698411600,1.05644,1.05671,1.05557,1.05557,1511,0,0
1698415200,1.05557,1.05562,1.05353,1.05369,2489,2,0
1698418800,1.05368,1.05693,1.05356,1.05559,6171,2,0
1698422400,1.05559,1.0592,1.05554,1.05799,8818,2,0
1698426000,1.05799,1.05947,1.05656,1.05781,7590,2,0
1698429600,1.05783,1.05969,1.05773,1.05913,4002,2,0
1698433200,1.05913,1.05964,1.05807,1.0582799999999999,2741,2,0
1698436800,1.05829,1.0583,1.05573,1.0567,4745,1,0
1698440400,1.0567,1.05733,1.05621,1.05677,3999,2,0
1698444000,1.05675,1.05707,1.05618,1.05705,2185,0,0
1698447600,1.05705,1.05707,1.05624,1.0564,827,2,0
1698624000,1.05647,1.05668,1.05583,1.0561,938,0,0
1698627600,1.05609,1.05638,1.05586,1.05618,721,4,0
1698631200,1.05618,1.05628,1.0555,1.05623,1883,1,0
1698634800,1.05624,1.05637,1.05593,1.05636,1589,0,0
1698638400,1.05635,1.05656,1.05615,1.05623,886,0,0
1698642000,1.05622,1.05633,1.05586,1.05602,809,0,0
1698645600,1.05601,1.05624,1.05582,1.05608,775,0,0
1698649200,1.05609,1.05618,1.05587,1.05614,806,0,0
1698652800,1.05615,1.05657,1.05563,1.05651,1169,0,0
1698656400,1.05637,1.05674,1.05529,1.05567,2846,2,0
1698660000,1.05566,1.05606,1.0547,1.05597,4033,2,0
1698663600,1.05598,1.0586,1.05596,1.05823,3178,2,0
1698667200,1.05823,1.0588,1.05738,1.05748,2451,0,0
1698670800,1.05747,1.05961,1.05733,1.05853,2794,2,0
1698674400,1.05852,1.06083,1.05819,1.06067,4906,1,0
1698678000,1.06068,1.06148,1.05964,1.06093,5204,2,0
1698681600,1.06094,1.06177,1.05908,1.06052,6277,2,0
1698685200,1.06051,1.0625,1.06047,1.0619,4089,2,0
1698688800,1.06188,1.06206,1.0605,1.0607,3210,2,0
1698692400,1.0607,1.06142,1.06001,1.06113,2333,0,0
1698696000,1.06114,1.06186,1.06101,1.06175,1886,1,0
1698699600,1.06175,1.06215,1.06138,1.06168,1427,0,0
1698703200,1.06168,1.06173,1.06137,1.06141,654,0,0
1698706800,1.06149,1.06168,1.06115,1.0614,555,6,0
1698710400,1.0614,1.0617,1.06118,1.06118,670,5,0
1698714000,1.06118,1.06149,1.06117,1.06138,473,3,0
1698717600,1.06137,1.06141,1.06093,1.06112,1315,1,0
1698721200,1.06112,1.06124,1.06031,1.06095,2580,1,0
1698724800,1.06096,1.06111,1.05985,1.06008,1920,0,0
1698728400,1.06008,1.0601,1.05904,1.05944,3027,3,0
1698732000,1.05942,1.0597,1.05905,1.05936,1042,0,0
1698735600,1.05936,1.05988,1.05925,1.05985,1136,0,0
1698739200,1.05985,1.0609,1.05941,1.06086,2039,1,0
1698742800,1.06085,1.06257,1.06034,1.06211,3806,2,0
1698746400,1.06211,1.06457,1.06153,1.06453,4222,2,0
1698750000,1.06452,1.06749,1.06354,1.06684,5495,0,0
1698753600,1.06684,1.06704,1.06521,1.06641,4686,2,0
1698757200,1.06641,1.06668,1.06553,1.06556,2590,2,0
1698760800,1.06557,1.06608,1.06212,1.0624,7729,2,0
1698764400,1.06241,1.06256,1.06012,1.06039,8245,2,0
1698768000,1.06038,1.06156,1.05948,1.06021,7673,2,0
1698771600,1.06021,1.06054,1.05661,1.05667,8884,2,0
1698775200,1.05669,1.05744,1.05575,1.05674,6723,2,0
1698778800,1.05675,1.05801,1.05657,1.05749,3889,2,0
1698782400,1.05749,1.05818,1.05715,1.05815,2532,1,0
1698786000,1.05814,1.05855,1.05801,1.05803,1599,2,0
1698789600,1.05805,1.05838,1.05724,1.05748,1338,1,0
1698793200,1.05748,1.0577,1.05704,1.05752,791,3,0
1698796800,1.05769,1.05793,1.05758,1.05792,688,4,0
1698800400,1.05794,1.05802,1.05769,1.05778,699,4,0
1698804000,1.05778,1.05804,1.05685,1.05734,1958,0,0
1698807600,1.05733,1.05762,1.0567,1.05689,2102,1,0
1698811200,1.05688,1.05728,1.05662,1.05702,1409,0,0
1698814800,1.05702,1.05737,1.05685,1.05702,1508,1,0
1698818400,1.05701,1.05717,1.05657,1.0567,1459,1,0
1698822000,1.0567,1.05691,1.05651,1.05678,1634,2,0
1698825600,1.05678,1.05763,1.05678,1.05739,2007,1,0
1698829200,1.05739,1.05775,1.05588,1.05646,3268,2,0
1698832800,1.05646,1.0568,1.05571,1.05582,3520,2,0
1698836400,1.05581,1.05626,1.05453,1.05491,2476,2,0
1698840000,1.05491,1.05536,1.05455,1.05481,2072,0,0
1698843600,1.05481,1.05506,1.05407,1.05429,2618,2,0
1698847200,1.05429,1.05574,1.05368,1.05385,8837,2,0
1698850800,1.05385,1.05397,1.05215,1.05309,5821,2,0
1698854400,1.05322,1.05708,1.05322,1.05524,11945,2,0
1698858000,1.05524,1.05591,1.05356,1.05371,5401,2,0
1698861600,1.05371,1.05416,1.0532,1.05337,3415,2,0
1698865200,1.05337,1.05356,1.05274,1.05336,2705,1,0
1698868800,1.05337,1.05521,1.05166,1.05418,20195,2,0
1698872400,1.05417,1.05705,1.05412,1.05672,7766,2,0
1698876000,1.05672,1.05757,1.05671,1.05702,1890,1,0
1698879600,1.05651,1.0571,1.05618,1.05687,722,4,0
1698883200,1.05683,1.05786,1.05683,1.05782,770,4,0
1698886800,1.05781,1.05865,1.05772,1.05864,1606,4,0
1698890400,1.05864,1.06019,1.05836,1.06015,2370,3,0
1698894000,1.06017,1.06019,1.05964,1.05976,2552,3,0
1698897600,1.05975,1.05984,1.05932,1.05957,1540,0,0
1698901200,1.05956,1.06001,1.05938,1.05997,1012,0,0
1698904800,1.05998,1.05998,1.05948,1.05959,1067,1,0
1698908400,1.05958,1.0602,1.05953,1.05971,1221,2,0
1698912000,1.0597,1.06019,1.05936,1.05998,1700,1,0
1698915600,1.05999,1.06099,1.05963,1.06033,3553,1,0
1698919200,1.06033,1.06084,1.05911,1.06001,5032,2,0
1698922800,1.06002,1.06246,1.05989,1.06236,4619,2,0
1698926400,1.06237,1.06371,1.06209,1.06345,3097,1,0
1698930000,1.06345,1.06387,1.06303,1.06337,3529,2,0
1698933600,1.06338,1.06675,1.06323,1.0664,10202,2,0
1698937200,1.06641,1.06667,1.06419,1.06477,6256,2,0
1698940800,1.06476,1.06479,1.06272,1.06395,5392,2,0
1698944400,1.06395,1.0643,1.06167,1.06172,4486,2,0
1698948000,1.06171,1.06229,1.06104,1.06152,4255,2,0
1698951600,1.06153,1.06297,1.06138,1.06282,2992,0,0
1698955200,1.06281,1.06322,1.06233,1.06258,2421,2,0
1698958800,1.06258,1.06262,1.06166,1.0623,1540,2,0
1698962400,1.06231,1.06233,1.06169,1.06215,730,0,0
1698966000,1.06202,1.06256,1.06141,1.062,2033,6,0
1698969600,1.062,1.06224,1.06167,1.06167,562,0,0
1698973200,1.06167,1.06185,1.0615,1.06154,488,4,0
1698976800,1.06156,1.06215,1.06147,1.06178,1265,1,0
1698980400,1.06179,1.06224,1.06145,1.06219,1385,1,0
1698984000,1.06218,1.06283,1.06211,1.06261,1179,1,0
1698987600,1.06262,1.06286,1.06242,1.06252,747,0,0
1698991200,1.06253,1.06285,1.06246,1.06262,838,0,0
1698994800,1.06263,1.06314,1.06259,1.06297,884,0,0
1698998400,1.06297,1.06338,1.06278,1.06311,1524,1,0
1699002000,1.0631,1.06335,1.0625,1.06292,2807,2,0
1699005600,1.06291,1.06321,1.06197,1.0627,3375,2,0
1699009200,1.06269,1.06483,1.0624,1.06479,3344,2,0
1699012800,1.06478,1.06482,1.06418,1.06429,2175,2,0
1699016400,1.06429,1.06525,1.06406,1.06466,2996,2,0
1699020000,1.06467,1.0719400000000001,1.06452,1.07095,13568,1,0
1699023600,1.07096,1.07244,1.06958,1.07148,10737,2,0
1699027200,1.07161,1.0735,1.06934,1.07197,10379,2,0
1699030800,1.07197,1.07353,1.07154,1.07321,6670,2,0
1699034400,1.0732,1.07392,1.07253,1.0739,5541,2,0
1699038000,1.07391,1.07466,1.07307,1.07365,3844,2,0
1699041600,1.07365,1.07397,1.07325,1.07357,2094,1,0
1699045200,1.07358,1.07374,1.07223,1.07246,1927,0,0
1699048800,1.07246,1.07326,1.07246,1.07292,695,1,0
1699228800,1.07215,1.07268,1.07166,1.0726,382,4,0
1699232400,1.0726,1.07332,1.07236,1.07312,928,4,0
1699236000,1.07312,1.0732,1.07227,1.07241,1275,1,0
1699239600,1.07241,1.07293,1.07222,1.07282,2160,0,0
1699243200,1.07283,1.07333,1.07262,1.07327,1410,0,0
1699246800,1.07327,1.07341,1.0731,1.07341,957,0,0
1699250400,1.07342,1.07373,1.07337,1.07354,803,0,0
1699254000,1.07353,1.07387,1.0733,1.0735999999999999,1135,1,0
1699257600,1.07354,1.074,1.07344,1.0735999999999999,1309,1,0
1699261200,1.0735999999999999,1.07436,1.07317,1.0733,2967,2,0
1699264800,1.07329,1.07561,1.07315,1.07501,4375,2,0
1699268400,1.0749900000000001,1.0756000000000001,1.07426,1.07471,2067,2,0
1699272000,1.07471,1.07557,1.07449,1.07484,1737,2,0
1699275600,1.07483,1.0754,1.07441,1.07515,1524,1,0
1699279200,1.07514,1.07541,1.07389,1.07437,1963,1,0
1699282800,1.07435,1.07447,1.07351,1.07373,2887,0,0
1699286400,1.07373,1.07457,1.07361,1.07389,3202,2,0
1699290000,1.07389,1.07439,1.0726,1.07435,3008,2,0
1699293600,1.07436,1.07491,1.07399,1.07458,2186,1,0
1699297200,1.07459,1.0746,1.07336,1.07355,1206,0,0
1699300800,1.07354,1.07368,1.0729,1.07356,1258,0,0
1699304400,1.07357,1.07368,1.0722,1.07242,1806,2,0
1699308000,1.0723799999999999,1.0724,1.07192,1.07197,1321,1,0
1699311600,1.07197,1.07207,1.07157,1.07168,555,1,0
1699315200,1.07172,1.07199,1.07132,1.07197,396,8,0
1699318800,1.07199,1.07221,1.07174,1.07181,497,5,0
1699322400,1.07182,1.07191,1.07115,1.07137,682,0,0
1699326000,1.07136,1.07136,1.07078,1.07102,1123,0,0
1699329600,1.07102,1.07124,1.07056,1.0711,687,0,0
1699333200,1.07111,1.07136,1.07074,1.07087,1133,0,0
1699336800,1.07087,1.07109,1.07049,1.07063,842,1,0
1699340400,1.07064,1.07107,1.07052,1.07103,736,1,0
1699344000,1.07104,1.07115,1.07001,1.07006,1011,0,0
1699347600,1.07003,1.07012,1.06917,1.06967,1902,1,0
1699351200,1.06967,1.07062,1.06948,1.07035,3190,2,0
1699354800,1.07036,1.07036,1.06829,1.06836,2365,2,0
1699358400,1.06834,1.06973,1.06803,1.06815,2157,1,0
1699362000,1.06815,1.06831,1.0665499999999999,1.06737,2691,1,0
1699365600,1.06737,1.06846,1.06737,1.06786,2263,2,0
1699369200,1.06787,1.06866,1.06721,1.0676,3072,2,0
1699372800,1.06762,1.06768,1.0664,1.06758,4432,2,0
1699376400,1.06759,1.06895,1.06737,1.06849,3716,2,0
1699380000,1.06848,1.06926,1.06832,1.06858,3150,2,0
1699383600,1.06857,1.06861,1.06724,1.06771,2247,2,0
1699387200,1.06772,1.06997,1.06759,1.06987,2426,0,0
1699390800,1.06987,1.07046,1.06941,1.06952,1894,2,0
1699394400,1.06949,1.06981,1.06894,1.06946,1503,0,0
1699398000,1.06946,1.07006,1.06945,1.06993,581,3,0
1699401600,1.06992,1.07004,1.06961,1.0697,336,10,0
1699405200,1.0697,1.06984,1.0695000000000001,1.06955,447,0,0
1699408800,1.06955,1.06975,1.06894,1.06901,791,1,0
1699412400,1.06901,1.06937,1.06863,1.06916,938,1,0
1699416000,1.06917,1.0699,1.0689,1.06934,896,1,0
1699419600,1.06934,1.06955,1.06883,1.06897,848,0,0
1699423200,1.0689899999999999,1.06925,1.06883,1.06918,645,1,0
1699426800,1.06918,1.06927,1.06852,1.0686,643,0,0
1699430400,1.0686,1.06879,1.06811,1.06815,959,0,0
1699434000,1.06813,1.06841,1.06754,1.06802,1921,2,0
1699437600,1.06801,1.06827,1.06713,1.06724,2663,2,0
1699441200,1.06725,1.06742,1.06602,1.06651,2814,1,0
1699444800,1.0665,1.06689,1.06593,1.0668,1870,1,0
1699448400,1.06681,1.0677699999999999,1.06681,1.0677,1614,2,0
1699452000,1.0677,1.06771,1.0667,1.0668,1968,0,0
1699455600,1.0668,1.06723,1.06601,1.06692,3072,2,0
1699459200,1.06692,1.06921,1.06689,1.06904,4118,2,0
1699462800,1.06903,1.07075,1.06826,1.0705,4112,2,0
1699466400,1.07051,1.07159,1.07036,1.07144,3192,2,0
1699470000,1.07142,1.07144,1.0701,1.07077,2311,1,0
1699473600,1.07077,1.0714,1.0702099999999999,1.07089,2947,2,0
1699477200,1.0709,1.07105,1.07009,1.0702099999999999,1142,2,0
1699480800,1.0702,1.07107,1.06997,1.07096,1179,0,0
1699484400,1.07094,1.07109,1.0708,1.07083,590,3,0
1699488000,1.0706,1.07086,1.0703,1.07067,407,11,0
1699491600,1.07066,1.0711,1.07059,1.0711,587,4,0
1699495200,1.07111,1.07126,1.07023,1.07032,681,1,0
1699498800,1.07033,1.07144,1.07027,1.07118,902,0,0
1699502400,1.07116,1.07156,1.07087,1.07094,696,0,0
1699506000,1.07094,1.07112,1.07063,1.07077,539,0,0
1699509600,1.07076,1.07116,1.07076,1.07087,445,0,0
1699513200,1.07088,1.071,1.0702099999999999,1.07026,514,0,0
1699516800,1.07025,1.07095,1.07014,1.07073,758,0,0
1699520400,1.07073,1.07094,1.07023,1.07051,1297,0,0
1699524000,1.07052,1.07097,1.06935,1.07014,2747,2,0
1699527600,1.07014,1.07046,1.06941,1.06975,2067,2,0
1699531200,1.06976,1.06994,1.06849,1.06865,1550,1,0
1699534800,1.06867,1.06919,1.06802,1.06882,1461,0,0
1699538400,1.0688,1.06926,1.0687,1.06901,1671,0,0
1699542000,1.06902,1.07087,1.06865,1.07073,4267,2,0
1699545600,1.07074,1.07253,1.07001,1.07242,4656,2,0
1699549200,1.07243,1.07246,1.07075,1.07149,4615,2,0
1699552800,1.07147,1.07168,1.0705,1.07097,2198,1,0
1699556400,1.07096,1.07125,1.06998,1.07046,1642,1,0
1699560000,1.07046,1.07055,1.06726,1.06943,8228,2,0
1699563600,1.06943,1.06952,1.06599,1.06671,7994,2,0
1699567200,1.0667,1.06755,1.06624,1.06637,2421,2,0
1699570800,1.06638,1.06689,1.06635,1.06674,712,3,0
1699574400,1.06674,1.06691,1.0661100000000001,1.06671,508,7,0
1699578000,1.06671,1.06689,1.06639,1.06668,546,5,0
1699581600,1.06669,1.06703,1.06628,1.06681,826,1,0
1699585200,1.06681,1.06748,1.06666,1.06717,977,0,0
1699588800,1.06717,1.06742,1.067,1.06722,755,0,0
1699592400,1.06722,1.0674,1.06688,1.06698,424,0,0
1699596000,1.06697,1.06713,1.06668,1.06713,573,0,0
1699599600,1.06711,1.06719,1.06658,1.0669,477,0,0
1699603200,1.0669,1.06699,1.06635,1.06654,720,1,0
1699606800,1.06654,1.06695,1.0656,1.06628,2157,1,0
1699610400,1.0663,1.06782,1.0663,1.0671,2602,1,0
1699614000,1.0671,1.06799,1.06643,1.06771,2157,2,0
1699617600,1.06772,1.06879,1.06692,1.06868,1957,2,0
1699621200,1.06868,1.06888,1.0674,1.06768,1961,0,0
1699624800,1.06768,1.06882,1.06698,1.06816,3448,1,0
1699628400,1.06817,1.06926,1.06772,1.06886,4710,2,0
1699632000,1.06887,1.06895,1.06702,1.06728,4995,2,0
1699635600,1.06726,1.06795,1.06624,1.06697,8470,2,0
1699639200,1.06698,1.06795,1.06629,1.06693,3720,2,0
1699642800,1.06692,1.06817,1.0664,1.06791,2997,2,0
1699646400,1.06791,1.06844,1.06729,1.06811,2445,2,0
1699650000,1.06813,1.06874,1.06787,1.06796,2624,1,0
1699653600,1.06795,1.06874,1.06771,1.06851,1931,1,0
1699657200,1.0685,1.06869,1.06823,1.06845,664,2,0
1699833600,1.06751,1.06845,1.06751,1.06839,2439,11,0
1699837200,1.06836,1.06904,1.06835,1.06903,614,4,0
1699840800,1.06902,1.06903,1.06819,1.06837,1218,1,0
1699844400,1.06837,1.06883,1.06809,1.06865,1309,1,0
1699848000,1.06865,1.06871,1.06813,1.06828,834,0,0
1699851600,1.06829,1.06858,1.06815,1.06855,923,0,0
1699855200,1.06856,1.06888,1.0684,1.06841,543,0,0
1699858800,1.0684,1.06866,1.06835,1.06857,544,0,0
1699862400,1.06856,1.06922,1.06836,1.069,1061,0,0
1699866000,1.069,1.06975,1.06888,1.06927,2097,2,0
1699869600,1.06926,1.06948,1.06855,1.06915,2995,2,0
1699873200,1.06914,1.07013,1.06855,1.06896,2250,2,0
1699876800,1.06895,1.06995,1.06871,1.06972,1740,0,0
1699880400,1.06971,1.0698,1.06848,1.06871,1928,2,0
1699884000,1.06871,1.0688,1.06697,1.0673,2382,0,0
1699887600,1.06729,1.06736,1.06648,1.06725,3861,2,0
1699891200,1.06726,1.068,1.06679,1.06769,3812,2,0
1699894800,1.06771,1.06927,1.06747,1.06886,5303,1,0
1699898400,1.06887,1.07038,1.06852,1.06993,3240,2,0
1699902000,1.06992,1.0706,1.06935,1.06957,2556,1,0
1699905600,1.06956,1.0705,1.0689899999999999,1.07015,2008,1,0
1699909200,1.07016,1.07058,1.06971,1.07019,2141,1,0
1699912800,1.07019,1.0704,1.06988,1.0699,1116,1,0
1699916400,1.0699,1.06993,1.0697,1.06981,640,4,0
1699920000,1.06916,1.07017,1.06916,1.06993,1399,6,0
1699923600,1.06993,1.07012,1.06975,1.0701100000000001,490,4,0
1699927200,1.07012,1.07022,1.0698,1.06995,873,0,0
1699930800,1.06997,1.07003,1.06944,1.06986,991,0,0
1699934400,1.06984,1.07019,1.06965,1.06978,725,0,0
1699938000,1.06979,1.06982,1.06951,1.06963,893,0,0
1699941600,1.06963,1.06998,1.06958,1.06962,360,0,0
1699945200,1.06961,1.06964,1.06928,1.06956,704,0,0
1699948800,1.06956,1.06996,1.06942,1.0699,827,0,0
1699952400,1.0699,1.07096,1.06977,1.07062,2096,2,0
1699956000,1.07063,1.07098,1.06962,1.06981,2818,2,0
1699959600,1.06981,1.07176,1.0695999999999999,1.07157,3463,2,0
1699963200,1.07157,1.07305,1.07147,1.07216,3300,2,0
1699966800,1.07215,1.07235,1.0715,1.07193,2099,2,0
1699970400,1.07193,1.07267,1.07183,1.07209,1760,0,0
1699974000,1.0721,1.08,1.07166,1.07892,14107,2,0
1699977600,1.07892,1.08356,1.07886,1.08332,14822,2,0
1699981200,1.08331,1.08424,1.0823,1.08377,9292,2,0
1699984800,1.08375,1.0864,1.08363,1.08602,6906,2,0
1699988400,1.08602,1.08735,1.0854,1.08728,4364,2,0
1699992000,1.08728,1.08765,1.08687,1.08698,2464,2,0
1699995600,1.08698,1.08826,1.08676,1.08813,2471,2,0
1699999200,1.08813,1.08872,1.08774,1.08825,1717,2,0
1700002800,1.08825,1.08825,1.08754,1.08782,787,1,0
1700006400,1.08784,1.08792,1.0872600000000001,1.08737,960,4,0
1700010000,1.08738,1.08827,1.08738,1.08776,724,4,0
1700013600,1.08777,1.08781,1.08655,1.08693,1891,2,0
1700017200,1.08694,1.0874,1.08673,1.08718,1441,0,0
1700020800,1.08719,1.08796,1.08706,1.08784,1854,0,0
1700024400,1.08784,1.08825,1.08759,1.08818,932,0,0
1700028000,1.08821,1.08836,1.08776,1.08776,522,0,0
1700031600,1.08777,1.08794,1.08725,1.0872600000000001,1253,0,0
1700035200,1.08728,1.08769,1.08713,1.0873,1324,0,0
1700038800,1.08735,1.08764,1.08646,1.08728,4346,0,0
1700042400,1.08728,1.08792,1.08666,1.08704,4846,2,0
1700046000,1.08702,1.08705,1.08438,1.0852,4850,2,0
1700049600,1.08519,1.08586,1.08505,1.08567,2391,0,0
1700053200,1.08568,1.08681,1.08556,1.0866,2222,2,0
1700056800,1.0866,1.0868,1.08542,1.08635,1975,1,0
1700060400,1.08636,1.08855,1.08398,1.08588,11039,2,0
1700064000,1.08589,1.08595,1.08314,1.08358,9055,2,0
1700067600,1.08358,1.08652,1.08335,1.0865,7229,2,0
1700071200,1.0865,1.08687,1.08483,1.08521,5276,2,0
1700074800,1.08522,1.08562,1.0843099999999999,1.08539,3175,2,0
1700078400,1.08539,1.08544,1.0842,1.08459,2250,1,0
1700082000,1.0846,1.0848,1.0841,1.08461,1893,0,0
1700085600,1.08461,1.0847,1.08423,1.0843,1245,0,0
1700089200,1.08429,1.08473,1.08422,1.08461,858,4,0
1700092800,1.08462,1.08516,1.08443,1.08475,2309,6,0
1700096400,1.08475,1.0854,1.08473,1.0854,488,0,0
1700100000,1.0854,1.0855299999999999,1.08505,1.0855,998,0,0
1700103600,1.0855,1.08556,1.08417,1.08437,1536,0,0
1700107200,1.08437,1.08438,1.08299,1.08333,2240,0,0
1700110800,1.08333,1.08356,1.08315,1.08323,899,0,0
1700114400,1.0832600000000001,1.08371,1.0832,1.08368,659,0,0
1700118000,1.08369,1.08395,1.08334,1.08379,921,0,0
1700121600,1.08376,1.08409,1.08363,1.08391,1482,0,0
1700125200,1.0839,1.08459,1.08338,1.08411,2078,0,0
1700128800,1.08409,1.08549,1.08383,1.08548,3009,2,0
1700132400,1.08548,1.08607,1.08479,1.0851,1964,2,0
1700136000,1.08509,1.08516,1.0843,1.0845,1730,1,0
1700139600,1.08451,1.08582,1.08447,1.08519,1421,1,0
1700143200,1.08519,1.08532,1.0839,1.08422,2207,2,0
1700146800,1.08424,1.08814,1.08416,1.0881,6154,2,0
1700150400,1.08809,1.0881,1.08581,1.0876,6154,2,0
1700154000,1.08762,1.0895299999999999,1.08716,1.0878,6512,2,0
1700157600,1.08781,1.08828,1.08463,1.08498,4622,2,0
1700161200,1.08498,1.08606,1.08472,1.08597,2426,2,0
1700164800,1.08598,1.08654,1.08564,1.08589,1437,0,0
1700168400,1.08587,1.086,1.08519,1.0855299999999999,1411,1,0
1700172000,1.08554,1.08579,1.08447,1.08462,1312,0,0
1700175600,1.08462,1.08535,1.08461,1.08513,559,3,0
1700179200,1.08519,1.08527,1.08417,1.08512,795,8,0
1700182800,1.08512,1.08555,1.08506,1.08528,428,0,0
1700186400,1.08529,1.08556,1.08486,1.08529,707,0,0
1700190000,1.0853,1.08568,1.08503,1.08527,1174,0,0
1700193600,1.08528,1.08567,1.08491,1.08552,817,0,0
1700197200,1.08551,1.08568,1.0853,1.08539,677,0,0
1700200800,1.08539,1.08548,1.085,1.08501,588,1,0
1700204400,1.08502,1.08556,1.08478,1.0853,799,0,0
1700208000,1.08532,1.08561,1.08508,1.0851,740,0,0
1700211600,1.08511,1.08512,1.0835,1.08383,2307,2,0
1700215200,1.08383,1.0849199999999999,1.08247,1.08481,4219,2,0
1700218800,1.0848200000000001,1.08582,1.08451,1.08528,3362,2,0
1700222400,1.08529,1.08711,1.08515,1.08707,2811,2,0
1700226000,1.08706,1.08746,1.08587,1.08661,2585,2,0
1700229600,1.0866,1.08685,1.08573,1.08631,2299,2,0
1700233200,1.08631,1.08774,1.08613,1.0871,5057,2,0
1700236800,1.08708,1.08844,1.08585,1.08691,5901,2,0
1700240400,1.08693,1.08932,1.08684,1.08867,4476,2,0
1700244000,1.08867,1.08899,1.08747,1.08784,3498,2,0
1700247600,1.08784,1.0891,1.08779,1.08901,1799,1,0
1700251200,1.08901,1.09044,1.08882,1.0903,1496,1,0
1700254800,1.0903100000000001,1.09035,1.0895299999999999,1.08996,1171,1,0
1700258400,1.08996,1.0909,1.08972,1.09084,1080,1,0
1700262000,1.09082,1.09137,1.09046,1.09128,718,2,0
1700438400,1.09008,1.09125,1.09008,1.09076,299,4,0
1700442000,1.09076,1.09109,1.09051,1.09055,962,4,0
1700445600,1.09053,1.09054,1.08973,1.09011,1094,1,0
1700449200,1.09012,1.09105,1.09012,1.09081,1388,1,0
1700452800,1.09081,1.09236,1.09079,1.09222,1532,1,0
1700456400,1.09221,1.09246,1.09175,1.09236,1425,0,0
1700460000,1.09238,1.09357,1.09216,1.09219,1327,1,0
1700463600,1.09219,1.09276,1.09186,1.09186,1048,0,0
1700467200,1.09189,1.0923,1.09157,1.09169,1240,2,0
1700470800,1.09168,1.09195,1.09129,1.09159,2378,2,0
1700474400,1.0916,1.09295,1.09152,1.09191,3490,2,0
1700478000,1.09192,1.094,1.09184,1.09365,3283,2,0
1700481600,1.09368,1.09368,1.09226,1.0926,1742,2,0
1700485200,1.0926,1.09293,1.09212,1.09227,1722,0,0
1700488800,1.09225,1.09305,1.09205,1.09297,2060,1,0
1700492400,1.09297,1.09321,1.09245,1.09264,3075,2,0
1700496000,1.09264,1.09458,1.09187,1.09403,3898,2,0
1700499600,1.09403,1.09413,1.09263,1.0937999999999999,3179,2,0
1700503200,1.0937999999999999,1.09448,1.09375,1.09443,2369,2,0
1700506800,1.09443,1.09514,1.0935,1.09376,1680,0,0
1700510400,1.09375,1.09517,1.09368,1.09451,2945,2,0
1700514000,1.09452,1.0947,1.09387,1.09463,1296,0,0
1700517600,1.09462,1.09475,1.09417,1.09417,1017,0,0
1700521200,1.09417,1.09443,1.09389,1.09396,721,4,0
1700524800,1.09398,1.09428,1.09353,1.09405,560,12,0
1700528400,1.09404,1.09467,1.094,1.09442,590,4,0
1700532000,1.09447,1.09519,1.09419,1.09453,797,0,0
1700535600,1.09454,1.09571,1.09429,1.09522,2014,3,0
1700539200,1.09519,1.09619,1.0948,1.09596,1615,0,0
1700542800,1.0959699999999999,1.09638,1.09581,1.09633,1000,1,0
1700546400,1.09632,1.09649,1.09578,1.09587,776,0,0
1700550000,1.09587,1.09636,1.09537,1.0956,1080,0,0
1700553600,1.09559,1.09609,1.09523,1.09584,1205,1,0
1700557200,1.09584,1.09629,1.09508,1.09538,1997,2,0
1700560800,1.09538,1.09637,1.09436,1.09459,3489,2,0
1700564400,1.09459,1.09506,1.09425,1.09436,2985,2,0
1700568000,1.09436,1.09536,1.09424,1.09454,1629,0,0
1700571600,1.09451,1.09466,1.0939,1.09391,1421,0,0
1700575200,1.09392,1.09506,1.09391,1.0948,1596,0,0
1700578800,1.09482,1.09612,1.09389,1.09448,4158,2,0
1700582400,1.09449,1.09592,1.0944,1.09529,4431,2,0
1700586000,1.0953,1.0959,1.09313,1.09341,5067,2,0
1700589600,1.09342,1.09436,1.09223,1.09227,3484,2,0
1700593200,1.09227,1.09263,1.09187,1.09208,2260,2,0
1700596800,1.09207,1.09214,1.09025,1.09082,2688,2,0
1700600400,1.09083,1.09157,1.09,1.0915,2692,2,0
1700604000,1.09151,1.09166,1.09113,1.09118,1153,0,0
1700607600,1.09118,1.09144,1.09096,1.09101,599,3,0
1700611200,1.09067,1.09125,1.09053,1.09094,953,14,0
1700614800,1.09097,1.09183,1.09079,1.09169,646,4,0
1700618400,1.09169,1.09193,1.09142,1.09193,915,0,0
1700622000,1.09195,1.09227,1.09089,1.09134,1534,0,0
1700625600,1.09133,1.092,1.09116,1.09159,976,1,0
1700629200,1.09159,1.09189,1.09128,1.09142,728,0,0
1700632800,1.09141,1.09154,1.09107,1.09135,519,0,0
1700636400,1.09134,1.09144,1.0905,1.09073,1042,0,0
1700640000,1.09073,1.0907499999999999,1.08955,1.09003,1314,0,0
1700643600,1.09002,1.09164,1.08997,1.09144,1811,1,0
1700647200,1.09144,1.09196,1.08825,1.08853,3428,2,0
1700650800,1.08852,1.09121,1.0885,1.09024,2721,2,0
1700654400,1.09023,1.09055,1.08949,1.09008,2013,2,0
1700658000,1.09007,1.09076,1.08979,1.08999,2327,1,0
1700661600,1.08999,1.0912,1.08977,1.09065,2550,2,0
1700665200,1.09064,1.09175,1.08912,1.08959,6553,2,0
1700668800,1.08962,1.08984,1.08713,1.08744,6699,2,0
1700672400,1.08742,1.08742,1.08522,1.08656,7643,2,0
1700676000,1.08657,1.08733,1.0861399999999999,1.08702,3351,2,0
1700679600,1.08704,1.08834,1.08686,1.08786,1539,1,0
1700683200,1.08783,1.08869,1.08775,1.08844,1020,0,0
1700686800,1.08847,1.08877,1.08798,1.08838,1148,1,0
1700690400,1.08838,1.08882,1.08818,1.08873,769,0,0
1700694000,1.08874,1.0889199999999999,1.08858,1.08882,455,4,0
1700697600,1.08882,1.08882,1.08809,1.0885,359,3,0
1700701200,1.08842,1.08881,1.08833,1.08878,347,4,0
1700704800,1.08879,1.08923,1.08878,1.08918,455,0,0
1700708400,1.08917,1.08956,1.08885,1.08947,658,1,0
1700712000,1.08947,1.09043,1.08944,1.09033,591,0,0
1700715600,1.09032,1.09056,1.09012,1.09047,501,0,0
1700719200,1.09048,1.09053,1.09017,1.09024,389,1,0
1700722800,1.09023,1.09114,1.0901,1.09103,478,1,0
1700726400,1.09103,1.09176,1.09063,1.09081,908,1,0
1700730000,1.09081,1.09146,1.09055,1.09137,1331,2,0
1700733600,1.0913599999999999,1.09304,1.0895299999999999,1.09175,2706,2,0
1700737200,1.09175,1.09237,1.09056,1.0923,2485,2,0
1700740800,1.0923,1.09239,1.09151,1.0919,1335,2,0
1700744400,1.0919,1.09198,1.09123,1.09146,1047,0,0
1700748000,1.09145,1.09151,1.09001,1.09032,1237,0,0
1700751600,1.09032,1.09053,1.08967,1.09015,1216,0,0
1700755200,1.09015,1.09027,1.08871,1.08962,1611,2,0
1700758800,1.08961,1.09104,1.08958,1.09096,1263,2,0
1700762400,1.09094,1.09098,1.09026,1.09061,845,1,0
1700766000,1.09061,1.09069,1.09024,1.09058,502,2,0
1700769600,1.09057,1.0906,1.09032,1.09034,281,0,0
1700773200,1.09033,1.09072,1.09033,1.09036,272,1,0
1700776800,1.09035,1.09063,1.09027,1.09054,326,2,0
1700780400,1.09054,1.09066,1.09018,1.09018,301,0,0
1700784000,1.08996,1.09055,1.08994,1.09047,351,3,0
1700787600,1.09046,1.09066,1.09034,1.09036,384,4,0
1700791200,1.09037,1.09096,1.09027,1.09066,547,1,0
1700794800,1.09067,1.091,1.0901,1.09017,849,2,0
1700798400,1.09016,1.09032,1.08951,1.0895299999999999,683,2,0
1700802000,1.0895299999999999,1.08993,1.08948,1.08988,421,1,0
1700805600,1.08989,1.09034,1.08971,1.09034,448,1,0
1700809200,1.09034,1.09119,1.09034,1.09116,636,1,0
1700812800,1.09117,1.09117,1.09037,1.09073,592,2,0
1700816400,1.0907,1.09107,1.0903,1.09078,856,2,0
1700820000,1.09076,1.09191,1.09052,1.09185,1582,2,0
1700823600,1.09186,1.09206,1.09015,1.09027,1595,2,0
1700827200,1.09024,1.09101,1.09018,1.09096,1021,2,0
1700830800,1.09096,1.09165,1.09066,1.09141,1036,2,0
1700834400,1.0914,1.0928,1.09122,1.09165,1247,2,0
1700838000,1.09166,1.09224,1.09069,1.09218,1796,1,0
1700841600,1.09218,1.09383,1.09171,1.09367,2487,2,0
1700845200,1.09366,1.09452,1.09342,1.09396,2547,2,0
1700848800,1.09397,1.09413,1.093,1.09332,1426,1,0
1700852400,1.09332,1.09406,1.09283,1.09405,943,1,0
1700856000,1.09405,1.09485,1.094,1.09476,490,2,0
1700859600,1.09473,1.09477,1.0939,1.09456,2381,3,0
1700863200,1.09455,1.09476,1.09418,1.09446,770,0,0
1700866800,1.09444,1.09456,1.09345,1.09362,1435,5,0
1701043200,1.09386,1.09455,1.09386,1.09438,401,4,0
1701046800,1.0944,1.09475,1.09382,1.09395,662,4,0
1701050400,1.09395,1.09403,1.09283,1.09285,767,3,0
1701054000,1.09285,1.09495,1.09266,1.09466,1216,2,0
1701057600,1.09466,1.09469,1.0937999999999999,1.09429,810,2,0
1701061200,1.09428,1.09456,1.0939,1.09451,615,2,0
1701064800,1.09451,1.09495,1.09417,1.09471,498,0,0
1701068400,1.09472,1.09504,1.0944099999999999,1.09493,729,0,0
1701072000,1.09493,1.09559,1.09479,1.09499,688,1,0
1701075600,1.09499,1.0959,1.09454,1.09474,1557,2,0
1701079200,1.09474,1.0952,1.09392,1.09429,1705,2,0
1701082800,1.09428,1.09521,1.09408,1.09483,1282,1,0
1701086400,1.09482,1.09562,1.09455,1.09544,1304,2,0
1701090000,1.09543,1.09555,1.09457,1.09536,1093,1,0
1701093600,1.09536,1.09552,1.09457,1.09496,1305,2,0
1701097200,1.09498,1.09551,1.09433,1.09437,2709,2,0
1701100800,1.09437,1.09448,1.09254,1.09279,2707,2,0
1701104400,1.09278,1.09391,1.09249,1.09327,3360,2,0
1701108000,1.09326,1.09376,1.09277,1.09363,2283,2,0
1701111600,1.09362,1.0937999999999999,1.09293,1.09342,1168,2,0
1701115200,1.09342,1.09424,1.09322,1.09419,1339,2,0
1701118800,1.0942,1.09566,1.09419,1.09563,1018,2,0
1701122400,1.09562,1.09573,1.09506,1.09568,913,2,0
1701126000,1.09568,1.09569,1.09519,1.09534,578,3,0
1701129600,1.09535,1.09565,1.09468,1.09534,650,6,0
1701133200,1.09536,1.09588,1.09534,1.09587,378,4,0
1701136800,1.09588,1.09612,1.09551,1.09578,808,2,0
1701140400,1.09578,1.09615,1.09539,1.09576,935,3,0
1701144000,1.09576,1.09625,1.09532,1.09575,724,1,0
1701147600,1.09574,1.09589,1.09543,1.09548,463,1,0
1701151200,1.09548,1.0955,1.09519,1.09521,412,1,0
1701154800,1.09523,1.09532,1.09499,1.09511,514,2,0
1701158400,1.0951,1.09519,1.09459,1.09469,612,2,0
1701162000,1.09467,1.09474,1.09343,1.09357,1439,2,0
1701165600,1.09358,1.09499,1.09358,1.09475,1900,2,0
1701169200,1.09475,1.09549,1.09468,1.09536,1800,2,0
1701172800,1.09537,1.09567,1.09464,1.09519,1599,2,0
1701176400,1.0952,1.09575,1.09486,1.09499,1141,2,0
1701180000,1.095,1.09623,1.09472,1.09506,1590,2,0
1701183600,1.09508,1.09738,1.09453,1.09721,2677,2,0
1701187200,1.09721,1.09846,1.0964,1.0979,3564,2,0
1701190800,1.09788,1.10018,1.09678,1.09806,4891,2,0
1701194400,1.09807,1.10057,1.09773,1.10051,3823,2,0
1701198000,1.10051,1.10087,1.09852,1.09868,2428,2,0
1701201600,1.0987,1.0988,1.09732,1.09809,2180,2,0
1701205200,1.0981,1.09936,1.0981,1.0991,1485,2,0
1701208800,1.09909,1.09912,1.09759,1.09881,1431,2,0
1701212400,1.09878,1.09951,1.0985800000000001,1.09922,720,4,0
1701216000,1.09903,1.09954,1.09866,1.09939,459,4,0
1701219600,1.09939,1.10054,1.09931,1.10038,841,4,0
1701223200,1.1004,1.10074,1.09974,1.10057,947,1,0
1701226800,1.10058,1.10169,1.10047,1.10058,1675,3,0
1701230400,1.10058,1.10082,1.09978,1.10062,949,1,0
1701234000,1.10063,1.10074,1.09981,1.09984,649,1,0
1701237600,1.09982,1.10032,1.09967,1.10022,591,0,0
1701241200,1.10021,1.10042,1.09979,1.10019,775,2,0
1701244800,1.10019,1.10044,1.09961,1.10011,1439,2,0
1701248400,1.10004,1.10004,1.09818,1.09847,1783,2,0
1701252000,1.09845,1.09982,1.09764,1.09896,2516,1,0
1701255600,1.09897,1.09906,1.09717,1.09743,2072,2,0
1701259200,1.09743,1.09775,1.09689,1.09765,1589,2,0
1701262800,1.09764,1.09847,1.09712,1.09845,1695,2,0
1701266400,1.09845,1.09884,1.0979,1.09851,1967,2,0
1701270000,1.0985,1.09947,1.09715,1.09725,4390,2,0
1701273600,1.09726,1.09905,1.09619,1.09766,3805,2,0
1701277200,1.09767,1.09907,1.096,1.09747,4230,2,0
1701280800,1.09745,1.09777,1.09616,1.09682,2096,2,0
1701284400,1.09683,1.09781,1.09659,1.09758,1272,1,0
1701288000,1.09759,1.09854,1.09722,1.09844,1261,0,0
1701291600,1.09844,1.09947,1.09771,1.0983,1293,1,0
1701295200,1.09829,1.09837,1.0971,1.09721,1184,2,0
1701298800,1.09722,1.09745,1.09681,1.09686,529,4,0
1701302400,1.0969,1.09717,1.09655,1.09708,483,8,0
1701306000,1.09707,1.09737,1.09698,1.09728,461,4,0
1701309600,1.09732,1.09837,1.0972,1.09825,1061,0,0
1701313200,1.09825,1.09825,1.09686,1.09695,1632,0,0
1701316800,1.09695,1.09777,1.09671,1.09764,1505,0,0
1701320400,1.09763,1.09772,1.0973,1.09741,777,1,0
1701324000,1.09742,1.0976,1.09683,1.09688,1082,1,0
1701327600,1.09688,1.09729,1.09651,1.09721,1123,0,0
1701331200,1.09721,1.09817,1.0972,1.09787,1458,0,0
1701334800,1.09787,1.09787,1.09404,1.09516,2776,0,0
1701338400,1.09516,1.09591,1.09204,1.09232,3653,0,0
1701342000,1.09228,1.0939,1.092,1.0924800000000001,3114,0,0
1701345600,1.09249,1.09302,1.09096,1.0918,2651,0,0
1701349200,1.0918,1.09192,1.0909,1.09156,2209,0,0
1701352800,1.09156,1.09318,1.09109,1.09254,2049,0,0
1701356400,1.09255,1.09495,1.0914,1.09158,4925,0,0
1701360000,1.09157,1.09224,1.08925,1.09085,5681,0,0
1701363600,1.09085,1.09181,1.08941,1.09109,5691,0,0
1701367200,1.09107,1.0917,1.09015,1.09067,4749,0,0
1701370800,1.09069,1.09122,1.08883,1.08902,2388,0,0
1701374400,1.08902,1.09,1.08838,1.08891,1966,0,0
1701378000,1.08893,1.08949,1.08849,1.089,1950,0,0
1701381600,1.08898,1.08921,1.08793,1.0884800000000001,1955,0,0
1701385200,1.08849,1.08911,1.08834,1.08866,808,0,0
1701388800,1.08845,1.08905,1.08764,1.08894,677,14,0
1701392400,1.08894,1.08943,1.08885,1.08912,738,5,0
1701396000,1.08912,1.09029,1.08912,1.09019,1165,0,0
1701399600,1.09013,1.09103,1.09013,1.09069,1544,0,0
1701403200,1.09069,1.09128,1.09062,1.09076,1113,0,0
1701406800,1.09077,1.09094,1.08997,1.09006,1066,0,0
1701410400,1.09005,1.09067,1.08982,1.09067,682,0,0
1701414000,1.09066,1.09122,1.09051,1.09111,1149,0,0
1701417600,1.09109,1.09119,1.09063,1.09087,1348,0,0
1701421200,1.09083,1.09121,1.08945,1.08947,2251,0,0
1701424800,1.08949,1.09029,1.0886,1.08933,3356,0,0
1701428400,1.08928,1.09045,1.08898,1.08979,2835,0,0
1701432000,1.08979,1.09038,1.08852,1.08907,1960,0,0
1701435600,1.08908,1.08975,1.08828,1.08971,2142,0,0
1701439200,1.08975,1.09011,1.08757,1.08767,2383,0,0
1701442800,1.08767,1.08847,1.08664,1.08676,3708,0,0
1701446400,1.08674,1.08702,1.08415,1.08438,3790,0,0
1701450000,1.08443,1.08663,1.08327,1.08378,5810,0,0
1701453600,1.08378,1.08854,1.08289,1.08774,5928,0,0
1701457200,1.08769,1.08843,1.08718,1.08817,3495,0,0
1701460800,1.0882,1.08929,1.08786,1.08891,3080,0,0
1701464400,1.0889199999999999,1.08927,1.087,1.08722,2248,0,0
1701468000,1.08723,1.08798,1.08709,1.08795,1745,0,0
1701471600,1.08797,1.08839,1.08774,1.08823,830,0,0
1701648000,1.08738,1.08889,1.08738,1.08862,421,4,0
1701651600,1.08862,1.08944,1.08784,1.08854,2223,7,0
1701655200,1.08856,1.08866,1.08702,1.08718,2253,0,0
1701658800,1.08718,1.08774,1.08669,1.08734,2472,0,0
1701662400,1.08729,1.08843,1.08702,1.08827,1555,0,0
1701666000,1.08826,1.08859,1.08802,1.08802,1376,0,0
1701669600,1.08802,1.08806,1.08702,1.08715,1023,0,0
1701673200,1.08717,1.08728,1.08683,1.08693,1108,0,0
1701676800,1.08694,1.08765,1.08671,1.0869,1597,0,0
1701680400,1.08687,1.08691,1.08498,1.08538,2689,0,0
1701684000,1.0854,1.0873,1.0854,1.08638,3355,0,0
1701687600,1.08639,1.08808,1.08627,1.08747,2661,0,0
1701691200,1.08746,1.08758,1.0859,1.08684,2076,0,0
1701694800,1.08683,1.08789,1.08674,1.08691,2017,0,0
1701698400,1.08688,1.08723,1.08596,1.08694,2131,0,0
1701702000,1.08691,1.0876,1.08534,1.08547,3305,0,0
1701705600,1.08546,1.08551,1.08196,1.08394,4643,0,0
1701709200,1.08394,1.08435,1.0804,1.08147,4903,0,0
1701712800,1.08146,1.0824799999999999,1.08117,1.08229,3098,0,0
1701716400,1.08231,1.08269,1.08178,1.08257,2111,0,0
1701720000,1.08259,1.08266,1.08151,1.08168,1755,0,0
1701723600,1.08168,1.08291,1.08162,1.08276,1448,0,0
1701727200,1.08277,1.08355,1.08277,1.0834,1465,0,0
1701730800,1.08341,1.08366,1.08328,1.08351,780,0,0
1701734400,1.08353,1.08355,1.08244,1.08336,503,4,0
1701738000,1.08332,1.08373,1.0832600000000001,1.0836999999999999,532,0,0
1701741600,1.08369,1.08463,1.08363,1.08434,1294,0,0
1701745200,1.08433,1.08444,1.08344,1.08392,1833,0,0
1701748800,1.08393,1.08428,1.08349,1.08367,1277,0,0
1701752400,1.08367,1.0843099999999999,1.08364,1.08404,1181,0,0
1701756000,1.08404,1.08445,1.08395,1.08442,842,0,0
1701759600,1.08441,1.08474,1.08399,1.08473,1002,0,0
1701763200,1.08474,1.08474,1.08319,1.08342,1545,0,0
1701766800,1.08341,1.08341,1.08042,1.08074,2775,0,0
1701770400,1.08073,1.08343,1.0806,1.08339,3168,0,0
1701774000,1.08339,1.08426,1.08307,1.08322,2784,0,0
1701777600,1.08318,1.08397,1.08297,1.08325,2433,0,0
1701781200,1.08327,1.08367,1.08152,1.08188,2174,0,0
1701784800,1.08189,1.08216,1.08124,1.08142,2244,0,0
1701788400,1.08141,1.08338,1.08137,1.08285,3652,0,0
1701792000,1.08287,1.08302,1.08016,1.08098,4059,0,0
1701795600,1.08097,1.08388,1.07991,1.08055,6732,0,0
1701799200,1.08056,1.0813,1.07821,1.07862,4041,0,0
1701802800,1.07864,1.07974,1.07858,1.07919,2865,0,0
1701806400,1.0792,1.07929,1.07782,1.07851,2177,0,0
1701810000,1.0784799999999999,1.07864,1.0781,1.07839,1710,0,0
1701813600,1.0783800000000001,1.07977,1.07817,1.07952,1490,0,0
1701817200,1.07951,1.07985,1.07931,1.07956,745,0,0
1701820800,1.07957,1.07975,1.07843,1.07953,496,8,0
1701824400,1.07952,1.07957,1.07902,1.0793,565,0,0
1701828000,1.0793,1.07965,1.07893,1.07954,1057,0,0
1701831600,1.07954,1.07986,1.07879,1.0792,1600,0,0
1701835200,1.0792,1.07937,1.07881,1.07921,1243,0,0
1701838800,1.07921,1.07986,1.07918,1.07968,1025,0,0
1701842400,1.07964,1.07998,1.07935,1.07945,864,0,0
1701846000,1.07945,1.08017,1.07918,1.08012,1193,0,0
1701849600,1.08012,1.08013,1.07879,1.07879,1184,0,0
1701853200,1.07879,1.07931,1.07779,1.07903,2432,0,0
1701856800,1.0789900000000001,1.07901,1.07751,1.07866,2995,0,0
1701860400,1.07866,1.07977,1.07859,1.07913,2571,0,0
1701864000,1.07913,1.07962,1.07874,1.07911,2385,0,0
1701867600,1.0791,1.0791,1.07781,1.07799,2147,0,0
1701871200,1.07799,1.07806,1.07724,1.07774,2188,0,0
1701874800,1.07775,1.07999,1.07771,1.0798,4431,0,0
1701878400,1.0798,1.08048,1.07888,1.07946,3835,0,0
1701882000,1.07945,1.08005,1.07855,1.07901,4001,0,0
1701885600,1.079,1.08003,1.07836,1.07893,3002,0,0
1701889200,1.07892,1.07919,1.07807,1.07815,2302,0,0
1701892800,1.07814,1.07843,1.07712,1.07783,1744,0,0
1701896400,1.07783,1.07789,1.07671,1.07681,1468,0,0
1701900000,1.07684,1.07695,1.07587,1.07623,1555,0,0
1701903600,1.07622,1.0766,1.07618,1.07636,797,0,0
1701907200,1.07628,1.0768,1.07603,1.0766,460,5,0
1701910800,1.0766,1.0767,1.07639,1.07659,608,5,0
1701914400,1.07667,1.07722,1.07656,1.07688,1127,0,0
1701918000,1.07687,1.07713,1.07643,1.07673,1690,0,0
1701921600,1.07673,1.07709,1.0762,1.07649,1403,0,0
1701925200,1.0765,1.0765500000000001,1.07594,1.07598,973,0,0
1701928800,1.07597,1.07627,1.0758,1.07606,855,0,0
1701932400,1.07605,1.07632,1.07571,1.07616,1186,0,0
1701936000,1.07617,1.07669,1.07588,1.07638,1612,0,0
1701939600,1.07634,1.07811,1.07552,1.0781,2945,0,0
1701943200,1.07809,1.07828,1.07719,1.07803,3711,0,0
1701946800,1.07802,1.07847,1.07718,1.07795,3179,0,0
1701950400,1.07797,1.07836,1.07641,1.07713,3070,0,0
1701954000,1.07712,1.07773,1.07636,1.07708,2660,0,0
1701957600,1.07708,1.07743,1.07593,1.07693,2838,0,0
1701961200,1.07691,1.07979,1.07613,1.07903,4670,0,0
1701964800,1.07902,1.07918,1.07703,1.07703,4247,0,0
1701968400,1.07701,1.07935,1.07672,1.0784,4693,0,0
1701972000,1.07841,1.07958,1.0784,1.07938,3626,0,0
1701975600,1.07937,1.08175,1.07892,1.08138,3704,0,0
1701979200,1.08134,1.08138,1.08027,1.08055,2636,0,0
1701982800,1.08054,1.08061,1.07983,1.07983,1827,0,0
1701986400,1.07984,1.08038,1.07953,1.07954,1525,0,0
1701990000,1.07955,1.07958,1.07901,1.07934,929,0,0
1701993600,1.0792,1.07964,1.07868,1.07921,707,7,0
1701997200,1.07916,1.07964,1.07892,1.07893,598,0,0
1702000800,1.07895,1.07979,1.07885,1.07962,2105,0,0
1702004400,1.07961,1.08006,1.07853,1.07882,2461,0,0
1702008000,1.07881,1.079,1.07839,1.07895,1403,0,0
1702011600,1.07895,1.07956,1.07878,1.07921,1350,0,0
1702015200,1.07921,1.07923,1.07829,1.07831,1246,0,0
1702018800,1.0783,1.07892,1.07824,1.07839,1243,0,0
1702022400,1.07839,1.07874,1.07792,1.07795,1575,0,0
1702026000,1.07799,1.07825,1.07731,1.07791,2381,0,0
1702029600,1.07793,1.07911,1.0777,1.07893,3163,0,0
1702033200,1.07893,1.07893,1.07724,1.07768,2941,0,0
1702036800,1.07766,1.07897,1.07753,1.07841,2234,0,0
1702040400,1.07839,1.07873,1.07781,1.0783,2120,0,0
1702044000,1.07829,1.07859,1.07752,1.07773,2095,0,0
1702047600,1.07774,1.07798,1.07235,1.0747,6067,0,0
1702051200,1.07471,1.07532,1.07305,1.07459,5695,0,0
1702054800,1.07505,1.07859,1.07476,1.07683,5222,0,0
1702058400,1.07685,1.07703,1.07437,1.07448,2954,0,0
1702062000,1.07449,1.07576,1.07403,1.07561,2335,0,0
1702065600,1.07564,1.07623,1.07529,1.07572,1739,0,0
1702069200,1.07572,1.07617,1.07566,1.07588,1300,0,0
1702072800,1.07586,1.07666,1.07572,1.07636,1580,0,0
1702076400,1.07639,1.07641,1.07565,1.07573,734,0,0
1702252800,1.07583,1.07617,1.07541,1.07612,368,7,0
1702256400,1.07612,1.07674,1.07612,1.07649,881,0,0
1702260000,1.0765,1.07736,1.0765,1.0772,1505,0,0
1702263600,1.07724,1.07739,1.07673,1.07676,1929,0,0
1702267200,1.07676,1.0768,1.0764,1.0766,1104,0,0
1702270800,1.07661,1.07679,1.07636,1.0765,859,0,0
1702274400,1.07649,1.0765,1.0761,1.07631,684,0,0
1702278000,1.07631,1.07682,1.07621,1.0768,789,0,0
1702281600,1.07678,1.0771,1.07663,1.07696,973,0,0
1702285200,1.07694,1.07695,1.07532,1.07559,2437,0,0
1702288800,1.07557,1.07706,1.07515,1.07652,2759,0,0
1702292400,1.0765,1.07679,1.07575,1.07669,2216,0,0
1702296000,1.07667,1.07789,1.07666,1.07736,2235,0,0
1702299600,1.07734,1.0778,1.07636,1.07683,2278,0,0
1702303200,1.07683,1.07704,1.07555,1.07612,1901,0,0
1702306800,1.07611,1.07666,1.07525,1.07637,2674,0,0
1702310400,1.07637,1.07638,1.0743800000000001,1.07531,3237,0,0
1702314000,1.07532,1.07601,1.07419,1.07442,3169,0,0
1702317600,1.07442,1.07496,1.07415,1.0746,2589,0,0
1702321200,1.07459,1.0755,1.07434,1.07441,1949,0,0
1702324800,1.0744,1.07651,1.07428,1.07635,2318,0,0
1702328400,1.07635,1.07697,1.07608,1.07612,1490,0,0
1702332000,1.07612,1.0765,1.07607,1.07647,1133,0,0
1702335600,1.07648,1.07648,1.07633,1.07642,721,0,0
1702339200,1.07643,1.07643,1.07548,1.07632,410,4,0
1702342800,1.07627,1.07652,1.07621,1.07649,427,0,0
1702346400,1.0765,1.07662,1.0763,1.07651,996,0,0
1702350000,1.07651,1.07695,1.07642,1.07648,1279,0,0
1702353600,1.07647,1.07704,1.07614,1.07617,1008,0,0
1702357200,1.07616,1.07694,1.07612,1.07683,928,0,0
1702360800,1.07682,1.07694,1.07641,1.07652,719,0,0
1702364400,1.0765500000000001,1.07708,1.07654,1.07691,881,0,0
1702368000,1.07692,1.078,1.07685,1.07795,1003,0,0
1702371600,1.07792,1.07831,1.0774,1.07779,2065,0,0
1702375200,1.07778,1.0792,1.07733,1.07854,2733,0,0
1702378800,1.07852,1.07977,1.07806,1.07936,2152,0,0
1702382400,1.07936,1.08073,1.07929,1.08012,2127,0,0
1702386000,1.08011,1.08017,1.07922,1.07962,1856,0,0
1702389600,1.07965,1.08059,1.07955,1.07982,1927,0,0
1702393200,1.07981,1.08282,1.07735,1.07769,5874,0,0
1702396800,1.07766,1.08004,1.07672,1.07743,4870,0,0
1702400400,1.07743,1.0789900000000001,1.07692,1.07843,3554,0,0
1702404000,1.07846,1.07933,1.07812,1.07887,2876,0,0
1702407600,1.07893,1.07957,1.07839,1.07881,2245,0,0
1702411200,1.07881,1.07988,1.07869,1.07932,2499,0,0
1702414800,1.07933,1.07937,1.07876,1.07903,1348,0,0
1702418400,1.07902,1.07984,1.07894,1.07973,1360,0,0
1702422000,1.07972,1.0799,1.07934,1.07938,846,0,0
1702425600,1.0794,1.0796000000000001,1.07896,1.07948,546,6,0
1702429200,1.07947,1.07989,1.07935,1.07978,519,6,0
1702432800,1.07979,1.07997,1.07914,1.07939,931,0,0
1702436400,1.07938,1.07962,1.07913,1.07934,973,0,0
1702440000,1.07935,1.0794,1.0784,1.07874,1021,0,0
1702443600,1.07875,1.07885,1.07844,1.07874,650,0,0
1702447200,1.07872,1.07898,1.07858,1.07863,713,0,0
1702450800,1.07867,1.07912,1.07866,1.079,898,0,0
1702454400,1.07901,1.07923,1.07807,1.0783800000000001,1241,0,0
1702458000,1.0784,1.07888,1.07803,1.07852,2027,0,0
1702461600,1.07851,1.07928,1.07828,1.07895,2734,0,0
1702465200,1.07894,1.07918,1.07807,1.07876,2339,0,0
1702468800,1.07873,1.07874,1.07732,1.0778,2162,0,0
1702472400,1.07779,1.07849,1.07738,1.0783800000000001,1770,0,0
1702476000,1.07839,1.07895,1.0781,1.07818,1740,0,0
1702479600,1.07819,1.08037,1.07819,1.08006,3775,0,0
1702483200,1.08004,1.08092,1.07827,1.0791,3742,0,0
1702486800,1.07908,1.07958,1.07844,1.07946,2971,0,0
1702490400,1.07946,1.07967,1.07857,1.07921,2204,0,0
1702494000,1.07922,1.07939,1.07831,1.07841,1699,0,0
1702497600,1.07839,1.07897,1.07801,1.07862,1542,0,0
1702501200,1.0786,1.08917,1.0784,1.0888,8470,0,0
1702504800,1.08881,1.08966,1.08648,1.08812,5350,0,0
1702508400,1.08812,1.08839,1.08727,1.08741,1619,1,0
1702512000,1.0873599999999999,1.08812,1.0866,1.08762,658,7,0
1702515600,1.08751,1.08844,1.08745,1.0882,1195,0,0
1702519200,1.08823,1.08951,1.08791,1.08932,2045,0,0
1702522800,1.08933,1.08983,1.08854,1.08965,2492,0,0
1702526400,1.08965,1.0905,1.0893,1.09044,1886,0,0
1702530000,1.09044,1.09154,1.09044,1.09061,1827,0,0
1702533600,1.09061,1.09096,1.08992,1.08995,1264,0,0
1702537200,1.08995,1.09,1.0893,1.08938,1431,0,0
1702540800,1.08938,1.0903,1.08938,1.09016,1705,0,0
1702544400,1.09018,1.09078,1.0881,1.08811,3218,0,0
1702548000,1.08812,1.0905,1.088,1.0902,4615,0,0
1702551600,1.09019,1.0913,1.09002,1.09043,3828,0,0
1702555200,1.0904,1.09141,1.08983,1.09132,3027,0,0
1702558800,1.09133,1.09316,1.09131,1.09298,2768,0,0
1702562400,1.09298,1.09397,1.0923,1.09238,3451,0,0
1702566000,1.0924,1.09514,1.09066,1.0944,7016,0,0
1702569600,1.09432,1.09924,1.0936,1.09909,6729,0,0
1702573200,1.0991,1.09974,1.09682,1.09937,5188,0,0
1702576800,1.09935,1.10031,1.09906,1.09962,3790,0,0
1702580400,1.09964,1.10092,1.09893,1.1005,2952,0,0
1702584000,1.10049,1.10059,1.09823,1.09829,2488,0,0
1702587600,1.09829,1.09952,1.09798,1.09922,2045,0,0
1702591200,1.09923,1.09968,1.09881,1.0993,2276,0,0
1702594800,1.09928,1.09932,1.0988,1.09917,1266,0,0
1702598400,1.09918,1.09942,1.09856,1.09913,593,11,0
1702602000,1.09912,1.09962,1.09895,1.09931,1012,4,0
1702605600,1.09934,1.09944,1.0977,1.09831,1670,0,0
1702609200,1.09832,1.09895,1.09818,1.09846,1675,0,0
1702612800,1.09847,1.09986,1.09847,1.09974,1669,0,0
1702616400,1.09973,1.10008,1.09936,1.0999,1245,0,0
1702620000,1.0999,1.10039,1.09967,1.0998,1236,0,0
1702623600,1.0998,1.09981,1.09837,1.09843,1434,0,0
1702627200,1.09844,1.09879,1.09808,1.09873,1621,0,0
1702630800,1.09876,1.09954,1.09832,1.09939,2589,0,0
1702634400,1.0994,1.09992,1.09463,1.09563,4639,0,0
1702638000,1.09562,1.09677,1.09491,1.09604,3404,0,0
1702641600,1.09605,1.0967500000000001,1.09564,1.09644,5263,0,0
1702645200,1.09645,1.09696,1.09567,1.09685,7862,0,0
1702648800,1.09685,1.09696,1.09406,1.09436,10952,0,0
1702652400,1.09438,1.09484,1.0904,1.09162,26082,0,0
1702656000,1.09163,1.09286,1.09102,1.09199,27032,0,0
1702659600,1.09199,1.09236,1.09049,1.09158,21908,0,0
1702663200,1.09156,1.09169,1.0901399999999999,1.09054,14670,0,0
1702666800,1.09054,1.09165,1.09041,1.09102,12212,1,0
1702670400,1.09102,1.09109,1.08885,1.08936,14827,1,0
1702674000,1.08935,1.08998,1.08894,1.08996,11422,1,0
1702677600,1.08996,1.09094,1.08935,1.08936,9909,1,0
1702681200,1.08937,1.08961,1.08913,1.08939,5533,2,0
1702857600,1.08968,1.0899,1.08939,1.08957,674,8,0
1702861200,1.0896,1.08977,1.08918,1.08949,2751,1,0
1702864800,1.08949,1.0901399999999999,1.08938,1.09005,5637,1,0
1702868400,1.09005,1.09006,1.08944,1.08974,6717,1,0
1702872000,1.08974,1.09054,1.0897000000000001,1.09039,4295,0,0
1702875600,1.09038,1.09137,1.09028,1.0911,3257,0,0
1702879200,1.0911,1.09131,1.09089,1.09129,2793,0,0
1702882800,1.09129,1.09158,1.09107,1.09152,4643,1,0
1702886400,1.09152,1.09202,1.09115,1.09185,6380,1,0
1702890000,1.09184,1.093,1.09159,1.09217,8433,0,0
1702893600,1.09217,1.09238,1.09157,1.09183,9769,0,0
1702897200,1.09181,1.09283,1.09137,1.09196,9811,0,0
1702900800,1.09196,1.09209,1.09082,1.09104,8354,0,0
1702904400,1.09104,1.09137,1.09071,1.09128,6096,0,0
1702908000,1.09127,1.09175,1.0909,1.09137,9959,0,0
1702911600,1.09138,1.0929,1.09135,1.09216,13985,0,0
1702915200,1.09215,1.09311,1.09204,1.09292,12826,0,0
1702918800,1.09292,1.09312,1.09106,1.09142,16939,0,0
1702922400,1.09142,1.0925,1.09131,1.09179,10098,0,0
1702926000,1.09192,1.0928,1.09183,1.09275,9668,1,0
1702929600,1.09274,1.0928,1.09199,1.09233,7745,1,0
1702933200,1.09233,1.09233,1.09128,1.09167,7092,0,0
1702936800,1.09167,1.09198,1.0913599999999999,1.09195,6100,1,0
1702940400,1.09188,1.09237,1.09168,1.09228,2734,0,0
1702944000,1.09235,1.09235,1.09108,1.09217,2111,7,0
1702947600,1.0922,1.0924800000000001,1.09196,1.09232,5247,1,0
1702951200,1.09232,1.09249,1.09178,1.09203,4247,1,0
1702954800,1.09203,1.0926,1.09174,1.09187,4854,1,0
1702958400,1.09187,1.09231,1.09149,1.09217,6202,1,0
1702962000,1.09217,1.09292,1.09201,1.09255,6843,1,0
1702965600,1.09255,1.09271,1.09199,1.0923,3894,1,0
1702969200,1.09231,1.09285,1.09207,1.09281,4362,1,0
1702972800,1.09281,1.0931,1.09229,1.09275,9011,1,0
1702976400,1.09275,1.09414,1.09237,1.09285,12944,0,0
1702980000,1.09285,1.09424,1.09273,1.09407,9569,0,0
1702983600,1.09407,1.09495,1.0939,1.09414,7655,0,0
1702987200,1.09414,1.09453,1.09362,1.09383,6930,0,0
1702990800,1.09382,1.09398,1.09305,1.09372,6576,0,0
1702994400,1.09372,1.09709,1.09369,1.09684,12916,0,0
1702998000,1.09683,1.09741,1.09534,1.09622,16756,0,0
1703001600,1.09622,1.09845,1.09589,1.0979,16155,0,0
1703005200,1.0979,1.09876,1.09692,1.09857,18594,0,0
1703008800,1.09857,1.0986,1.09722,1.09768,12395,0,0
1703012400,1.09768,1.09793,1.09724,1.09749,9440,1,0
1703016000,1.09749,1.09765,1.09692,1.09749,8353,1,0
1703019600,1.09749,1.09781,1.09722,1.09761,5613,1,0
1703023200,1.09762,1.09786,1.0971899999999999,1.09777,6101,1,0
1703026800,1.09779,1.09804,1.09757,1.09798,2228,0,0
1703030400,1.09803,1.09833,1.0975,1.09831,1307,1,0
1703034000,1.09832,1.09833,1.09776,1.09793,2453,1,0
1703037600,1.09792,1.09795,1.09716,1.09731,4336,1,0
1703041200,1.0973,1.09745,1.09678,1.09698,4866,1,0
1703044800,1.09697,1.09727,1.09671,1.09702,3770,1,0
1703048400,1.09703,1.09714,1.09679,1.09699,2624,1,0
1703052000,1.09699,1.09711,1.09657,1.09686,2801,1,0
1703055600,1.09686,1.09695,1.09642,1.09648,3965,1,0
1703059200,1.09649,1.09651,1.09552,1.09591,7062,1,0
1703062800,1.09591,1.09704,1.09508,1.09669,13055,0,0
1703066400,1.09668,1.09714,1.09582,1.09608,11321,0,0
1703070000,1.09608,1.09656,1.0953,1.09644,7975,0,0
1703073600,1.09644,1.09653,1.0947,1.09525,7770,0,0
1703077200,1.09525,1.09561,1.09356,1.09376,7671,0,0
1703080800,1.09378,1.09422,1.09337,1.09371,11073,0,0
1703084400,1.09369,1.0963,1.0936,1.09605,15537,0,0
1703088000,1.09605,1.09724,1.09589,1.09702,14726,0,0
1703091600,1.0971,1.09751,1.09533,1.09742,20328,0,0
1703095200,1.09741,1.09759,1.09545,1.09564,12880,0,0
1703098800,1.09563,1.09605,1.09494,1.09579,10708,1,0
1703102400,1.09578,1.09639,1.09551,1.09598,8426,1,0
1703106000,1.0959699999999999,1.09608,1.09426,1.09463,9918,1,0
1703109600,1.09463,1.09485,1.0930900000000001,1.09316,15811,1,0
1703113200,1.09315,1.09436,1.0929,1.09397,4806,1,0
1703116800,1.09382,1.09454,1.09348,1.09433,4999,8,0
1703120400,1.09436,1.09461,1.09426,1.09433,2115,1,0
1703124000,1.09433,1.0950199999999999,1.09409,1.09497,3990,1,0
1703127600,1.09497,1.09536,1.09481,1.09524,4765,1,0
1703131200,1.09524,1.09544,1.0945,1.09495,4478,1,0
1703134800,1.09495,1.09501,1.09464,1.0949,2665,1,0
1703138400,1.0949,1.0950199999999999,1.09471,1.0949200000000001,2261,1,0
1703142000,1.09493,1.0956,1.09485,1.09546,3874,1,0
1703145600,1.09546,1.09548,1.0943,1.09449,5851,1,0
1703149200,1.0945,1.09503,1.09423,1.0947,7145,0,0
1703152800,1.0947,1.09549,1.09391,1.09398,9255,0,0
1703156400,1.09397,1.09466,1.09352,1.09438,6987,0,0
1703160000,1.09438,1.09563,1.09399,1.09541,7201,0,0
1703163600,1.09541,1.0985,1.09535,1.09798,11195,0,0
1703167200,1.09798,1.09872,1.09768,1.09806,9882,0,0
1703170800,1.09806,1.1002399999999999,1.09724,1.09912,23045,0,0
1703174400,1.09912,1.1001400000000001,1.0982,1.09923,21550,0,0
1703178000,1.09923,1.09948,1.09753,1.09899,21864,0,0
1703181600,1.09899,1.09947,1.09791,1.09898,14640,0,0
1703185200,1.09897,1.0991,1.09778,1.09862,15087,1,0
1703188800,1.09861,1.09914,1.09783,1.09896,13134,1,0
1703192400,1.09898,1.10011,1.09883,1.09991,9040,1,0
1703196000,1.09991,1.10032,1.09926,1.10022,8400,1,0
1703199600,1.1002399999999999,1.10121,1.10018,1.10098,3548,1,0
1703203200,1.10101,1.10104,1.09838,1.10087,1457,1,0
1703206800,1.1008499999999999,1.10126,1.10056,1.10057,2639,1,0
1703210400,1.10057,1.10099,1.10027,1.10047,3590,1,0
1703214000,1.10048,1.10066,1.0997,1.0998,5571,1,0
1703217600,1.0998,1.10007,1.09955,1.10001,3819,1,0
1703221200,1.10001,1.1005,1.09957,1.09978,3913,1,0
1703224800,1.09978,1.10033,1.09978,1.10006,2926,1,0
1703228400,1.10005,1.10006,1.09955,1.09968,4095,1,0
1703232000,1.09968,1.10002,1.09937,1.09941,3956,1,0
1703235600,1.0994,1.10077,1.09939,1.10003,9811,0,0
1703239200,1.10004,1.1012,1.09993,1.10072,9832,0,0
1703242800,1.10072,1.10135,1.10026,1.10043,8053,0,0
1703246400,1.10043,1.10212,1.10037,1.10192,6685,0,0
1703250000,1.10192,1.103,1.1017,1.1025800000000001,6373,0,0
1703253600,1.1025800000000001,1.1038000000000001,1.10159,1.1019,12732,0,0
1703257200,1.1019,1.10292,1.10015,1.1029,23014,0,0
1703260800,1.1029,1.10403,1.10247,1.10359,18745,0,0
1703264400,1.10359,1.10405,1.10089,1.10113,18775,0,0
1703268000,1.10113,1.10238,1.10062,1.10072,14577,0,0
1703271600,1.10072,1.10164,1.09999,1.10155,12481,1,0
1703275200,1.10155,1.10193,1.10108,1.10133,7466,1,0
1703278800,1.10133,1.10157,1.10019,1.10157,9310,1,0
1703282400,1.10157,1.10159,1.10077,1.10114,5992,1,0
1703286000,1.10116,1.10142,1.10092,1.10132,2893,2,0
1703462400,1.10119,1.10162,1.10119,1.10132,43,30,0
1703466000,1.10132,1.10158,1.10132,1.10135,581,24,0
1703548800,1.10028,1.10187,1.09998,1.10099,275,28,0
1703552400,1.10149,1.10231,1.10144,1.10188,2228,0,0
1703556000,1.10188,1.10203,1.10156,1.10191,2066,0,0
1703559600,1.10192,1.10229,1.10178,1.10221,2907,0,0
1703563200,1.10221,1.10267,1.10196,1.10259,2565,0,0
1703566800,1.10259,1.10289,1.10252,1.10276,2189,0,0
1703570400,1.10274,1.10278,1.10222,1.10225,1543,0,0
1703574000,1.10224,1.10272,1.10208,1.10266,2891,0,0
1703577600,1.10266,1.1026799999999999,1.10218,1.10237,2490,1,0
1703581200,1.10237,1.10255,1.1021,1.10224,2911,0,0
1703584800,1.10224,1.10265,1.10138,1.10149,3257,0,0
1703588400,1.10149,1.1015,1.10097,1.10143,2861,0,0
1703592000,1.10144,1.10195,1.1014,1.10164,1698,0,0
1703595600,1.10164,1.10168,1.10108,1.10138,2865,0,0
1703599200,1.10138,1.10174,1.10084,1.1013,5319,0,0
1703602800,1.1013,1.10247,1.10118,1.10177,8308,0,0
1703606400,1.10178,1.10274,1.10138,1.10263,9989,0,0
1703610000,1.10264,1.10327,1.10233,1.1025,8958,0,0
1703613600,1.1025,1.10376,1.1024,1.10344,6967,0,0
1703617200,1.10344,1.10372,1.10299,1.1035,5876,1,0
1703620800,1.1035,1.10398,1.10339,1.10365,6104,1,0
1703624400,1.10365,1.1045,1.10362,1.10444,4585,1,0
1703628000,1.10444,1.10451,1.10401,1.1042399999999999,5867,1,0
1703631600,1.10417,1.10432,1.10399,1.10415,2524,0,0
1703635200,1.10414,1.10418,1.10382,1.10402,696,3,0
1703638800,1.10417,1.10442,1.10414,1.1042399999999999,1426,1,0
1703642400,1.1042399999999999,1.10425,1.10358,1.10368,2940,0,0
1703646000,1.10368,1.10375,1.10317,1.10361,4014,1,0
1703649600,1.10361,1.10367,1.10295,1.1031,4341,1,0
1703653200,1.1031,1.10366,1.10284,1.10364,2917,0,0
1703656800,1.10364,1.10422,1.10361,1.10417,2358,0,0
1703660400,1.10417,1.1044,1.10368,1.10434,3091,0,0
1703664000,1.10435,1.10453,1.10403,1.10443,4089,1,0
1703667600,1.10443,1.10494,1.10366,1.10413,6198,0,0
1703671200,1.10412,1.1054599999999999,1.1038000000000001,1.1047,7412,0,0
1703674800,1.10471,1.10549,1.10464,1.10544,5166,0,0
1703678400,1.10544,1.10594,1.10517,1.10561,4316,0,0
1703682000,1.10561,1.10597,1.10501,1.1059,5084,0,0
1703685600,1.1059,1.10701,1.10483,1.10681,8977,0,0
1703689200,1.10681,1.10741,1.1062,1.10707,10866,0,0
1703692800,1.10707,1.11056,1.10686,1.11044,15494,0,0
1703696400,1.11043,1.11159,1.10988,1.11071,21580,0,0
1703700000,1.1107,1.11229,1.11022,1.11126,15302,0,0
1703703600,1.11126,1.11129,1.11033,1.11053,9390,1,0
1703707200,1.11053,1.11093,1.11014,1.11077,9909,1,0
1703710800,1.11077,1.11141,1.10987,1.11016,9736,1,0
1703714400,1.11015,1.11077,1.11009,1.11064,5953,1,0
1703718000,1.11057,1.11072,1.11017,1.11043,2543,0,0
1703721600,1.1105,1.11062,1.10972,1.11033,1178,5,0
1703725200,1.11053,1.11098,1.11051,1.11082,2127,1,0
1703728800,1.11082,1.1117,1.1108,1.11147,3607,0,0
1703732400,1.11147,1.11221,1.11133,1.11218,3960,1,0
1703736000,1.11218,1.11224,1.11097,1.11179,4059,1,0
1703739600,1.11179,1.11209,1.11145,1.11186,3232,0,0
1703743200,1.11184,1.11185,1.111,1.11102,2715,1,0
1703746800,1.11103,1.11178,1.11083,1.11094,4452,1,0
1703750400,1.11094,1.11152,1.11047,1.11132,5749,1,0
1703754000,1.11132,1.11258,1.11132,1.11168,8456,0,0
1703757600,1.11168,1.11219,1.11043,1.11211,8564,0,0
1703761200,1.11211,1.11396,1.11142,1.11294,9481,0,0
1703764800,1.11293,1.11324,1.11227,1.11278,6772,0,0
1703768400,1.11278,1.11323,1.11144,1.11201,6401,0,0
1703772000,1.11201,1.11202,1.11108,1.11125,8674,0,0
1703775600,1.11125,1.11203,1.10722,1.10734,16267,0,0
1703779200,1.10734,1.11049,1.10721,1.11026,17636,0,0
1703782800,1.11026,1.11136,1.10999,1.11069,16950,0,0
1703786400,1.11068,1.11069,1.10688,1.10719,15005,0,0
1703790000,1.10719,1.10768,1.10658,1.10738,8819,1,0
1703793600,1.10738,1.10741,1.1055,1.10641,11005,1,0
1703797200,1.10641,1.10661,1.10576,1.10645,6699,1,0
1703800800,1.10646,1.10707,1.10629,1.10656,5999,1,0
1703804400,1.10655,1.10655,1.10592,1.10609,3361,0,0
1703808000,1.10602,1.10652,1.10577,1.10625,1063,8,0
1703811600,1.10627,1.1068,1.10614,1.10678,3774,3,0
1703815200,1.10678,1.10792,1.10661,1.10762,5069,3,0
1703818800,1.10763,1.10847,1.1075,1.10788,6126,3,0
1703822400,1.10788,1.10792,1.10706,1.10715,3292,3,0
1703826000,1.10715,1.1072899999999999,1.10636,1.10651,2864,3,0
1703829600,1.10651,1.10688,1.10637,1.10665,2549,3,0
1703833200,1.10665,1.10669,1.10606,1.1066,3945,0,0
1703836800,1.1066,1.10748,1.10655,1.10734,4641,1,0
1703840400,1.10736,1.10763,1.10641,1.1066,6094,0,0
1703844000,1.1066,1.10775,1.10584,1.10606,7556,0,0
1703847600,1.10606,1.10614,1.10443,1.10491,8663,0,0
1703851200,1.10491,1.10673,1.10475,1.1065,6141,0,0
1703854800,1.1065,1.1077,1.10614,1.10764,5307,0,0
1703858400,1.10764,1.10809,1.1048,1.10518,10067,0,0
1703862000,1.10518,1.10587,1.10463,1.10486,12518,0,0
1703865600,1.10487,1.10707,1.10468,1.10689,14968,0,0
1703869200,1.10689,1.10787,1.10422,1.10472,21698,0,0
1703872800,1.10476,1.10615,1.10432,1.10608,18382,0,0
1703876400,1.10608,1.10669,1.10527,1.1064,12637,1,0
1703880000,1.1064,1.10641,1.1049,1.10531,13010,1,0
1703883600,1.10531,1.10541,1.10378,1.10407,8517,1,0
1703887200,1.10408,1.10508,1.10381,1.10411,6542,1,0
1703890800,1.10404,1.10405,1.10334,1.1036,2473,2,0
1704153600,1.10437,1.10451,1.10411,1.10439,375,11,0
1704157200,1.1044100000000001,1.10447,1.10354,1.10364,2207,3,0
1704160800,1.10364,1.10384,1.1034,1.10381,2376,1,0
1704164400,1.1038000000000001,1.10432,1.1034,1.10347,5079,3,0
1704168000,1.10348,1.10358,1.1018,1.10187,5520,3,0
1704171600,1.10187,1.10248,1.10174,1.10244,2979,3,0
1704175200,1.10244,1.10249,1.10163,1.10209,3511,1,0
1704178800,1.10209,1.10335,1.10206,1.10331,5117,3,0
1704182400,1.10332,1.10352,1.10266,1.10287,6302,1,0
1704186000,1.10286,1.10381,1.10151,1.10156,10969,0,0
1704189600,1.10156,1.10389,1.10156,1.10298,11093,0,0
1704193200,1.10298,1.1038000000000001,1.10108,1.10152,8370,0,0
1704196800,1.1015,1.10171,1.09971,1.1007500000000001,9329,0,0
1704200400,1.1007500000000001,1.10077,1.09667,1.09693,12742,0,0
1704204000,1.09693,1.09721,1.09537,1.0954,10904,0,0
1704207600,1.0954,1.09651,1.0949200000000001,1.09528,14806,0,0
1704211200,1.09527,1.09643,1.09446,1.09629,20789,0,0
1704214800,1.09629,1.09684,1.09407,1.09437,23686,0,0
1704218400,1.09438,1.09618,1.09407,1.09565,13572,0,0
1704222000,1.09564,1.09577,1.09457,1.09506,10933,1,0
1704225600,1.09506,1.0956,1.09462,1.09468,6936,1,0
1704229200,1.09468,1.09503,1.09424,1.09465,6597,1,0
1704232800,1.09465,1.09512,1.09419,1.09424,7011,1,0
1704236400,1.09425,1.09428,1.09374,1.09407,3968,1,0
1704240000,1.09425,1.09438,1.09362,1.09411,2655,8,0
1704243600,1.09413,1.09439,1.09407,1.09415,2433,2,0
1704247200,1.09414,1.09505,1.09409,1.09493,2115,0,0
1704250800,1.0949200000000001,1.09547,1.09447,1.09513,4316,0,0
1704254400,1.09513,1.09531,1.09485,1.09522,2550,0,0
1704258000,1.09522,1.09621,1.09486,1.09608,3556,2,0
1704261600,1.09608,1.09625,1.09586,1.09623,1944,0,0
1704265200,1.09623,1.09629,1.09509,1.0951,3563,0,0
1704268800,1.0951,1.0961,1.09508,1.09585,3487,1,0
1704272400,1.09584,1.09627,1.09513,1.09604,7700,0,0
1704276000,1.09603,1.09655,1.09504,1.09527,10085,0,0
1704279600,1.09527,1.09563,1.09349,1.09364,10660,0,0
1704283200,1.09363,1.09391,1.09262,1.0928,8133,0,0
1704286800,1.0928,1.09299,1.09154,1.09195,9230,0,0
1704290400,1.09195,1.09323,1.09143,1.0917,12258,0,0
1704294000,1.0917,1.09303,1.091,1.09216,17866,0,0
1704297600,1.09216,1.09264,1.09097,1.09178,19201,0,0
1704301200,1.09158,1.0939,1.08979,1.09047,32879,0,0
1704304800,1.09046,1.09184,1.09025,1.09081,16211,0,0
1704308400,1.09081,1.09103,1.09032,1.09067,10490,1,0
1704312000,1.09068,1.09149,1.09025,1.09058,9958,1,0
1704315600,1.0906,1.0925799999999999,1.08925,1.09178,28107,1,0
1704319200,1.09177,1.09233,1.0915,1.09206,11976,1,0
1704322800,1.09205,1.09232,1.09179,1.09212,3428,2,0
1704326400,1.09205,1.09218,1.09056,1.09211,1839,8,0
1704330000,1.09214,1.09276,1.09214,1.0925799999999999,2130,3,0
1704333600,1.0926,1.09265,1.09192,1.09224,2867,3,0
1704337200,1.09224,1.09241,1.09161,1.09177,4217,3,0
1704340800,1.09177,1.09201,1.09156,1.09194,3011,3,0
1704344400,1.09195,1.09308,1.09191,1.09261,3486,3,0
1704348000,1.09261,1.09286,1.09244,1.09259,2536,0,0
1704351600,1.09259,1.09269,1.09216,1.09265,4430,3,0
1704355200,1.09265,1.09348,1.09205,1.09323,7368,1,0
1704358800,1.09323,1.09437,1.09294,1.09376,10469,0,0
1704362400,1.09376,1.09563,1.09346,1.09534,12145,0,0
1704366000,1.09534,1.09691,1.09452,1.09676,11493,0,0
1704369600,1.09677,1.09723,1.09543,1.09557,9084,0,0
1704373200,1.09556,1.09579,1.09462,1.09479,6295,0,0
1704376800,1.0948,1.0956,1.09466,1.09523,8958,0,0
1704380400,1.09523,1.09554,1.09326,1.09471,20536,0,0
1704384000,1.09471,1.09508,1.09382,1.09454,18528,0,0
1704387600,1.09453,1.09654,1.0945,1.09552,19518,0,0
1704391200,1.09552,1.0964,1.0954,1.09561,11721,0,0
1704394800,1.09561,1.09599,1.09416,1.09505,11035,1,0
1704398400,1.09505,1.09545,1.09459,1.09469,8313,1,0
1704402000,1.09469,1.095,1.09432,1.09469,6531,1,0
1704405600,1.09468,1.09494,1.09428,1.0949200000000001,6061,1,0
1704409200,1.09485,1.09495,1.09429,1.09435,2689,1,0
1704412800,1.09443,1.095,1.09405,1.09471,6166,4,0
1704416400,1.09473,1.09488,1.09433,1.09463,1260,2,0
1704420000,1.09462,1.09516,1.09442,1.09508,3547,3,0
1704423600,1.09508,1.09559,1.09499,1.09516,4632,3,0
1704427200,1.09516,1.09541,1.09464,1.09468,2630,3,0
1704430800,1.09467,1.09474,1.09389,1.09392,3429,3,0
1704434400,1.09391,1.09413,1.0936,1.09371,2435,3,0
1704438000,1.09371,1.09381,1.09338,1.09373,3329,3,0
1704441600,1.09374,1.09374,1.09245,1.09279,6422,1,0
1704445200,1.09279,1.09336,1.09225,1.09234,8032,0,0
1704448800,1.09233,1.09259,1.09034,1.09077,9933,0,0
1704452400,1.09076,1.09306,1.09027,1.09128,10028,0,0
1704456000,1.09128,1.09139,1.09037,1.09128,7124,0,0
1704459600,1.09128,1.09176,1.091,1.09142,5106,0,0
1704463200,1.09143,1.09209,1.0913599999999999,1.09177,8088,0,0
1704466800,1.09177,1.09281,1.08769,1.09215,35389,0,0
1704470400,1.09217,1.0955,1.09216,1.09495,33238,0,0
1704474000,1.09496,1.09988,1.09496,1.09783,42236,0,0
1704477600,1.09783,1.09808,1.09528,1.09561,19645,0,0
1704481200,1.0956,1.09565,1.09429,1.09462,16332,1,0
1704484800,1.09461,1.09563,1.09352,1.0954,12942,1,0
1704488400,1.0954,1.09598,1.09429,1.09452,10517,1,0
1704492000,1.09452,1.09473,1.09353,1.09393,8195,1,0
1704495600,1.09386,1.09417,1.09363,1.09408,2920,0,0
1704672000,1.09331,1.09453,1.09326,1.09445,787,8,0
1704675600,1.09448,1.09462,1.09346,1.09415,2591,1,0
1704679200,1.09415,1.09493,1.09399,1.09484,2747,3,0
1704682800,1.09483,1.0953,1.09468,1.09479,4238,3,0
1704686400,1.09479,1.09479,1.09359,1.09371,3166,3,0
1704690000,1.09371,1.09393,1.0931,1.0933,3494,3,0
1704693600,1.09329,1.09373,1.09303,1.0934,2696,0,0
1704697200,1.0934,1.09376,1.09317,1.09375,3434,3,0
1704700800,1.09375,1.09467,1.09361,1.09455,4756,1,0
1704704400,1.09455,1.09523,1.09394,1.09453,9541,0,0
1704708000,1.09453,1.09455,1.09294,1.09338,10842,0,0
1704711600,1.09338,1.09425,1.09225,1.0937000000000001,8819,0,0
1704715200,1.09374,1.09436,1.09342,1.09425,7703,0,0
1704718800,1.09425,1.09508,1.09368,1.0937999999999999,7859,0,0
1704722400,1.0937999999999999,1.09484,1.09372,1.09449,9422,0,0
1704726000,1.09449,1.09564,1.09425,1.09508,14604,0,0
1704729600,1.09508,1.09628,1.0949200000000001,1.09601,18929,0,0
1704733200,1.09601,1.09748,1.09552,1.09697,16412,0,0
1704736800,1.09698,1.09789,1.09681,1.09754,13830,0,0
1704740400,1.09754,1.09788,1.09622,1.09646,10457,1,0
1704744000,1.09646,1.09659,1.09487,1.09554,8203,1,0
1704747600,1.09554,1.09629,1.09529,1.0961,7106,1,0
1704751200,1.0961,1.0961,1.09491,1.09539,8421,0,0
1704754800,1.09538,1.09558,1.0949200000000001,1.09496,3354,0,0
1704758400,1.09525,1.0955,1.0945,1.09512,4659,3,0
1704762000,1.09508,1.09527,1.09493,1.09496,1489,1,0
1704765600,1.09496,1.09593,1.09491,1.09551,4462,3,0
1704769200,1.09551,1.09619,1.09513,1.0961400000000001,5084,3,0
1704772800,1.09615,1.09649,1.09605,1.09627,4184,3,0
1704776400,1.09627,1.09664,1.09605,1.09627,3208,3,0
1704780000,1.09628,1.0963,1.09532,1.0956,3255,3,0
1704783600,1.09561,1.09563,1.09477,1.09498,3669,0,0
1704787200,1.09496,1.09551,1.09478,1.09503,6992,1,0
1704790800,1.09503,1.0963,1.09458,1.09566,8581,0,0
1704794400,1.09566,1.09568,1.09388,1.095,9553,0,0
1704798000,1.095,1.09507,1.0937999999999999,1.0944099999999999,8601,0,0
1704801600,1.09442,1.09482,1.09324,1.09355,7889,0,0
1704805200,1.09355,1.0936,1.09286,1.09314,6657,0,0
1704808800,1.09314,1.09418,1.09286,1.09405,11352,0,0
1704812400,1.09406,1.09469,1.09328,1.09462,17469,0,0
1704816000,1.09462,1.09514,1.09379,1.09455,18913,0,0
1704819600,1.09454,1.09469,1.09175,1.09179,18678,0,0
1704823200,1.0918,1.09353,1.09101,1.09343,14479,0,0
1704826800,1.09344,1.09391,1.093,1.09341,11932,1,0
1704830400,1.0934,1.09404,1.09221,1.09243,12340,1,0
1704834000,1.09242,1.09287,1.09198,1.09252,8066,1,0
1704837600,1.09253,1.09299,1.09247,1.09273,8238,1,0
1704841200,1.09274,1.0930900000000001,1.09269,1.09305,2558,1,0
1704844800,1.09305,1.09305,1.09231,1.09286,3016,8,0
1704848400,1.09288,1.09329,1.09281,1.09317,1064,2,0
1704852000,1.0931899999999999,1.09364,1.09287,1.09306,3454,3,0
1704855600,1.09306,1.09334,1.0926,1.09321,5055,3,0
1704859200,1.09321,1.0936,1.09314,1.09337,3375,0,0
1704862800,1.09337,1.09359,1.09275,1.09292,3729,3,0
1704866400,1.09292,1.09329,1.09285,1.0931899999999999,2283,3,0
1704870000,1.0932,1.09342,1.09301,1.09322,2645,0,0
1704873600,1.09321,1.09335,1.09234,1.09244,5961,1,0
1704877200,1.09245,1.09454,1.09245,1.09263,11422,0,0
1704880800,1.09263,1.09449,1.09228,1.09434,11067,0,0
1704884400,1.09435,1.09519,1.09415,1.09473,7023,0,0
1704888000,1.09472,1.09549,1.09452,1.0949200000000001,6414,0,0
1704891600,1.09493,1.09555,1.09416,1.0946,5987,0,0
1704895200,1.0946,1.09507,1.09429,1.0944099999999999,8356,0,0
1704898800,1.0944,1.09521,1.09403,1.09404,12304,0,0
1704902400,1.09403,1.09417,1.09318,1.094,14330,0,0
1704906000,1.09398,1.09692,1.09354,1.09671,17838,0,0
1704909600,1.09671,1.09692,1.09523,1.0959,12171,0,0
1704913200,1.09591,1.09681,1.09579,1.0967,8925,0,0
1704916800,1.09671,1.09699,1.09592,1.09692,8274,1,0
1704920400,1.09692,1.0971,1.09666,1.09702,5315,0,0
1704924000,1.09703,1.0973,1.09613,1.09655,11414,1,0
1704927600,1.09648,1.09726,1.09641,1.09718,3141,1,0
1704931200,1.09716,1.09727,1.09659,1.09727,4534,3,0
1704934800,1.0973,1.09747,1.09709,1.0974,1213,2,0
1704938400,1.0974,1.09788,1.09728,1.09777,2982,0,0
1704942000,1.09778,1.09802,1.0975,1.09787,4457,3,0
1704945600,1.09787,1.09849,1.09769,1.0977999999999999,4469,3,0
1704949200,1.0977999999999999,1.09811,1.09769,1.09803,2564,3,0
1704952800,1.09803,1.09828,1.09773,1.09777,2818,3,0
1704956400,1.09777,1.09814,1.09754,1.09782,3167,3,0
1704960000,1.09781,1.09886,1.09743,1.0985800000000001,5735,1,0
1704963600,1.0985800000000001,1.09868,1.09773,1.09789,6310,0,0
1704967200,1.09789,1.09815,1.09717,1.09751,8118,0,0
1704970800,1.09751,1.09753,1.09589,1.09638,8427,0,0
1704974400,1.09637,1.09698,1.09587,1.09688,6997,0,0
1704978000,1.09688,1.09825,1.09674,1.09788,6860,0,0
1704981600,1.09787,1.09906,1.09761,1.0984,8686,0,0
1704985200,1.0984,1.10004,1.09354,1.094,36577,0,0
1704988800,1.094,1.0973600000000001,1.09312,1.0954,37698,0,0
1704992400,1.0954,1.0963,1.09299,1.09465,33214,0,0
1704996000,1.09466,1.09576,1.09364,1.09422,21959,0,0
1704999600,1.09423,1.09545,1.09412,1.09509,17703,1,0
1705003200,1.09508,1.09663,1.09497,1.09648,14009,1,0
1705006800,1.09648,1.0983,1.09647,1.0982,13766,1,0
1705010400,1.09821,1.09825,1.09561,1.09705,13504,1,0
1705014000,1.09706,1.09745,1.09694,1.09716,3891,1,0
1705017600,1.0962,1.09743,1.09613,1.09728,4427,3,0
1705021200,1.09725,1.09828,1.09705,1.09823,2431,3,0
1705024800,1.09823,1.09849,1.09741,1.09755,4290,3,0
1705028400,1.09755,1.09843,1.09725,1.09826,5085,3,0
1705032000,1.09825,1.09854,1.0977999999999999,1.09796,4503,3,0
1705035600,1.09795,1.09828,1.09769,1.09776,2414,0,0
1705039200,1.09775,1.09776,1.09729,1.09755,2666,3,0
1705042800,1.09755,1.09802,1.09735,1.09754,3437,3,0
1705046400,1.09755,1.09787,1.09727,1.09757,3558,1,0
1705050000,1.09758,1.09779,1.09609,1.0966,10182,0,0
1705053600,1.09662,1.09829,1.0965,1.09751,10085,0,0
1705057200,1.09752,1.09799,1.0961,1.09626,8765,0,0
1705060800,1.09625,1.09641,1.09567,1.09599,6567,0,0
1705064400,1.09599,1.09621,1.09465,1.09496,7539,0,0
1705068000,1.09496,1.0952,1.09368,1.09379,12674,0,0
1705071600,1.0937999999999999,1.09696,1.09358,1.09552,28183,0,0
1705075200,1.09552,1.09851,1.09526,1.09756,25511,0,0
1705078800,1.09757,1.09871,1.09622,1.09662,21979,0,0
1705082400,1.09663,1.0974,1.09581,1.09581,14924,0,0
1705086000,1.0958,1.0959,1.09468,1.09496,12537,1,0
1705089600,1.09496,1.0959699999999999,1.09489,1.09594,7820,1,0
1705093200,1.09592,1.09636,1.09536,1.0956,6261,1,0
1705096800,1.09559,1.09565,1.0950199999999999,1.09505,6395,1,0
1705100400,1.09507,1.09521,1.09474,1.09497,3786,2,0
1705276800,1.09472,1.09503,1.09429,1.09498,2200,8,0
1705280400,1.09506,1.09506,1.09438,1.09451,2125,2,0
1705284000,1.09451,1.0954,1.09406,1.09536,5992,3,0
1705287600,1.09536,1.09561,1.0949200000000001,1.09546,4821,3,0
1705291200,1.09547,1.09655,1.09547,1.09648,4603,0,0
1705294800,1.09648,1.0967500000000001,1.09632,1.09641,3500,2,0
1705298400,1.09641,1.09645,1.09583,1.09628,2876,0,0
1705302000,1.09628,1.0966,1.09606,1.09639,2783,0,0
1705305600,1.0964,1.09666,1.09621,1.09636,3566,0,0
1705309200,1.09637,1.09664,1.09515,1.09535,8736,0,0
1705312800,1.09538,1.09651,1.09537,1.09581,8100,0,0
1705316400,1.09581,1.0959,1.0943,1.09467,7495,0,0
1705320000,1.09467,1.09467,1.09335,1.09401,7348,0,0
1705323600,1.09402,1.0949,1.09399,1.09455,5536,0,0
1705327200,1.09454,1.09592,1.09436,1.09538,12535,0,0
1705330800,1.09538,1.09543,1.09442,1.09506,10540,0,0
1705334400,1.09506,1.09521,1.09385,1.09435,9956,0,0
1705338000,1.09434,1.09511,1.09379,1.09498,10018,0,0
1705341600,1.09497,1.09526,1.09465,1.09473,6386,0,0
1705345200,1.09473,1.09525,1.09461,1.09482,3746,1,0
1705348800,1.09482,1.0953,1.09476,1.09528,1303,0,0
1705352400,1.09528,1.09536,1.09497,1.09505,1455,0,0
1705356000,1.09506,1.09521,1.09489,1.09519,991,0,0
1705359600,1.09512,1.09516,1.09461,1.09482,1853,0,0
1705363200,1.09468,1.09503,1.09422,1.09496,4114,3,0
1705366800,1.09495,1.0951,1.09446,1.09449,2082,1,0
1705370400,1.09449,1.09463,1.09189,1.09198,7476,3,0
1705374000,1.0919699999999999,1.09316,1.09152,1.09275,10303,3,0
1705377600,1.09277,1.09277,1.09213,1.09239,4994,0,0
1705381200,1.09239,1.09255,1.09159,1.09188,4608,0,0
1705384800,1.09188,1.092,1.09131,1.09173,3663,3,0
1705388400,1.09174,1.09187,1.09122,1.0915300000000001,4658,3,0
1705392000,1.0915300000000001,1.09217,1.09125,1.09171,6444,1,0
1705395600,1.09173,1.09267,1.09085,1.09185,10600,0,0
1705399200,1.09185,1.09235,1.08941,1.09048,15485,0,0
1705402800,1.09047,1.09047,1.08839,1.08862,11699,0,0
1705406400,1.08862,1.08895,1.08792,1.08813,8374,0,0
1705410000,1.08811,1.08948,1.08737,1.08924,8381,0,0
1705413600,1.08924,1.08934,1.08835,1.08862,10470,0,0
1705417200,1.08862,1.08981,1.08714,1.08742,23655,0,0
1705420800,1.08743,1.08893,1.0866500000000001,1.08725,23144,0,0
1705424400,1.08723,1.08885,1.08655,1.08858,17595,0,0
1705428000,1.08858,1.08946,1.08619,1.08808,30800,0,0
1705431600,1.08808,1.08829,1.08626,1.0863,16303,1,0
1705435200,1.0863,1.08772,1.08627,1.087,11195,1,0
1705438800,1.087,1.0875,1.08678,1.0873599999999999,7252,1,0
1705442400,1.0873599999999999,1.08758,1.08699,1.08714,6085,1,0
1705446000,1.08714,1.08771,1.08704,1.08748,2092,0,0
1705449600,1.08743,1.08773,1.0862,1.08747,5269,8,0
1705453200,1.08764,1.0878700000000001,1.08754,1.08784,1072,2,0
1705456800,1.08782,1.0879,1.08721,1.08778,3641,0,0
1705460400,1.08777,1.08822,1.08731,1.08773,5139,3,0
1705464000,1.08773,1.08846,1.0873599999999999,1.08747,4717,3,0
1705467600,1.08747,1.08749,1.08649,1.08662,4429,3,0
1705471200,1.08662,1.08711,1.08644,1.08708,3055,0,0
1705474800,1.08708,1.08722,1.0860400000000001,1.08649,5898,3,0
1705478400,1.08649,1.0865,1.0855299999999999,1.08623,8482,1,0
1705482000,1.08621,1.08738,1.08587,1.08701,13996,0,0
1705485600,1.08701,1.08817,1.08662,1.08668,12054,0,0
1705489200,1.08667,1.08788,1.0861,1.08766,9183,0,0
1705492800,1.08765,1.0884,1.08671,1.08718,9330,0,0
1705496400,1.08718,1.08832,1.08698,1.08786,6883,0,0
1705500000,1.08786,1.08815,1.08693,1.08742,8611,0,0
1705503600,1.08742,1.0878700000000001,1.08514,1.08637,23088,0,0
1705507200,1.08638,1.08705,1.08475,1.08489,19736,0,0
1705510800,1.08489,1.08711,1.08444,1.0849,20780,0,0
1705514400,1.0849,1.08647,1.08475,1.08573,15683,0,0
1705518000,1.08574,1.08701,1.08566,1.0867,12679,1,0
1705521600,1.0867,1.0867499999999999,1.08562,1.08656,11586,1,0
1705525200,1.08658,1.08788,1.08656,1.08739,8603,1,0
1705528800,1.08739,1.0882,1.08701,1.08809,6476,1,0
1705532400,1.08802,1.08827,1.08799,1.08823,2133,1,0
1705536000,1.08814,1.08834,1.08792,1.08815,4629,8,0
1705539600,1.08817,1.08863,1.08812,1.08863,2101,3,0
1705543200,1.08863,1.08943,1.08799,1.08939,5010,3,0
1705546800,1.08941,1.09008,1.0892,1.0896,9158,3,0
1705550400,1.08962,1.09027,1.08927,1.08932,4357,3,0
1705554000,1.08932,1.08981,1.08903,1.0895299999999999,4675,3,0
1705557600,1.08952,1.08963,1.0890900000000001,1.08941,3142,3,0
1705561200,1.08941,1.08963,1.089,1.08948,4217,3,0
1705564800,1.08947,1.09069,1.08944,1.09041,7692,1,0
1705568400,1.09041,1.09066,1.08865,1.08883,8794,0,0
1705572000,1.08883,1.0889,1.08775,1.08798,9127,0,0
1705575600,1.08798,1.08995,1.08767,1.08846,8826,0,0
1705579200,1.08845,1.08961,1.08829,1.0895,6217,0,0
1705582800,1.0895,1.08954,1.08847,1.0889199999999999,5897,0,0
1705586400,1.0889199999999999,1.08941,1.08744,1.08776,10188,0,0
1705590000,1.08776,1.08778,1.08503,1.08524,22248,0,0
1705593600,1.08524,1.08692,1.08491,1.08596,23144,0,0
1705597200,1.08596,1.08682,1.08465,1.08522,21199,0,0
1705600800,1.08522,1.08702,1.08503,1.08618,14082,0,0
1705604400,1.08617,1.08646,1.08499,1.08596,12185,1,0
1705608000,1.08596,1.08658,1.0854,1.08636,10332,1,0
1705611600,1.08637,1.08693,1.08601,1.08617,8867,1,0
1705615200,1.08617,1.08695,1.08605,1.08684,6661,1,0
1705618800,1.08683,1.08771,1.0867499999999999,1.08757,3242,0,0
1705622400,1.0876,1.08762,1.08591,1.08731,4437,3,0
1705626000,1.0874,1.08805,1.0874,1.08799,2025,1,0
1705629600,1.08799,1.08819,1.08774,1.08798,3216,3,0
1705633200,1.08798,1.08872,1.0876,1.08855,4891,3,0
1705636800,1.08855,1.08895,1.08824,1.08879,4514,0,0
1705640400,1.08881,1.08893,1.08852,1.08889,2513,3,0
1705644000,1.08889,1.08893,1.08851,1.08863,1415,0,0
1705647600,1.08863,1.08873,1.08793,1.08808,3961,3,0
1705651200,1.08808,1.08824,1.08755,1.0881,5419,1,0
1705654800,1.08811,1.08864,1.08742,1.08794,9058,0,0
1705658400,1.08795,1.08819,1.0868,1.08773,7640,0,0
1705662000,1.08772,1.08849,1.08714,1.08829,7609,0,0
1705665600,1.08829,1.08851,1.0873,1.0881,5976,0,0
1705669200,1.0881,1.08931,1.08791,1.08872,5191,0,0
1705672800,1.08871,1.08882,1.08799,1.08826,6902,0,0
1705676400,1.08826,1.08896,1.08753,1.08803,12897,0,0
1705680000,1.08804,1.08838,1.08654,1.08807,16014,0,0
1705683600,1.08813,1.08905,1.08699,1.08825,21541,0,0
1705687200,1.08824,1.08881,1.08806,1.08864,11922,0,0
1705690800,1.08864,1.08935,1.088,1.08897,11468,1,0
1705694400,1.08896,1.08965,1.08855,1.0892,6799,1,0
1705698000,1.08922,1.08949,1.08879,1.08923,7626,1,0
1705701600,1.08924,1.08958,1.08897,1.08943,5621,1,0
1705705200,1.08942,1.08974,1.0893,1.08968,4139,4,0
1705881600,1.08898,1.08947,1.08832,1.0892,6545,8,0
1705885200,1.08928,1.08979,1.08904,1.08919,2859,3,0
1705888800,1.08919,1.09016,1.0891,1.09011,4095,3,0
1705892400,1.0901,1.0905,1.08986,1.09018,4667,3,0
1705896000,1.09018,1.09093,1.08994,1.09072,4259,0,0
1705899600,1.09072,1.09077,1.09011,1.09019,2920,3,0
1705903200,1.09019,1.09046,1.09006,1.09029,2488,0,0
1705906800,1.09028,1.09046,1.08979,1.09015,3869,3,0
1705910400,1.09015,1.09096,1.09011,1.09049,6109,1,0
1705914000,1.09049,1.09081,1.08974,1.08977,7761,0,0
1705917600,1.08977,1.09009,1.08871,1.08918,9419,0,0
1705921200,1.08918,1.09023,1.08899,1.0897000000000001,6267,0,0
1705924800,1.0897000000000001,1.08971,1.08858,1.0887,5982,0,0
1705928400,1.0887,1.08906,1.08816,1.08899,6205,0,0
1705932000,1.08899,1.08994,1.08879,1.08926,10326,0,0
1705935600,1.08925,1.08954,1.08797,1.08917,14288,0,0
1705939200,1.08917,1.08964,1.0885,1.08897,13293,0,0
1705942800,1.08897,1.08983,1.08824,1.08853,13615,0,0
1705946400,1.08853,1.08945,1.08816,1.08939,8827,0,0
1705950000,1.08939,1.09,1.08903,1.08961,8180,1,0
1705953600,1.08961,1.08965,1.08837,1.08899,9218,1,0
1705957200,1.08899,1.0891,1.08801,1.0884800000000001,8130,1,0
1705960800,1.0884800000000001,1.08856,1.08801,1.08833,4669,1,0
1705964400,1.08834,1.08843,1.08807,1.0882,1917,0,0
1705968000,1.08816,1.08845,1.08784,1.08816,7906,0,0
1705971600,1.08816,1.08823,1.08766,1.08773,5072,1,0
1705975200,1.08773,1.0884,1.08756,1.0883,2642,0,0
1705978800,1.08829,1.08886,1.08765,1.08883,4315,3,0
1705982400,1.08883,1.0894,1.08847,1.08873,7566,3,0
1705986000,1.08874,1.0895,1.08851,1.08927,6424,3,0
1705989600,1.08925,1.08987,1.08914,1.08983,3316,3,0
1705993200,1.08983,1.0908,1.08966,1.09068,5168,3,0
1705996800,1.09068,1.09142,1.09013,1.0914,9276,1,0
1706000400,1.0914,1.09162,1.09038,1.09083,11968,0,0
1706004000,1.09083,1.09107,1.08924,1.0895,9546,0,0
1706007600,1.08952,1.08952,1.08836,1.08875,8761,0,0
1706011200,1.08875,1.08883,1.08673,1.08695,8397,0,0
1706014800,1.08696,1.08722,1.08601,1.08664,7623,0,0
1706018400,1.0866500000000001,1.08734,1.08602,1.08636,11179,0,0
1706022000,1.08637,1.08761,1.08637,1.08742,12375,0,0
1706025600,1.08742,1.08742,1.08483,1.08528,17065,0,0
1706029200,1.08528,1.08583,1.08215,1.08311,19039,0,0
1706032800,1.08311,1.08396,1.08254,1.08283,14609,0,0
1706036400,1.08282,1.08357,1.08241,1.08315,11226,1,0
1706040000,1.08314,1.08394,1.08302,1.08371,9203,1,0
1706043600,1.08371,1.08478,1.08357,1.08452,7080,1,0
1706047200,1.08452,1.085,1.08434,1.0849,5058,1,0
1706050800,1.08491,1.08555,1.08474,1.08542,3008,1,0
1706054400,1.08547,1.08547,1.0841,1.08533,2593,3,0
1706058000,1.08534,1.08593,1.08531,1.08572,1575,1,0
1706061600,1.08572,1.086,1.08549,1.08559,2773,0,0
1706065200,1.08558,1.08593,1.08512,1.08579,4756,3,0
1706068800,1.08578,1.08583,1.0853,1.08569,3489,3,0
1706072400,1.08569,1.08615,1.08565,1.08589,3056,3,0
1706076000,1.08589,1.08662,1.08578,1.08641,2894,0,0
1706079600,1.08641,1.08644,1.0859,1.08616,3864,3,0
1706083200,1.08617,1.08666,1.08605,1.08633,5073,1,0
1706086800,1.08632,1.08795,1.08602,1.08734,9325,0,0
1706090400,1.08735,1.08804,1.08626,1.087,13059,0,0
1706094000,1.087,1.09078,1.08697,1.09028,12347,0,0
1706097600,1.09027,1.09049,1.08931,1.08979,8346,0,0
1706101200,1.08979,1.09016,1.0891,1.08927,6817,0,0
1706104800,1.08928,1.08994,1.08873,1.0895,9788,0,0
1706108400,1.08948,1.09274,1.08936,1.09249,16867,0,0
1706112000,1.09249,1.09325,1.09015,1.09035,24692,0,0
1706115600,1.09036,1.09077,1.0893,1.09006,22158,0,0
1706119200,1.09007,1.09055,1.08903,1.09005,16603,0,0
1706122800,1.09004,1.09088,1.08952,1.09052,9583,1,0
1706126400,1.09053,1.09061,1.08902,1.08927,13352,1,0
1706130000,1.08926,1.08933,1.08812,1.08884,9708,1,0
1706133600,1.08885,1.08906,1.0879,1.08794,7386,1,0
1706137200,1.08793,1.08851,1.08769,1.0884,2591,0,0
1706140800,1.0884,1.08863,1.08793,1.08854,1512,3,0
1706144400,1.08854,1.08865,1.0881,1.08811,1580,2,0
1706148000,1.08811,1.08814,1.0872,1.08741,4589,3,0
1706151600,1.0874,1.08788,1.087,1.08775,5465,3,0
1706155200,1.08775,1.08801,1.08748,1.08772,4067,3,0
1706158800,1.08773,1.0882,1.08771,1.08777,2837,0,0
1706162400,1.0878,1.08815,1.08742,1.08754,2332,3,0
1706166000,1.08754,1.08791,1.08746,1.08782,2858,3,0
1706169600,1.08782,1.08868,1.08753,1.08859,5495,1,0
1706173200,1.08858,1.08915,1.08841,1.08878,7494,0,0
1706176800,1.08877,1.08997,1.0883,1.08993,8685,0,0
1706180400,1.08993,1.08998,1.08918,1.08959,7868,0,0
1706184000,1.08959,1.08988,1.08919,1.08931,6382,0,0
1706187600,1.08931,1.0895299999999999,1.08866,1.08949,5288,0,0
1706191200,1.08949,1.08959,1.08855,1.08882,8068,0,0
1706194800,1.08883,1.09021,1.0866500000000001,1.0879,33619,0,0
1706198400,1.0879,1.0879,1.08529,1.08602,34926,0,0
1706202000,1.08603,1.08617,1.0829,1.08318,27402,0,0
1706205600,1.08318,1.08398,1.08239,1.08362,14613,0,0
1706209200,1.08363,1.08519,1.0831,1.08377,16531,1,0
1706212800,1.08379,1.08466,1.08296,1.08299,14119,1,0
1706216400,1.08299,1.08376,1.08213,1.08359,12083,1,0
1706220000,1.08359,1.08405,1.08332,1.08391,6027,1,0
1706223600,1.08393,1.08475,1.08382,1.08455,2792,1,0
1706227200,1.08455,1.08475,1.08356,1.08463,1436,8,0
1706230800,1.08466,1.08477,1.08426,1.08454,2052,0,0
1706234400,1.08452,1.0846,1.08372,1.08398,3425,3,0
1706238000,1.08398,1.08467,1.08388,1.08443,4370,3,0
1706241600,1.08443,1.08489,1.08437,1.08441,3282,3,0
1706245200,1.08441,1.08475,1.08436,1.08449,1876,0,0
1706248800,1.08451,1.08451,1.08379,1.08395,2355,0,0
1706252400,1.08395,1.08439,1.08381,1.08426,3258,3,0
1706256000,1.08426,1.0843,1.08281,1.08293,6416,1,0
1706259600,1.08293,1.08306,1.08128,1.08195,11184,0,0
1706263200,1.08195,1.08421,1.08174,1.08403,9522,0,0
1706266800,1.08403,1.08505,1.08341,1.08442,10043,0,0
1706270400,1.08442,1.08663,1.08441,1.08648,7005,0,0
1706274000,1.08648,1.08762,1.08644,1.08745,7498,0,0
1706277600,1.08745,1.0876,1.08654,1.08671,8912,0,0
1706281200,1.08672,1.08857,1.08561,1.0872,25256,0,0
1706284800,1.08721,1.08804,1.08608,1.0874,19224,0,0
1706288400,1.08737,1.08737,1.08549,1.08641,17702,0,0
1706292000,1.08642,1.08696,1.08588,1.08649,9334,0,0
1706295600,1.08649,1.08706,1.08591,1.08636,9167,1,0
1706299200,1.08636,1.0866,1.08535,1.08557,7751,1,0
1706302800,1.08557,1.08617,1.08551,1.08581,5554,1,0
1706306400,1.08582,1.08624,1.08529,1.08544,4936,1,0
1706310000,1.08537,1.08563,1.08512,1.08533,2700,0,0
1706486400,1.0844,1.08471,1.0838700000000001,1.08435,2355,8,0
1706490000,1.08447,1.08494,1.08418,1.08424,4302,3,0
1706493600,1.08423,1.0845,1.0841,1.08447,4587,3,0
1706497200,1.08446,1.08489,1.0843,1.08439,5076,3,0
1706500800,1.08439,1.08453,1.0839,1.08435,3353,3,0
1706504400,1.08435,1.08467,1.08423,1.0845,2290,0,0
1706508000,1.0845,1.08477,1.08435,1.08447,2068,0,0
1706511600,1.08449,1.08452,1.08393,1.08398,3476,3,0
1706515200,1.08399,1.08474,1.0839,1.08463,4990,1,0
1706518800,1.08463,1.08502,1.0835,1.08372,7924,0,0
1706522400,1.08372,1.08419,1.08331,1.08347,8006,0,0
1706526000,1.08347,1.08358,1.0823,1.08252,7930,0,0
1706529600,1.08252,1.08255,1.08138,1.08191,8073,0,0
1706533200,1.08191,1.08272,1.08163,1.0823,6196,0,0
1706536800,1.0823,1.08369,1.082,1.08222,10564,0,0
1706540400,1.08223,1.08246,1.08136,1.0820400000000001,13422,0,0
1706544000,1.0820400000000001,1.08227,1.0804,1.08072,12668,0,0
1706547600,1.08072,1.08106,1.0796000000000001,1.07975,13781,0,0
1706551200,1.07975,1.0809,1.07957,1.08059,10249,0,0
1706554800,1.08059,1.08161,1.08053,1.08115,8578,1,0
1706558400,1.08114,1.08132,1.08091,1.08114,5310,1,0
1706562000,1.08114,1.082,1.08098,1.08189,5898,1,0
1706565600,1.0819,1.08404,1.08189,1.08312,14829,1,0
1706569200,1.08311,1.08343,1.08259,1.08321,2815,1,0
1706572800,1.08314,1.08337,1.08242,1.08333,3048,8,0
1706576400,1.08335,1.08368,1.08331,1.08337,1427,1,0
1706580000,1.08337,1.08424,1.08335,1.08408,4236,3,0
1706583600,1.08407,1.08407,1.08322,1.08349,5421,3,0
1706587200,1.08348,1.08362,1.08298,1.08337,3402,3,0
1706590800,1.08337,1.08346,1.08299,1.08305,2228,0,0
1706594400,1.08304,1.08336,1.0824,1.08252,2896,3,0
1706598000,1.08254,1.0829,1.08214,1.08223,4141,3,0
1706601600,1.08224,1.0826,1.08137,1.0815,7476,1,0
1706605200,1.08149,1.08245,1.08116,1.08228,8403,0,0
1706608800,1.08229,1.08323,1.08163,1.0822,10920,0,0
1706612400,1.0822,1.08294,1.08177,1.08269,6735,0,0
1706616000,1.0827,1.08405,1.08231,1.08383,6906,0,0
1706619600,1.08384,1.08481,1.08371,1.08418,5808,0,0
1706623200,1.08418,1.085,1.08365,1.08476,9297,0,0
1706626800,1.08476,1.08485,1.0834,1.08346,15128,0,0
1706630400,1.08349,1.08575,1.08294,1.08505,19498,0,0
1706634000,1.08504,1.08568,1.08278,1.08369,28858,0,0
1706637600,1.08369,1.08443,1.08342,1.0843099999999999,13204,0,0
1706641200,1.0843099999999999,1.08474,1.08365,1.08389,10603,1,0
1706644800,1.08389,1.08389,1.08313,1.08358,7772,1,0
1706648400,1.08359,1.08472,1.08354,1.08461,7058,1,0
1706652000,1.0846,1.08486,1.08406,1.08446,6245,1,0
1706655600,1.08439,1.08464,1.08418,1.08451,2842,2,0
1706659200,1.08451,1.08451,1.08366,1.08434,2156,8,0
1706662800,1.08436,1.0845,1.08426,1.08428,1498,0,0
1706666400,1.08429,1.08481,1.08411,1.08427,4123,3,0
1706670000,1.08427,1.08435,1.0831,1.08314,5386,0,0
1706673600,1.08315,1.08315,1.0816,1.08184,9720,3,0
1706677200,1.08181,1.08189,1.08157,1.08185,3079,3,0
1706680800,1.08186,1.08224,1.08179,1.08208,2669,0,0
1706684400,1.08205,1.08221,1.08173,1.08203,2911,3,0
1706688000,1.08203,1.08221,1.08146,1.08156,4224,0,0
1706691600,1.08156,1.08216,1.08061,1.08161,9326,0,0
1706695200,1.08161,1.08262,1.08092,1.0819,11066,0,0
1706698800,1.0819,1.08368,1.08162,1.08223,12218,0,0
1706702400,1.08223,1.08317,1.08214,1.08255,7175,0,0
1706706000,1.08256,1.08404,1.08254,1.08389,5368,0,0
1706709600,1.08389,1.0843099999999999,1.08334,1.0836999999999999,8907,0,0
1706713200,1.0836999999999999,1.08627,1.08342,1.08574,24800,0,0
1706716800,1.08573,1.08867,1.0852,1.08799,25064,0,0
1706720400,1.08799,1.08876,1.08539,1.08612,30755,0,0
1706724000,1.08612,1.0868,1.08447,1.08545,22500,0,0
1706727600,1.08544,1.08546,1.08417,1.08496,12499,1,0
1706731200,1.08496,1.08525,1.08436,1.08461,9919,1,0
1706734800,1.08461,1.08642,1.08159,1.08405,66526,1,0
1706738400,1.08405,1.0842,1.07945,1.08076,31301,0,0
1706742000,1.08069,1.08191,1.08046,1.08174,8427,8,0
1706745600,1.08173,1.08203,1.08076,1.08137,1739,8,0
1706749200,1.08137,1.08172,1.08031,1.0804,2243,0,0
1706752800,1.08039,1.08144,1.08015,1.08081,5558,3,0
1706756400,1.08081,1.08124,1.08042,1.08089,5505,3,0
1706760000,1.08088,1.0822,1.08081,1.08191,5862,3,0
1706763600,1.0819,1.08209,1.08106,1.08116,3473,0,0
1706767200,1.08117,1.08135,1.08048,1.08078,3593,3,0
1706770800,1.08076,1.08077,1.08023,1.08027,4303,3,0
1706774400,1.08028,1.08053,1.07938,1.07963,5760,1,0
1706778000,1.07963,1.07973,1.07836,1.07933,12490,0,0
1706781600,1.07932,1.0794,1.07799,1.07918,12368,0,0
1706785200,1.07918,1.08018,1.07866,1.07987,8887,0,0
1706788800,1.07988,1.08029,1.07915,1.07931,8570,0,0
1706792400,1.07932,1.08134,1.07927,1.08086,7574,0,0
1706796000,1.08086,1.08201,1.08055,1.08153,14641,0,0
1706799600,1.08153,1.08275,1.08087,1.0814,19415,0,0
1706803200,1.08138,1.083,1.08113,1.08266,19429,0,0
1706806800,1.08268,1.08321,1.08059,1.0826500000000001,31869,0,0
1706810400,1.0826500000000001,1.08661,1.08263,1.08643,25992,0,0
1706814000,1.08642,1.08748,1.0860400000000001,1.08728,22122,1,0
1706817600,1.08727,1.08733,1.08626,1.08696,17064,1,0
1706821200,1.08696,1.08749,1.08676,1.08721,12687,1,0
1706824800,1.08721,1.08748,1.0868,1.08716,7623,1,0
1706828400,1.08716,1.08727,1.08672,1.08709,3187,1,0
1706832000,1.0871,1.08742,1.08626,1.08728,1947,4,0
1706835600,1.08731,1.08764,1.08722,1.08742,1561,2,0
1706839200,1.08742,1.08799,1.08713,1.08727,3355,3,0
1706842800,1.08727,1.08759,1.08698,1.08714,4530,3,0
1706846400,1.08714,1.0878700000000001,1.08712,1.08783,3448,3,0
1706850000,1.08784,1.08788,1.08731,1.08767,2461,3,0
1706853600,1.08767,1.08773,1.08717,1.0873,2463,0,0
1706857200,1.08729,1.08825,1.08721,1.08774,4118,3,0
1706860800,1.08774,1.08809,1.08739,1.08758,5274,1,0
1706864400,1.08758,1.08872,1.08742,1.0881,7701,0,0
1706868000,1.08809,1.08904,1.08735,1.08793,7846,0,0
1706871600,1.08793,1.08976,1.08792,1.0890900000000001,6040,0,0
1706875200,1.0890900000000001,1.0895,1.08807,1.08846,5776,0,0
1706878800,1.08846,1.08864,1.08782,1.08836,4950,0,0
1706882400,1.08836,1.08853,1.08775,1.08806,6742,0,0
1706886000,1.08806,1.08863,1.08037,1.08074,29757,0,0
1706889600,1.08072,1.08172,1.07915,1.08091,28201,0,0
1706893200,1.08091,1.08119,1.07831,1.08024,26883,0,0
1706896800,1.08024,1.08039,1.07822,1.07859,16229,0,0
1706900400,1.07863,1.07927,1.07805,1.07835,13457,0,0
1706904000,1.07835,1.07912,1.07803,1.07881,11906,1,0
1706907600,1.07882,1.07957,1.07859,1.07926,8620,1,0
1706911200,1.07926,1.07974,1.07917,1.07931,6674,1,0
1706914800,1.07931,1.07933,1.0784799999999999,1.07858,3243,1,0
1707091200,1.07818,1.07863,1.07799,1.07804,1897,8,0
1707094800,1.07807,1.07837,1.07698,1.07795,5394,3,0
1707098400,1.07796,1.07832,1.0767,1.07725,11884,3,0
1707102000,1.07725,1.07788,1.07684,1.07783,7302,3,0
1707105600,1.0778,1.07811,1.07752,1.07788,4397,0,0
1707109200,1.07788,1.0781,1.07743,1.0779,4056,0,0
1707112800,1.07789,1.078,1.07752,1.07788,2416,0,0
1707116400,1.07789,1.07823,1.07732,1.07819,5113,0,0
1707120000,1.0782,1.0784799999999999,1.07773,1.07778,6622,1,0
1707123600,1.07778,1.07835,1.07727,1.07802,9344,0,0
1707127200,1.07802,1.07862,1.07634,1.07669,10434,0,0
1707130800,1.07669,1.0773,1.07519,1.07538,8266,0,0
1707134400,1.07538,1.07562,1.07473,1.07495,8352,0,0
1707138000,1.07495,1.07588,1.0747,1.07549,6898,0,0
1707141600,1.07549,1.07579,1.07491,1.07495,9183,0,0
1707145200,1.07494,1.07508,1.0735999999999999,1.07375,13685,0,0
1707148800,1.07374,1.07451,1.07351,1.07424,13830,0,0
1707152400,1.0742099999999999,1.0742099999999999,1.07231,1.07253,25045,0,0
1707156000,1.07253,1.07362,1.07244,1.07351,10965,0,0
1707159600,1.07351,1.07429,1.07338,1.07389,10246,1,0
1707163200,1.0739,1.07466,1.07372,1.0744,8350,1,0
1707166800,1.0744,1.07465,1.0742,1.07427,6689,1,0
1707170400,1.07427,1.07443,1.07366,1.07425,7096,0,0
1707174000,1.07426,1.07426,1.07386,1.0742099999999999,2293,1,0
1707177600,1.07408,1.07435,1.0737,1.0743,993,7,0
1707181200,1.07433,1.0743800000000001,1.07407,1.0741,1201,2,0
1707184800,1.0741,1.07453,1.07409,1.07437,2568,3,0
1707188400,1.07437,1.07473,1.07415,1.07453,5452,3,0
1707192000,1.07453,1.0749,1.07435,1.07458,3680,0,0
1707195600,1.07458,1.0749,1.07433,1.0743800000000001,3112,3,0
1707199200,1.0743800000000001,1.07505,1.07433,1.07488,3613,3,0
1707202800,1.07489,1.0754299999999999,1.07485,1.07533,4885,3,0
1707206400,1.07533,1.07535,1.07481,1.07507,5206,1,0
1707210000,1.07505,1.07625,1.07505,1.07519,9778,0,0
1707213600,1.07519,1.07601,1.07452,1.07463,8948,0,0
1707217200,1.07463,1.07475,1.0725500000000001,1.07292,8723,0,0
1707220800,1.07292,1.07365,1.07277,1.07293,4918,0,0
1707224400,1.07292,1.0743,1.07243,1.07386,3582,0,0
1707228000,1.07387,1.07393,1.07225,1.07359,7667,0,0
1707231600,1.07361,1.0744,1.07278,1.07304,10267,0,0
1707235200,1.07304,1.0743800000000001,1.0729,1.07403,10826,0,0
1707238800,1.07404,1.07485,1.07366,1.07433,11809,0,0
1707242400,1.07433,1.07534,1.07388,1.07503,8460,0,0
1707246000,1.07503,1.07552,1.07476,1.0751,7512,1,0
1707249600,1.07509,1.07555,1.07432,1.0754,7094,1,0
1707253200,1.0754,1.07547,1.07466,1.07494,5420,1,0
1707256800,1.07494,1.07574,1.07492,1.07567,3847,1,0
1707260400,1.0756000000000001,1.0756000000000001,1.07516,1.07539,1643,0,0
1707264000,1.07536,1.07556,1.07468,1.07539,2545,4,0
1707267600,1.07542,1.07568,1.07542,1.07566,618,0,0
1707271200,1.07567,1.07594,1.07557,1.07588,1315,0,0
1707274800,1.07589,1.0765,1.07586,1.07633,2991,3,0
1707278400,1.07631,1.0766,1.07614,1.07635,2606,3,0
1707282000,1.07634,1.0766499999999999,1.07583,1.07586,2167,0,0
1707285600,1.07585,1.07601,1.07566,1.0759,1930,3,0
1707289200,1.07592,1.07647,1.07578,1.07626,2799,3,0
1707292800,1.07626,1.07657,1.07566,1.07611,4187,1,0
1707296400,1.07611,1.07728,1.07608,1.07725,5815,0,0
1707300000,1.0772599999999999,1.07736,1.07603,1.07628,5299,0,0
1707303600,1.07628,1.0771,1.07578,1.07693,4175,0,0
1707307200,1.07693,1.07709,1.07627,1.07642,4443,0,0
1707310800,1.07642,1.0774,1.07623,1.0771,4160,0,0
1707314400,1.07711,1.07753,1.07659,1.07737,6813,0,0
1707318000,1.07737,1.07841,1.07667,1.07701,9271,0,0
1707321600,1.07701,1.0778,1.07653,1.07714,12121,0,0
1707325200,1.07715,1.078,1.07556,1.07565,13123,0,0
1707328800,1.07565,1.07715,1.0756000000000001,1.07678,10024,0,0
1707332400,1.07677,1.07679,1.07591,1.07648,7049,1,0
1707336000,1.07647,1.07737,1.07643,1.07711,6758,1,0
1707339600,1.07711,1.07755,1.07697,1.07719,4035,1,0
1707343200,1.07719,1.07743,1.07707,1.07727,3254,1,0
1707346800,1.07721,1.07743,1.07709,1.07711,2020,1,0
1707350400,1.07711,1.07737,1.076,1.0771,1157,8,0
1707354000,1.07719,1.07769,1.07719,1.07754,1148,2,0
1707357600,1.07755,1.07795,1.07744,1.07779,1661,1,0
1707361200,1.07778,1.078,1.07748,1.07785,2540,3,0
1707364800,1.07785,1.07832,1.0778,1.07827,2073,3,0
1707368400,1.07827,1.07849,1.07813,1.07822,1445,0,0
1707372000,1.07823,1.07885,1.07793,1.07798,2519,1,0
1707375600,1.07797,1.07842,1.07783,1.07826,2634,3,0
1707379200,1.07825,1.07865,1.07808,1.0784,3390,1,0
1707382800,1.0784,1.07889,1.07768,1.07802,5395,0,0
1707386400,1.07802,1.07841,1.07684,1.07773,5711,0,0
1707390000,1.07773,1.07843,1.07735,1.0783,4757,0,0
1707393600,1.0783,1.07856,1.07712,1.07718,3840,0,0
1707397200,1.07717,1.07731,1.07611,1.0763,3990,0,0
1707400800,1.0763,1.07637,1.075,1.07568,8183,0,0
1707404400,1.07569,1.07622,1.07414,1.07439,12231,0,0
1707408000,1.07437,1.07676,1.07433,1.0765,9830,0,0
1707411600,1.07651,1.07677,1.07515,1.0761,11256,0,0
1707415200,1.0761,1.07741,1.07601,1.07733,6586,0,0
1707418800,1.07733,1.07767,1.07711,1.07734,5553,1,0
1707422400,1.07734,1.07828,1.0773,1.07767,6563,1,0
1707426000,1.07766,1.0778699999999999,1.07724,1.07748,7284,1,0
1707429600,1.07749,1.07799,1.07746,1.07778,3292,1,0
1707433200,1.07771,1.07783,1.07752,1.07769,1637,0,0
1707436800,1.07771,1.0778699999999999,1.07722,1.0776,1312,8,0
1707440400,1.07762,1.0778,1.07736,1.07776,1141,1,0
1707444000,1.07775,1.0778699999999999,1.07721,1.07728,1648,0,0
1707447600,1.07729,1.0778699999999999,1.07727,1.07742,2138,0,0
1707451200,1.07742,1.07783,1.0773,1.07761,2116,0,0
1707454800,1.07759,1.07775,1.07699,1.07708,2232,0,0
1707458400,1.07709,1.07729,1.07692,1.07711,1318,0,0
1707462000,1.0771,1.07738,1.07694,1.0771,1378,0,0
1707465600,1.0771,1.07756,1.07699,1.07746,2214,0,0
1707469200,1.07746,1.07828,1.07742,1.07802,4892,0,0
1707472800,1.07802,1.0784799999999999,1.07724,1.07727,5418,0,0
1707476400,1.07727,1.07769,1.07661,1.07671,5370,0,0
1707480000,1.07671,1.07703,1.07622,1.07669,5058,0,0
1707483600,1.07669,1.07733,1.07634,1.07717,5908,1,0
1707487200,1.07717,1.07766,1.07628,1.07674,7403,0,0
1707490800,1.07674,1.07946,1.07651,1.0783,17107,0,0
1707494400,1.07828,1.07953,1.07749,1.07817,12851,0,0
1707498000,1.07817,1.0789900000000001,1.07798,1.07864,9752,0,0
1707501600,1.07864,1.07882,1.07796,1.07816,6264,0,0
1707505200,1.07816,1.07869,1.07789,1.07855,3868,2,0
1707508800,1.07855,1.0791,1.07853,1.07866,4011,2,0
1707512400,1.07865,1.07879,1.07812,1.07824,2608,2,0
1707516000,1.07825,1.0788,1.07796,1.07862,2725,2,0
1707519600,1.07851,1.07879,1.07825,1.07844,909,0,0
1707696000,1.07785,1.07861,1.07775,1.0783800000000001,829,11,0
1707699600,1.07843,1.07983,1.07843,1.07977,4056,4,0
1707703200,1.07978,1.07998,1.07962,1.07984,2397,4,0
1707706800,1.07986,1.07987,1.07933,1.07956,1665,0,0
1707710400,1.07956,1.07979,1.07927,1.07947,1462,0,0
1707714000,1.07947,1.07969,1.0790899999999999,1.07916,1789,0,0
1707717600,1.07917,1.07941,1.07891,1.07904,1318,0,0
1707721200,1.07903,1.07946,1.07897,1.07916,6354,0,0
1707724800,1.07916,1.07931,1.07897,1.07914,2865,0,0
1707728400,1.07914,1.08058,1.07892,1.08033,6451,1,0
1707732000,1.08033,1.08033,1.07741,1.07755,9687,1,0
1707735600,1.07754,1.07782,1.07668,1.07691,6989,1,0
1707739200,1.07692,1.07791,1.07669,1.07765,6991,1,0
1707742800,1.07767,1.0778,1.0763,1.07693,6886,1,0
1707746400,1.07694,1.07737,1.07649,1.07698,7134,0,0
1707750000,1.07699,1.07739,1.07609,1.07638,8901,0,0
1707753600,1.07639,1.07741,1.0763,1.07722,8474,0,0
1707757200,1.07722,1.0772599999999999,1.07557,1.07676,8668,0,0
1707760800,1.07676,1.07776,1.07651,1.07732,7787,0,0
1707764400,1.07731,1.07824,1.0772599999999999,1.07824,6244,2,0
1707768000,1.07821,1.07863,1.07802,1.07812,5685,2,0
1707771600,1.07812,1.0783,1.07678,1.07693,5537,2,0
1707775200,1.07693,1.07751,1.07691,1.07741,4767,2,0
1707778800,1.0773,1.07749,1.07691,1.07695,780,0,0
1707782400,1.07712,1.07741,1.0763,1.07714,907,0,0
1707786000,1.07719,1.07731,1.07704,1.0771600000000001,857,0,0
1707789600,1.07717,1.0773,1.07669,1.0772599999999999,1477,0,0
1707793200,1.07728,1.07744,1.07654,1.07667,1450,0,0
1707796800,1.07666,1.07669,1.07618,1.0764,1628,0,0
1707800400,1.07641,1.07647,1.0760399999999999,1.07617,1701,0,0
1707804000,1.07618,1.07644,1.0761,1.07636,1051,0,0
1707807600,1.07635,1.07678,1.07631,1.07666,1693,4,0
1707811200,1.07667,1.07724,1.07658,1.07704,2560,0,0
1707814800,1.07705,1.07778,1.07657,1.07713,8744,1,0
1707818400,1.07713,1.07748,1.0762,1.07676,8340,1,0
1707822000,1.07676,1.07696,1.07566,1.07668,8266,1,0
1707825600,1.07669,1.07763,1.07661,1.07722,7395,1,0
1707829200,1.07724,1.07819,1.07718,1.07779,6704,1,0
1707832800,1.07778,1.07867,1.0776,1.07855,7003,0,0
1707836400,1.07855,1.07977,1.07028,1.07086,22614,0,0
1707840000,1.07086,1.0723799999999999,1.07002,1.07179,18705,0,0
1707843600,1.0718,1.07269,1.07059,1.07168,13713,0,0
1707847200,1.07168,1.07223,1.07126,1.07192,8356,0,0
1707850800,1.07192,1.07203,1.0712,1.07152,6078,2,0
1707854400,1.07153,1.07202,1.07073,1.0708199999999999,5311,2,0
1707858000,1.07081,1.07083,1.07003,1.07012,6324,2,0
1707861600,1.0701100000000001,1.07101,1.07005,1.0707200000000001,4357,2,0
1707865200,1.0706,1.07093,1.07056,1.07084,959,0,0
1707868800,1.07083,1.07114,1.07059,1.07093,941,11,0
1707872400,1.07098,1.07109,1.07075,1.0708199999999999,1029,0,0
1707876000,1.0708199999999999,1.07144,1.07059,1.07076,1948,0,0
1707879600,1.07077,1.0712,1.0703,1.07115,2732,0,0
1707883200,1.07114,1.07139,1.07086,1.07094,2012,4,0
1707886800,1.07095,1.07137,1.07079,1.07123,1628,0,0
1707890400,1.07123,1.07146,1.07092,1.07142,1670,0,0
1707894000,1.07142,1.07148,1.07114,1.07138,1568,0,0
1707897600,1.07139,1.07188,1.07138,1.07163,3060,2,0
1707901200,1.07163,1.07174,1.0705,1.07076,9300,1,0
1707904800,1.07076,1.07084,1.06945,1.07025,10951,1,0
1707908400,1.07023,1.0706,1.06961,1.07003,7651,1,0
1707912000,1.07002,1.07045,1.06962,1.07033,6437,1,0
1707915600,1.07035,1.07104,1.0697,1.07078,6258,1,0
1707919200,1.07078,1.07105,1.0701,1.07058,6311,0,0
1707922800,1.07058,1.07168,1.07057,1.07087,10553,0,0
1707926400,1.07088,1.0723,1.07064,1.07161,11428,0,0
1707930000,1.07161,1.07253,1.07131,1.07212,10744,0,0
1707933600,1.07212,1.07347,1.0719,1.07339,9382,0,0
1707937200,1.07339,1.0734,1.07275,1.07306,6570,0,0
1707940800,1.07308,1.07338,1.07257,1.07268,5070,2,0
1707944400,1.07268,1.07294,1.07253,1.07281,3591,2,0
1707948000,1.07281,1.07289,1.07258,1.07276,3064,2,0
1707951600,1.07264,1.07281,1.07242,1.07257,811,1,0
1707955200,1.07241,1.07283,1.07229,1.07259,658,3,0
1707958800,1.07264,1.07323,1.07264,1.07317,979,4,0
1707962400,1.07318,1.07355,1.07289,1.07337,1440,0,0
1707966000,1.07337,1.07349,1.07262,1.07281,1767,0,0
1707969600,1.07282,1.07314,1.07254,1.07291,1426,0,0
1707973200,1.07292,1.07306,1.07248,1.0725500000000001,1465,0,0
1707976800,1.0725500000000001,1.07268,1.07244,1.07258,1223,0,0
1707980400,1.07259,1.07321,1.07258,1.07288,1894,0,0
1707984000,1.07289,1.0734,1.07269,1.0731,3113,0,0
1707987600,1.07309,1.07417,1.07276,1.07327,7396,1,0
1707991200,1.07327,1.07378,1.07294,1.07309,7649,1,0
1707994800,1.07309,1.0737,1.07279,1.07331,6646,1,0
1707998400,1.07331,1.0737,1.07306,1.07346,4851,1,0
1708002000,1.07347,1.07402,1.07337,1.07354,4793,1,0
1708005600,1.07354,1.07488,1.07353,1.07449,6323,0,0
1708009200,1.07449,1.07728,1.07426,1.07662,17162,0,0
1708012800,1.07662,1.07828,1.07589,1.07758,15020,0,0
1708016400,1.0776,1.0785,1.07587,1.07612,14603,0,0
1708020000,1.07614,1.07633,1.07551,1.07594,9984,0,0
1708023600,1.07594,1.0763,1.07564,1.07625,5303,2,0
1708027200,1.07624,1.07676,1.07602,1.07669,4387,2,0
1708030800,1.07668,1.07722,1.07663,1.07688,4592,2,0
1708034400,1.07689,1.07719,1.07678,1.07715,3142,2,0
1708038000,1.07703,1.07733,1.07692,1.07714,855,1,0
1708041600,1.07705,1.07719,1.07648,1.07718,966,7,0
1708045200,1.07723,1.07769,1.07721,1.07725,1002,1,0
1708048800,1.0772599999999999,1.07736,1.07608,1.07646,2189,0,0
1708052400,1.07647,1.07662,1.07609,1.07647,2369,4,0
1708056000,1.07648,1.0765,1.07597,1.0760399999999999,2004,0,0
1708059600,1.07602,1.0763,1.07588,1.07598,1961,0,0
1708063200,1.07599,1.07611,1.07571,1.07592,1603,0,0
1708066800,1.07591,1.0762,1.07582,1.07601,2015,4,0
1708070400,1.07601,1.07627,1.07583,1.07626,2252,0,0
1708074000,1.07627,1.07681,1.07599,1.07609,6349,1,0
1708077600,1.07609,1.07715,1.07594,1.07698,7526,1,0
1708081200,1.077,1.07719,1.07639,1.07661,6878,1,0
1708084800,1.07661,1.0771,1.07624,1.0768,4214,1,0
1708088400,1.07681,1.07801,1.0766499999999999,1.07775,6143,1,0
1708092000,1.07775,1.07782,1.07673,1.0768,6035,0,0
1708095600,1.0768,1.07712,1.07319,1.07463,14890,0,0
1708099200,1.07463,1.07569,1.07407,1.07503,13275,0,0
1708102800,1.0749900000000001,1.07771,1.0748199999999999,1.07711,12498,0,0
1708106400,1.07711,1.07754,1.0765500000000001,1.07684,9543,0,0
1708110000,1.07683,1.07779,1.07624,1.07779,5743,2,0
1708113600,1.07778,1.0786,1.07736,1.0785,5033,2,0
1708117200,1.07851,1.07874,1.07752,1.07769,4740,2,0
1708120800,1.07768,1.07775,1.07727,1.07751,4183,2,0
1708124400,1.07754,1.07773,1.07737,1.07769,1341,1,0
1708300800,1.07722,1.07763,1.07706,1.07748,773,10,0
1708304400,1.07747,1.0785,1.07745,1.0783800000000001,1424,0,0
1708308000,1.07836,1.07889,1.07835,1.07867,2428,4,0
1708311600,1.07867,1.07882,1.0778,1.07803,2941,1,0
1708315200,1.07803,1.0782,1.0777700000000001,1.07811,1912,0,0
1708318800,1.07814,1.07832,1.07746,1.07756,2044,0,0
1708322400,1.07756,1.07812,1.07747,1.07776,1690,0,0
1708326000,1.0777700000000001,1.07828,1.07769,1.07816,1587,0,0
1708329600,1.07817,1.07868,1.07796,1.07863,2671,0,0
1708333200,1.07865,1.07894,1.07811,1.07827,5269,1,0
1708336800,1.07826,1.07875,1.07761,1.07782,6693,1,0
1708340400,1.07785,1.07836,1.07721,1.07747,7160,1,0
1708344000,1.07748,1.07789,1.0772,1.07756,4951,1,0
1708347600,1.07754,1.07818,1.07733,1.07773,5066,0,0
1708351200,1.07769,1.07797,1.07693,1.07706,4772,0,0
1708354800,1.07706,1.07791,1.07674,1.077,6872,0,0
1708358400,1.077,1.07708,1.07629,1.07666,6872,0,0
1708362000,1.07666,1.07687,1.07618,1.07673,5846,0,0
1708365600,1.07674,1.07709,1.07624,1.07698,4109,0,0
1708369200,1.07698,1.07764,1.07692,1.07761,3134,0,0
1708372800,1.0776,1.07837,1.07757,1.07792,3245,2,0
1708376400,1.0779,1.07821,1.07778,1.07785,1441,0,0
1708380000,1.07786,1.07799,1.07775,1.07782,685,0,0
1708383600,1.07784,1.0782,1.07776,1.07782,539,0,0
1708387200,1.07785,1.078,1.07687,1.07774,1332,10,0
1708390800,1.07779,1.07799,1.07734,1.07753,1435,0,0
1708394400,1.07752,1.07768,1.07674,1.07695,2086,0,0
1708398000,1.07695,1.07713,1.07648,1.07658,3303,4,0
1708401600,1.07658,1.0767,1.07613,1.07668,3107,0,0
1708405200,1.07669,1.07685,1.07644,1.07677,1786,0,0
1708408800,1.07676,1.07709,1.07672,1.07688,1648,0,0
1708412400,1.07691,1.07701,1.07649,1.07678,2071,0,0
1708416000,1.07678,1.07729,1.07672,1.07708,2786,2,0
1708419600,1.07709,1.0775,1.07672,1.07697,6680,1,0
1708423200,1.07697,1.0777700000000001,1.07686,1.07758,8276,1,0
1708426800,1.07757,1.0799,1.07739,1.07976,8707,1,0
1708430400,1.07976,1.08096,1.07952,1.08039,8547,1,0
1708434000,1.08039,1.08045,1.07935,1.07985,9139,1,0
1708437600,1.07986,1.08059,1.07952,1.07981,7034,0,0
1708441200,1.07983,1.0825,1.07968,1.08232,11028,0,0
1708444800,1.08231,1.08389,1.08181,1.08291,12202,0,0
1708448400,1.08289,1.08298,1.08129,1.08227,11801,0,0
1708452000,1.08227,1.08251,1.08122,1.08129,7913,0,0
1708455600,1.08129,1.08148,1.08089,1.08118,6295,2,0
1708459200,1.08117,1.08131,1.08069,1.08098,4684,2,0
1708462800,1.08097,1.08114,1.08063,1.08063,4578,2,0
1708466400,1.0806499999999999,1.0812599999999999,1.08043,1.08103,4514,2,0
1708470000,1.08092,1.08095,1.08053,1.08068,819,0,0
1708473600,1.08064,1.08096,1.08028,1.08086,895,6,0
1708477200,1.08094,1.0811,1.08076,1.08097,1347,2,0
1708480800,1.08097,1.0811,1.08064,1.081,1921,4,0
1708484400,1.081,1.0812599999999999,1.08052,1.08119,2367,4,0
1708488000,1.08118,1.08172,1.08116,1.08149,2491,4,0
1708491600,1.08149,1.08188,1.08133,1.08178,2114,0,0
1708495200,1.08178,1.0819,1.08132,1.08142,1733,0,0
1708498800,1.0814300000000001,1.08165,1.08122,1.0815,2083,0,0
1708502400,1.08149,1.08153,1.08073,1.08114,3607,2,0
1708506000,1.08116,1.08141,1.08062,1.08107,6205,1,0
1708509600,1.08105,1.08149,1.0796999999999999,1.07989,8761,1,0
1708513200,1.07989,1.08007,1.07897,1.07996,7990,1,0
1708516800,1.07996,1.08034,1.07957,1.08011,6607,1,0
1708520400,1.08011,1.08023,1.07939,1.07992,5214,1,0
1708524000,1.07992,1.08033,1.07962,1.08029,6517,0,0
1708527600,1.0803,1.08116,1.0803,1.08101,8925,0,0
1708531200,1.08099,1.08164,1.0806,1.08129,9159,0,0
1708534800,1.08128,1.08201,1.08041,1.08052,9952,0,0
1708538400,1.08053,1.08191,1.08007,1.08169,8180,0,0
1708542000,1.08171,1.08175,1.0806499999999999,1.08075,6865,2,0
1708545600,1.08075,1.08137,1.07997,1.08115,7363,2,0
1708549200,1.08113,1.08245,1.0805,1.08165,9702,2,0
1708552800,1.08164,1.0821,1.08124,1.08168,5093,2,0
1708556400,1.08157,1.08198,1.08115,1.0818,1312,1,0
1708560000,1.08181,1.082,1.08102,1.08196,874,4,0
1708563600,1.08193,1.08226,1.08185,1.08201,1028,2,0
1708567200,1.08201,1.08318,1.08198,1.083,2880,0,0
1708570800,1.08302,1.08307,1.08263,1.08267,2467,4,0
1708574400,1.0826500000000001,1.0827,1.08188,1.08259,3102,4,0
1708578000,1.0826,1.08272,1.08229,1.08257,1540,0,0
1708581600,1.08254,1.0830899999999999,1.08249,1.08302,1719,0,0
1708585200,1.08301,1.08379,1.08293,1.08332,3121,4,0
1708588800,1.0833,1.084,1.0832600000000001,1.08382,3715,2,0
1708592400,1.08383,1.08541,1.08373,1.08529,8514,1,0
1708596000,1.0853,1.08884,1.08524,1.08713,15346,1,0
1708599600,1.08714,1.08715,1.0848,1.08529,10341,1,0
1708603200,1.08529,1.0859,1.08501,1.08567,6429,1,0
1708606800,1.08568,1.08576,1.08447,1.08571,7037,1,0
1708610400,1.08571,1.08587,1.08424,1.0844,7520,0,0
1708614000,1.08439,1.0848200000000001,1.08211,1.08233,12674,0,0
1708617600,1.08233,1.08246,1.08027,1.08184,14480,0,0
1708621200,1.08183,1.08196,1.08034,1.08101,13960,0,0
1708624800,1.08103,1.08185,1.08086,1.08141,7415,0,0
1708628400,1.08141,1.08242,1.08115,1.08201,5603,2,0
1708632000,1.08201,1.08263,1.08142,1.0824799999999999,5703,2,0
1708635600,1.08247,1.08251,1.0819,1.08224,3441,2,0
1708639200,1.08223,1.08231,1.08182,1.08217,3768,2,0
1708642800,1.08206,1.08231,1.08195,1.0822,730,0,0
1708646400,1.08222,1.0824,1.08168,1.0821,955,14,0
1708650000,1.08215,1.08259,1.08215,1.08252,863,0,0
1708653600,1.08252,1.0828,1.08147,1.08217,2566,0,0
1708657200,1.08218,1.0832,1.08213,1.08268,2594,4,0
1708660800,1.08269,1.08307,1.08245,1.08253,2622,0,0
1708664400,1.08253,1.08258,1.08224,1.08251,1615,0,0
1708668000,1.08252,1.08284,1.08247,1.08252,1043,0,0
1708671600,1.08252,1.0827,1.08207,1.08226,1695,0,0
1708675200,1.08227,1.08278,1.08219,1.08256,2763,0,0
1708678800,1.08256,1.08319,1.08237,1.08293,5720,1,0
1708682400,1.08292,1.0832600000000001,1.08209,1.08252,7210,1,0
1708686000,1.08254,1.08259,1.08138,1.08174,7994,1,0
1708689600,1.08174,1.08251,1.08168,1.08238,6064,1,0
1708693200,1.08238,1.08315,1.08222,1.08271,6874,1,0
1708696800,1.08271,1.08396,1.08245,1.08362,7328,0,0
1708700400,1.08362,1.08369,1.0826500000000001,1.08319,9325,0,0
1708704000,1.08319,1.0836999999999999,1.08241,1.08254,9542,0,0
1708707600,1.08256,1.08258,1.08116,1.08206,10702,0,0
1708711200,1.08206,1.08289,1.08148,1.08273,8804,0,0
1708714800,1.08274,1.08289,1.08209,1.08247,5373,0,0
1708718400,1.08247,1.08295,1.08226,1.08264,4355,2,0
1708722000,1.08264,1.0826500000000001,1.08198,1.08228,3487,0,0
1708725600,1.08229,1.08245,1.08174,1.08222,3693,2,0
1708729200,1.08222,1.08225,1.08175,1.08184,886,1,0
1708905600,1.0830899999999999,1.0830899999999999,1.08153,1.08221,988,9,0
1708909200,1.08226,1.08237,1.0818699999999999,1.08189,6841,3,0
1708912800,1.0819,1.08202,1.08158,1.08165,2664,0,0
1708916400,1.08164,1.08194,1.08125,1.08162,2491,4,0
1708920000,1.08164,1.08177,1.0814,1.0817,1750,0,0
1708923600,1.08172,1.08193,1.08157,1.08184,1398,0,0
1708927200,1.08186,1.08227,1.0817,1.0821,1504,0,0
1708930800,1.08212,1.08241,1.08185,1.0823,1933,0,0
1708934400,1.08229,1.08256,1.08218,1.0824,2233,0,0
1708938000,1.0824,1.08368,1.08226,1.08318,7180,1,0
1708941600,1.08321,1.08358,1.08269,1.08318,7374,1,0
1708945200,1.08318,1.08405,1.08304,1.08399,6916,1,0
1708948800,1.084,1.08489,1.08383,1.08477,6532,1,0
1708952400,1.08478,1.0854,1.08447,1.08519,6447,1,0
1708956000,1.08519,1.08597,1.08488,1.08494,6538,0,0
1708959600,1.08493,1.0859,1.0848200000000001,1.08579,8128,0,0
1708963200,1.0858,1.08588,1.08438,1.08462,9622,0,0
1708966800,1.08462,1.08544,1.08386,1.08509,10064,0,0
1708970400,1.08509,1.08557,1.08469,1.0854,6552,0,0
1708974000,1.0854,1.0855,1.08433,1.08451,5552,2,0
1708977600,1.08452,1.08459,1.08394,1.08445,7382,2,0
1708981200,1.08446,1.08476,1.08437,1.08461,3436,2,0
1708984800,1.08463,1.08527,1.08459,1.08505,4895,2,0
1708988400,1.08494,1.08513,1.08483,1.08484,703,0,0
1708992000,1.08502,1.08507,1.08449,1.08489,424,8,0
1708995600,1.08494,1.08513,1.0848200000000001,1.08502,1103,1,0
1708999200,1.08501,1.08508,1.08466,1.08474,1622,4,0
1709002800,1.08473,1.08508,1.0845,1.08498,1618,0,0
1709006400,1.08499,1.08535,1.08479,1.08512,1713,0,0
1709010000,1.08513,1.0853,1.08484,1.08526,1474,0,0
1709013600,1.08527,1.08555,1.08521,1.08532,2170,0,0
1709017200,1.08532,1.08542,1.08483,1.08517,2171,0,0
1709020800,1.08519,1.08526,1.08468,1.08501,5985,2,0
1709024400,1.085,1.08626,1.08496,1.08562,6893,1,0
1709028000,1.08561,1.08661,1.08527,1.08577,8228,1,0
1709031600,1.08576,1.08595,1.08516,1.08528,6475,1,0
1709035200,1.0853,1.08533,1.08416,1.08516,7068,1,0
1709038800,1.08516,1.08592,1.08476,1.08576,5421,1,0
1709042400,1.08576,1.08633,1.08555,1.08568,6191,0,0
1709046000,1.08567,1.0858,1.08447,1.08478,10025,0,0
1709049600,1.08478,1.0851,1.08357,1.08401,9341,0,0
1709053200,1.084,1.08512,1.08328,1.08467,9801,0,0
1709056800,1.08467,1.0858,1.08446,1.0856,8768,0,0
1709060400,1.0856,1.08565,1.08486,1.08507,5624,2,0
1709064000,1.08508,1.08567,1.08485,1.08494,5517,2,0
1709067600,1.08495,1.08496,1.08406,1.0844,5594,2,0
1709071200,1.0844,1.08477,1.08416,1.08441,3204,2,0
1709074800,1.08429,1.0846,1.08422,1.0843099999999999,629,0,0
1709078400,1.08432,1.08468,1.08405,1.08436,1137,8,0
1709082000,1.08442,1.08456,1.08407,1.0841,897,0,0
1709085600,1.08409,1.08457,1.08402,1.08445,1449,0,0
1709089200,1.08446,1.08446,1.08374,1.08391,2843,4,0
1709092800,1.08392,1.08402,1.08366,1.08373,1834,4,0
1709096400,1.08375,1.08381,1.08325,1.08341,2836,0,0
1709100000,1.08341,1.08357,1.08314,1.08321,2447,0,0
1709103600,1.08319,1.08332,1.0825,1.08268,4239,0,0
1709107200,1.08267,1.08294,1.08218,1.08223,4585,2,0
1709110800,1.08223,1.08249,1.08163,1.08232,7435,1,0
1709114400,1.08233,1.08242,1.0808200000000001,1.08091,8989,1,0
1709118000,1.08092,1.0812599999999999,1.07963,1.07998,10088,1,0
1709121600,1.07998,1.08177,1.07992,1.08156,8573,1,0
1709125200,1.08156,1.0818,1.08108,1.08155,6132,1,0
1709128800,1.08155,1.08211,1.08071,1.08088,7361,0,0
1709132400,1.08087,1.08308,1.08066,1.08279,11511,0,0
1709136000,1.08279,1.08339,1.08212,1.08299,11672,0,0
1709139600,1.08299,1.08379,1.08259,1.08342,9365,0,0
1709143200,1.0834,1.08424,1.08311,1.08419,7262,0,0
1709146800,1.08418,1.0846,1.08337,1.08382,6493,2,0
1709150400,1.08383,1.08407,1.08327,1.08343,4756,0,0
1709154000,1.08343,1.08372,1.08322,1.08335,3599,2,0
1709157600,1.08336,1.08399,1.08329,1.0838,2897,2,0
1709161200,1.08368,1.08393,1.08347,1.08369,679,1,0
1709164800,1.08372,1.08395,1.08317,1.08366,940,3,0
1709168400,1.08371,1.08405,1.08371,1.08382,963,1,0
1709172000,1.08383,1.08399,1.08344,1.08361,1826,0,0
1709175600,1.08362,1.08404,1.08277,1.08288,3696,4,0
1709179200,1.08288,1.08367,1.08284,1.08363,3827,4,0
1709182800,1.08363,1.08378,1.08334,1.08368,3660,0,0
1709186400,1.08367,1.08378,1.08337,1.08361,2819,0,0
1709190000,1.08362,1.08375,1.08314,1.08353,3172,4,0
1709193600,1.08352,1.08382,1.08319,1.08329,3709,2,0
1709197200,1.08327,1.08391,1.08256,1.08287,7291,1,0
1709200800,1.08287,1.08475,1.08284,1.08378,9802,1,0
1709204400,1.08379,1.08521,1.08375,1.08507,8867,1,0
1709208000,1.08505,1.08545,1.08377,1.0838,8295,1,0
1709211600,1.08378,1.0843099999999999,1.08287,1.08344,7572,1,0
1709215200,1.08343,1.08361,1.0826500000000001,1.08291,7158,0,0
1709218800,1.08292,1.08473,1.08217,1.08379,15514,0,0
1709222400,1.08378,1.08504,1.0836,1.08465,11328,0,0
1709226000,1.08465,1.0856,1.0819,1.08226,13513,0,0
1709229600,1.08226,1.08251,1.08043,1.08062,11550,0,0
1709233200,1.08062,1.08074,1.07957,1.07998,7920,2,0
1709236800,1.07998,1.08101,1.07982,1.08091,6271,2,0
1709240400,1.08092,1.08113,1.08007,1.08025,5465,2,0
1709244000,1.08027,1.08095,1.08026,1.08084,4994,2,0
1709247600,1.08072,1.08074,1.08027,1.08038,1055,0,0
1709251200,1.08045,1.08049,1.07963,1.08036,2479,11,0
1709254800,1.08042,1.08056,1.08018,1.08055,1342,1,0
1709258400,1.08055,1.08125,1.0805,1.08112,1981,0,0
1709262000,1.08115,1.08213,1.08106,1.08213,2659,0,0
1709265600,1.08212,1.08218,1.08163,1.08182,2771,0,0
1709269200,1.08183,1.08211,1.08163,1.08167,1420,0,0
1709272800,1.08168,1.0817,1.08118,1.08134,1475,0,0
1709276400,1.08134,1.0814,1.08107,1.08119,1713,0,0
1709280000,1.0812,1.0814,1.08079,1.08092,2535,0,0
1709283600,1.0809,1.08176,1.08086,1.08125,5824,1,0
1709287200,1.08125,1.082,1.08088,1.08114,8202,1,0
1709290800,1.08114,1.08178,1.08083,1.08154,6888,1,0
1709294400,1.08154,1.08227,1.07982,1.08105,10333,1,0
1709298000,1.08106,1.08191,1.08101,1.08183,6492,1,0
1709301600,1.08184,1.0824799999999999,1.08118,1.08129,7302,0,0
1709305200,1.08127,1.08155,1.08077,1.08128,8592,0,0
1709308800,1.08128,1.08207,1.07979,1.07999,9580,0,0
1709312400,1.08009,1.08418,1.08009,1.08351,17880,0,0
1709316000,1.0835,1.08369,1.08231,1.0830899999999999,8778,0,0
1709319600,1.0830899999999999,1.08399,1.08285,1.08376,4701,2,0
1709323200,1.08375,1.08426,1.08311,1.08399,5092,2,0
1709326800,1.08398,1.08433,1.08378,1.08412,3750,2,0
1709330400,1.08412,1.08414,1.08346,1.08375,4436,2,0
1709334000,1.08364,1.08399,1.08319,1.0838700000000001,1049,1,0
1709510400,1.084,1.08416,1.0829,1.08391,1003,8,0
1709514000,1.08396,1.08442,1.08396,1.08414,1683,3,0
1709517600,1.08417,1.08481,1.08404,1.08456,6465,0,0
1709521200,1.08457,1.08458,1.08382,1.084,5604,1,0
1709524800,1.084,1.08459,1.08383,1.08452,4115,0,0
1709528400,1.08451,1.08457,1.08419,1.08437,1739,0,0
1709532000,1.08438,1.08457,1.08429,1.08436,1293,0,0
1709535600,1.08435,1.08466,1.08426,1.08442,1854,0,0
1709539200,1.08439,1.08479,1.08426,1.08467,4033,2,0
1709542800,1.08468,1.08541,1.0845,1.08537,8698,1,0
1709546400,1.08537,1.0858,1.08375,1.08448,10312,1,0
1709550000,1.08447,1.08523,1.0842,1.0849199999999999,7233,1,0
1709553600,1.08491,1.0855,1.08455,1.08536,4116,1,0
1709557200,1.08537,1.08569,1.08517,1.08562,4316,1,0
1709560800,1.08562,1.08577,1.08414,1.08427,6021,0,0
1709564400,1.08427,1.085,1.084,1.08486,9621,0,0
1709568000,1.08487,1.0862,1.08448,1.08595,9779,0,0
1709571600,1.08595,1.08638,1.08552,1.0863,8679,0,0
1709575200,1.0863,1.0867,1.08566,1.0861399999999999,7985,0,0
1709578800,1.08613,1.08624,1.0855299999999999,1.08578,6114,0,0
1709582400,1.08579,1.08606,1.08555,1.08563,3733,2,0
1709586000,1.08563,1.08585,1.0855,1.08565,3268,2,0
1709589600,1.08566,1.08596,1.0855299999999999,1.08558,3684,2,0
1709593200,1.08546,1.08563,1.0853,1.0853,798,1,0
1709596800,1.08548,1.08566,1.08505,1.08528,5830,8,0
1709600400,1.08533,1.08581,1.08533,1.08538,989,1,0
1709604000,1.08539,1.08552,1.08511,1.08528,1619,1,0
1709607600,1.08528,1.08545,1.08472,1.08493,2921,4,0
1709611200,1.08493,1.08518,1.08481,1.08499,2867,0,0
1709614800,1.085,1.08548,1.08493,1.0854,1520,0,0
1709618400,1.08541,1.0854300000000001,1.08496,1.08504,1505,0,0
1709622000,1.08505,1.0854,1.08489,1.08527,2071,0,0
1709625600,1.08528,1.08531,1.08444,1.08467,3893,0,0
1709629200,1.08468,1.08513,1.08415,1.08461,6908,1,0
1709632800,1.0846,1.0852,1.08429,1.08474,8926,1,0
1709636400,1.08473,1.08559,1.08468,1.08514,7698,1,0
1709640000,1.08512,1.08549,1.08491,1.08502,4966,1,0
1709643600,1.08502,1.08536,1.08476,1.085,5474,1,0
1709647200,1.085,1.08505,1.08454,1.08474,5337,0,0
1709650800,1.08474,1.08516,1.08419,1.08462,8470,0,0
1709654400,1.08463,1.08545,1.08401,1.08454,9585,0,0
1709658000,1.08458,1.08765,1.08458,1.08712,13643,0,0
1709661600,1.08713,1.08721,1.08578,1.08611,9058,0,0
1709665200,1.08609,1.08645,1.08576,1.08598,5144,2,0
1709668800,1.08599,1.08601,1.08512,1.08526,4700,2,0
1709672400,1.08526,1.08578,1.0851,1.08528,6940,2,0
1709676000,1.08528,1.08584,1.08487,1.08575,5326,2,0
1709679600,1.08564,1.08584,1.0854300000000001,1.08545,804,0,0
1709683200,1.0856,1.08566,1.08524,1.08556,1883,9,0
1709686800,1.08561,1.08588,1.08551,1.0855299999999999,1253,2,0
1709690400,1.0855299999999999,1.08556,1.0849,1.08497,2418,0,0
1709694000,1.08496,1.085,1.08417,1.08437,3548,4,0
1709697600,1.08437,1.08532,1.08435,1.08525,4723,4,0
1709701200,1.08525,1.0853,1.085,1.08506,2208,0,0
1709704800,1.08505,1.08521,1.0849199999999999,1.08516,2178,0,0
1709708400,1.08518,1.08569,1.08514,1.08549,2626,0,0
1709712000,1.08549,1.08606,1.08544,1.08594,3431,2,0
1709715600,1.08595,1.0866500000000001,1.08582,1.08617,7376,1,0
1709719200,1.08619,1.08743,1.08589,1.08728,8544,1,0
1709722800,1.08731,1.08778,1.08692,1.08763,6625,1,0
1709726400,1.08762,1.08796,1.08732,1.08773,5584,1,0
1709730000,1.08773,1.08785,1.08712,1.08757,4865,1,0
1709733600,1.08756,1.08788,1.08674,1.08689,6009,0,0
1709737200,1.08689,1.08849,1.08682,1.08845,12620,0,0
1709740800,1.08845,1.08896,1.08829,1.0887,10438,0,0
1709744400,1.08872,1.09088,1.08811,1.09049,12707,0,0
1709748000,1.0905,1.09151,1.08994,1.09122,10802,0,0
1709751600,1.09121,1.09154,1.08991,1.09022,10409,2,0
1709755200,1.09023,1.09077,1.09003,1.0903100000000001,6803,2,0
1709758800,1.0903,1.0903,1.08929,1.08966,9803,2,0
1709762400,1.08964,1.08995,1.08926,1.08988,4921,2,0
1709766000,1.08978,1.08987,1.08941,1.08973,683,1,0
1709769600,1.08975,1.09007,1.08925,1.08967,1479,3,0
1709773200,1.08972,1.0901399999999999,1.08972,1.08993,1858,0,0
1709776800,1.08994,1.0907499999999999,1.08992,1.09029,2933,4,0
1709780400,1.0903,1.0904,1.08961,1.08977,4104,0,0
1709784000,1.08977,1.08991,1.08932,1.08982,3086,4,0
1709787600,1.0898,1.09013,1.08951,1.09004,1913,0,0
1709791200,1.09003,1.09056,1.09001,1.09034,2687,4,0
1709794800,1.09033,1.09056,1.08994,1.09002,2728,4,0
1709798400,1.09002,1.0903,1.08983,1.09015,2845,2,0
1709802000,1.09015,1.09043,1.08912,1.08935,8023,1,0
1709805600,1.08935,1.0898,1.08875,1.08978,8712,1,0
1709809200,1.08977,1.09029,1.08926,1.09016,5993,1,0
1709812800,1.09016,1.0902,1.08895,1.08964,7063,1,0
1709816400,1.08964,1.08992,1.08921,1.08939,5611,1,0
1709820000,1.08942,1.09004,1.08921,1.08944,5283,0,0
1709823600,1.08946,1.08969,1.08676,1.08722,14629,0,0
1709827200,1.08722,1.0919699999999999,1.0869,1.0915300000000001,16263,0,0
1709830800,1.0915300000000001,1.0931,1.09079,1.093,12358,0,0
1709834400,1.093,1.09419,1.09246,1.09401,9729,0,0
1709838000,1.094,1.09415,1.0931,1.09369,6910,2,0
1709841600,1.09367,1.09446,1.09362,1.09421,5195,2,0
1709845200,1.0942,1.09489,1.09404,1.09467,3991,2,0
1709848800,1.09468,1.09493,1.09422,1.09469,3418,2,0
1709852400,1.09469,1.09486,1.09445,1.09465,817,0,0
1709856000,1.09472,1.09476,1.09409,1.09456,3196,8,0
1709859600,1.09461,1.09514,1.09461,1.09509,924,2,0
1709863200,1.09508,1.09557,1.095,1.0951,2563,0,0
1709866800,1.09511,1.09527,1.09463,1.09478,2561,4,0
1709870400,1.09478,1.09507,1.09446,1.09455,2968,4,0
1709874000,1.09454,1.09478,1.09438,1.09472,1748,0,0
1709877600,1.09471,1.0949200000000001,1.09442,1.09454,1690,0,0
1709881200,1.09456,1.09484,1.09447,1.09464,1669,0,0
1709884800,1.09464,1.0949200000000001,1.0944099999999999,1.09481,2874,2,0
1709888400,1.0948,1.09512,1.09314,1.09339,8729,1,0
1709892000,1.09339,1.09391,1.09289,1.09358,7771,1,0
1709895600,1.09358,1.09376,1.0925799999999999,1.09353,8734,1,0
1709899200,1.09353,1.09372,1.0926,1.09333,6652,1,0
1709902800,1.09335,1.09391,1.09293,1.09345,5695,1,0
1709906400,1.09346,1.09352,1.09278,1.09318,5149,0,0
1709910000,1.0931899999999999,1.09813,1.09183,1.0958,18234,0,0
1709913600,1.0958,1.09667,1.09447,1.09577,15989,0,0
1709917200,1.09578,1.09618,1.09432,1.09608,10526,0,0
1709920800,1.09606,1.09615,1.09373,1.09404,10622,0,0
1709924400,1.09403,1.09459,1.09367,1.09392,8577,2,0
1709928000,1.09393,1.094,1.09333,1.09371,6049,2,0
1709931600,1.0937000000000001,1.0942,1.09343,1.09416,5032,2,0
1709935200,1.09416,1.09439,1.09343,1.09362,3466,2,0
1709938800,1.0935,1.09407,1.0934,1.0937000000000001,958,2,0
1710115200,1.09388,1.09394,1.09346,1.09364,723,0,0
1710118800,1.09367,1.09435,1.09367,1.09426,2350,2,0
1710122400,1.09426,1.09466,1.09381,1.09421,3485,4,0
1710126000,1.09421,1.09455,1.09388,1.09404,5103,4,0
1710129600,1.09403,1.0942,1.09369,1.09386,2511,4,0
1710133200,1.09386,1.09442,1.09376,1.0941,1808,0,0
1710136800,1.09411,1.09417,1.09366,1.09384,1731,0,0
1710140400,1.09387,1.09419,1.09384,1.09411,2525,4,0
1710144000,1.09412,1.09435,1.09353,1.09421,3103,2,0
1710147600,1.09421,1.09476,1.09369,1.09418,6254,1,0
1710151200,1.09417,1.09483,1.09385,1.09446,7146,1,0
1710154800,1.09446,1.09451,1.09337,1.09346,5248,1,0
1710158400,1.09346,1.09435,1.09328,1.09416,4915,1,0
1710162000,1.09416,1.09436,1.09375,1.09429,3481,1,0
1710165600,1.09429,1.09434,1.09292,1.09297,7628,0,0
1710169200,1.09296,1.0931899999999999,1.09175,1.0919699999999999,8639,0,0
1710172800,1.09196,1.0925,1.0915300000000001,1.09244,8039,0,0
1710176400,1.09244,1.09289,1.09144,1.09271,8468,0,0
1710180000,1.09271,1.09281,1.09226,1.09272,5509,0,0
1710183600,1.09271,1.09303,1.09243,1.09251,5913,2,0
1710187200,1.09252,1.09262,1.09182,1.09241,5555,2,0
1710190800,1.09241,1.09265,1.09217,1.09261,4499,2,0
1710194400,1.0925,1.09268,1.09244,1.09244,703,2,0
1710198000,1.0925,1.09256,1.09176,1.09249,4037,9,0
1710201600,1.09249,1.09264,1.09233,1.09239,564,4,0
1710205200,1.09242,1.09311,1.09242,1.09304,1000,3,0
1710208800,1.09304,1.09322,1.09281,1.09284,1967,4,0
1710212400,1.09284,1.09343,1.09267,1.09335,2265,4,0
1710216000,1.09333,1.09364,1.09298,1.09361,2400,3,0
1710219600,1.0936,1.09379,1.09338,1.09361,1741,2,0
1710223200,1.09361,1.09382,1.09342,1.09366,1391,1,0
1710226800,1.09367,1.09389,1.09363,1.09382,2100,2,0
1710230400,1.09381,1.09392,1.09338,1.09381,3052,2,0
1710234000,1.0937999999999999,1.09395,1.09312,1.0931899999999999,6643,1,0
1710237600,1.09318,1.09336,1.09211,1.0924800000000001,7991,1,0
1710241200,1.09247,1.09334,1.09229,1.09303,3549,0,0
1710244800,1.09302,1.09344,1.09266,1.09338,1545,0,0
1710248400,1.09337,1.09356,1.0932,1.09335,1436,0,0
1710252000,1.09335,1.09436,1.09022,1.092,5990,0,0
1710255600,1.092,1.09231,1.09023,1.09107,6005,0,0
1710259200,1.09114,1.09195,1.09063,1.0917,3983,0,0
1710262800,1.0917,1.09186,1.09074,1.09175,2835,0,0
1710266400,1.09176,1.0919,1.0913599999999999,1.09176,2091,0,0
1710270000,1.09176,1.09207,1.09127,1.09193,2534,0,0
1710273600,1.09192,1.09245,1.09185,1.09241,1487,0,0
1710277200,1.0924,1.09259,1.0921,1.09257,1413,0,0
1710280800,1.09257,1.09273,1.0925,1.0926,413,0,0
1710284400,1.09246,1.09272,1.09228,1.09261,622,9,0
1710288000,1.09261,1.09283,1.09247,1.0927,344,8,0
1710291600,1.0927,1.09286,1.0926,1.09264,529,1,0
1710295200,1.09264,1.09296,1.0925799999999999,1.09268,1086,0,0
1710298800,1.09268,1.09289,1.09235,1.09239,1383,0,0
1710302400,1.09239,1.09275,1.09233,1.09268,1063,0,0
1710306000,1.09268,1.09306,1.09251,1.09277,802,0,0
1710309600,1.09277,1.09281,1.09221,1.09233,972,0,0
1710313200,1.09233,1.09289,1.09227,1.09286,916,0,0
1710316800,1.09286,1.09292,1.09253,1.09279,1172,0,0
1710320400,1.0928,1.09318,1.09208,1.09267,1936,0,0
1710324000,1.09267,1.09327,1.09261,1.09276,2091,0,0
1710327600,1.09276,1.0928,1.09201,1.09232,1950,0,0
1710331200,1.09232,1.09332,1.09222,1.09305,1576,0,0
1710334800,1.09306,1.09457,1.093,1.09421,1660,0,0
1710338400,1.0942,1.09474,1.09336,1.09365,2352,0,0
1710342000,1.09365,1.0942,1.09359,1.09371,2788,0,0
1710345600,1.09371,1.09443,1.09314,1.0942,3104,0,0
1710349200,1.0942,1.09471,1.0937999999999999,1.09435,2636,0,0
1710352800,1.09435,1.09494,1.094,1.0949,2172,0,0
1710356400,1.0949,1.09637,1.09485,1.0957,2184,0,0
1710360000,1.0957,1.09584,1.09503,1.09509,1566,0,0
1710363600,1.09509,1.09517,1.09456,1.09472,1455,0,0
1710367200,1.09472,1.0949200000000001,1.0946,1.09461,574,0,0
1710370800,1.09467,1.09517,1.09429,1.09473,741,9,0
1710374400,1.09475,1.09506,1.09475,1.09482,434,10,0
1710378000,1.09482,1.09525,1.09482,1.09525,618,9,0
1710381600,1.09525,1.09547,1.0946,1.09487,855,0,0
1710385200,1.09487,1.09527,1.09452,1.09487,1219,0,0
1710388800,1.09488,1.09498,1.09429,1.09438,675,0,0
1710392400,1.09438,1.09452,1.09412,1.09422,762,0,0
1710396000,1.09422,1.09427,1.0939,1.09424,617,0,0
1710399600,1.09424,1.09429,1.09391,1.09396,785,0,0
1710403200,1.09396,1.09418,1.09369,1.09377,960,0,0
1710406800,1.09376,1.09428,1.09318,1.09352,2092,0,0
1710410400,1.09352,1.0944,1.09352,1.09377,2365,0,0
1710414000,1.09377,1.09443,1.0937000000000001,1.09413,1836,0,0
1710417600,1.09413,1.09453,1.09377,1.09396,1634,0,0
1710421200,1.09395,1.09434,1.09377,1.09413,1355,0,0
1710424800,1.09416,1.09447,1.09242,1.09298,4582,0,0
1710428400,1.09298,1.09311,1.09088,1.09117,4624,0,0
1710432000,1.09117,1.09141,1.0896,1.08978,3921,0,0
1710435600,1.08975,1.08996,1.08829,1.08876,3374,0,0
1710439200,1.08876,1.08926,1.08847,1.0887,2632,0,0
1710442800,1.0887,1.0889,1.0881,1.08864,1695,0,0
1710446400,1.08864,1.08899,1.08838,1.0885,1716,0,0
1710450000,1.0885,1.08911,1.08808,1.0891,1585,0,0
1710453600,1.08911,1.08919,1.08817,1.08825,752,0,0
1710457200,1.08821,1.08854,1.08792,1.08845,854,8,0
1710460800,1.08845,1.08851,1.08827,1.08835,366,7,0
1710464400,1.08835,1.08846,1.0882,1.08823,741,8,0
1710468000,1.08822,1.08845,1.08759,1.08779,1251,0,0
1710471600,1.08779,1.088,1.08754,1.0877,1024,0,0
1710475200,1.08769,1.08769,1.08729,1.08732,834,0,0
1710478800,1.08732,1.08781,1.08732,1.08769,955,0,0
1710482400,1.08769,1.08774,1.08748,1.08764,584,0,0
1710486000,1.08763,1.08772,1.08732,1.08769,749,0,0
1710489600,1.08768,1.08806,1.08753,1.08797,951,0,0
1710493200,1.08798,1.08849,1.08785,1.08808,1653,0,0
1710496800,1.08808,1.08868,1.0878,1.08828,2325,0,0
1710500400,1.08827,1.08995,1.08823,1.0898,2110,0,0
1710504000,1.08981,1.08996,1.0889,1.0891,1565,0,0
1710507600,1.0891,1.08963,1.08869,1.08937,1375,0,0
1710511200,1.08937,1.08945,1.08842,1.08872,2480,0,0
1710514800,1.08872,1.08948,1.08832,1.08862,3025,0,0
1710518400,1.08866,1.08943,1.08843,1.08879,3385,0,0
1710522000,1.08879,1.0889,1.08813,1.08876,2089,0,0
1710525600,1.08875,1.08901,1.08837,1.08858,2335,0,0
1710529200,1.08858,1.08879,1.08834,1.08837,1324,0,0
1710532800,1.08837,1.0890900000000001,1.08837,1.08904,1308,0,0
1710536400,1.08903,1.08914,1.0887,1.0889199999999999,1255,0,0
1710540000,1.08893,1.08898,1.08853,1.08872,588,0,0
1710720000,1.08881,1.08905,1.08856,1.08859,704,3,0
1710723600,1.0886,1.0886,1.08812,1.0883,1065,7,0
1710727200,1.0883,1.08881,1.08803,1.08853,934,0,0
1710730800,1.08853,1.08899,1.08828,1.0889,1081,0,0
1710734400,1.0889199999999999,1.08917,1.08875,1.0889,1024,0,0
1710738000,1.08891,1.08905,1.08853,1.08854,737,0,0
1710741600,1.08854,1.08881,1.08853,1.08874,639,0,0
1710745200,1.08875,1.08888,1.08853,1.0887,741,0,0
1710748800,1.0887,1.08893,1.08866,1.08887,766,0,0
1710752400,1.0889,1.08965,1.08889,1.08923,1177,0,0
1710756000,1.0892,1.08977,1.08908,1.08937,2064,0,0
1710759600,1.08934,1.09005,1.08925,1.08993,1618,0,0
1710763200,1.08993,1.09019,1.08962,1.08998,1531,0,0
1710766800,1.08998,1.0906,1.08988,1.09023,1373,0,0
1710770400,1.09024,1.0905,1.08898,1.0892,2015,0,0
1710774000,1.0892,1.08934,1.08855,1.08889,2237,0,0
1710777600,1.0889,1.08932,1.08844,1.08856,2385,0,0
1710781200,1.08856,1.08889,1.0881,1.08852,2269,0,0
1710784800,1.08852,1.08853,1.08693,1.08724,2304,0,0
1710788400,1.08724,1.0875,1.08661,1.08685,1552,0,0
1710792000,1.08685,1.0871,1.08674,1.08709,1121,0,0
1710795600,1.08709,1.08734,1.08676,1.08692,826,0,0
1710799200,1.08692,1.08721,1.08691,1.08716,434,0,0
1710802800,1.08714,1.08737,1.0868,1.08728,270,9,0
1710806400,1.08708,1.0873599999999999,1.08706,1.08714,337,8,0
1710810000,1.08714,1.08729,1.08707,1.08729,555,8,0
1710813600,1.08729,1.08745,1.08692,1.08694,1048,0,0
1710817200,1.08694,1.08718,1.08668,1.08682,1089,0,0
1710820800,1.08682,1.08746,1.08682,1.08732,1176,0,0
1710824400,1.08732,1.08762,1.087,1.08739,1899,0,0
1710828000,1.08739,1.08765,1.08674,1.08706,1296,0,0
1710831600,1.08706,1.0872,1.08629,1.08641,1253,0,0
1710835200,1.08641,1.08684,1.08619,1.08674,1712,0,0
1710838800,1.08674,1.08674,1.08516,1.08547,2134,0,0
1710842400,1.08547,1.0856,1.08423,1.08474,2825,0,0
1710846000,1.08474,1.085,1.08347,1.08366,2289,0,0
1710849600,1.08366,1.08458,1.08366,1.08443,2553,0,0
1710853200,1.08441,1.08517,1.08429,1.08502,1876,0,0
1710856800,1.08505,1.0856,1.08457,1.08516,2696,0,0
1710860400,1.08515,1.0857,1.08493,1.08541,2576,0,0
1710864000,1.08542,1.08654,1.08537,1.08623,2679,0,0
1710867600,1.08624,1.08624,1.08533,1.08583,1818,0,0
1710871200,1.08583,1.08639,1.08546,1.08634,1958,0,0
1710874800,1.08634,1.0867499999999999,1.08597,1.08634,1550,0,0
1710878400,1.08634,1.0865,1.08611,1.08624,1373,0,0
1710882000,1.08625,1.08655,1.0861,1.08648,1219,0,0
1710885600,1.08644,1.08663,1.0864,1.08647,689,0,0
1710889200,1.08647,1.08666,1.0857,1.08645,937,8,0
1710892800,1.08642,1.08658,1.08637,1.08649,267,9,0
1710896400,1.08651,1.0866,1.08613,1.08613,643,7,0
1710900000,1.08613,1.08649,1.08583,1.08643,831,0,0
1710903600,1.08643,1.08656,1.08622,1.08642,783,0,0
1710907200,1.08642,1.08658,1.08626,1.08653,579,0,0
1710910800,1.08683,1.0871,1.0868,1.08698,319,0,0
1710914400,1.08698,1.08704,1.08661,1.0866500000000001,658,0,0
1710918000,1.08666,1.08683,1.0865,1.08657,783,0,0
1710921600,1.08657,1.08704,1.0865,1.08701,672,0,0
1710925200,1.08701,1.08719,1.08649,1.08654,1798,0,0
1710928800,1.08653,1.08653,1.08501,1.08522,1848,0,0
1710932400,1.08522,1.08523,1.08364,1.0839,2126,0,0
1710936000,1.0839,1.08428,1.08365,1.08396,1701,0,0
1710939600,1.08395,1.08437,1.0836999999999999,1.08426,1392,0,0
1710943200,1.08426,1.08449,1.08378,1.08422,1836,0,0
1710946800,1.08422,1.08456,1.08373,1.08447,2029,0,0
1710950400,1.08445,1.08512,1.08435,1.08496,1909,0,0
1710954000,1.08496,1.08561,1.08487,1.08546,1892,0,0
1710957600,1.08549,1.08611,1.08535,1.08606,1431,0,0
1710961200,1.08606,1.0867,1.08585,1.08636,1483,0,0
1710964800,1.08623,1.09176,1.086,1.09142,8992,0,0
1710968400,1.09145,1.09227,1.09019,1.0921,4703,0,0
1710972000,1.09209,1.09226,1.09188,1.0921,931,0,0
1710975600,1.0921,1.09227,1.09156,1.09205,1036,2,0
1710979200,1.09196,1.09318,1.09186,1.09318,865,1,0
1710982800,1.09318,1.0937000000000001,1.0929,1.09369,1087,7,0
1710986400,1.09369,1.09373,1.09306,1.09334,1844,0,0
1710990000,1.09334,1.09389,1.09331,1.09352,1556,0,0
1710993600,1.09352,1.09372,1.09327,1.09353,806,0,0
1710997200,1.09352,1.09369,1.09334,1.0935,804,0,0
1711000800,1.0935,1.09355,1.09327,1.09331,681,0,0
1711004400,1.09331,1.09368,1.09316,1.09316,872,0,0
1711008000,1.09316,1.09381,1.09316,1.09377,1001,0,0
1711011600,1.09377,1.09426,1.09257,1.09287,1942,0,0
1711015200,1.09288,1.09288,1.08872,1.08915,4263,0,0
1711018800,1.08924,1.09148,1.08891,1.0913,3044,0,0
1711022400,1.0913,1.09236,1.09123,1.09194,2281,0,0
1711026000,1.09194,1.09203,1.09049,1.09096,1919,0,0
1711029600,1.091,1.0917,1.09036,1.09114,3574,0,0
1711033200,1.09114,1.09116,1.08835,1.08856,3929,0,0
1711036800,1.08856,1.0886,1.08705,1.0878700000000001,4372,0,0
1711040400,1.08786,1.08789,1.08557,1.0860400000000001,3076,0,0
1711044000,1.08603,1.08646,1.0858,1.08608,2425,0,0
1711047600,1.08608,1.08662,1.08561,1.08578,1871,0,0
1711051200,1.08577,1.0863,1.08572,1.08623,1336,0,0
1711054800,1.08623,1.08628,1.08555,1.08567,1184,0,0
1711058400,1.08568,1.08598,1.08566,1.08593,508,0,0
1711062000,1.08593,1.08616,1.08528,1.08596,646,9,0
1711065600,1.08596,1.08619,1.08593,1.08613,347,6,0
1711069200,1.08613,1.08624,1.08602,1.0861399999999999,478,6,0
1711072800,1.0861399999999999,1.08679,1.0861399999999999,1.08651,782,0,0
1711076400,1.08651,1.08658,1.085,1.08504,1535,0,0
1711080000,1.08504,1.08524,1.08389,1.0839,1542,0,0
1711083600,1.0839,1.08412,1.08358,1.0838,1302,0,0
1711087200,1.0838,1.0838,1.08311,1.08332,877,0,0
1711090800,1.08332,1.08418,1.08332,1.08414,1067,0,0
1711094400,1.0841,1.0841,1.0827,1.08303,1503,0,0
1711098000,1.08297,1.08345,1.08209,1.08246,2315,0,0
1711101600,1.08245,1.08295,1.08081,1.08113,2859,0,0
1711105200,1.08114,1.08231,1.08114,1.08162,2317,0,0
1711108800,1.08162,1.08216,1.08146,1.08163,1684,0,0
1711112400,1.08163,1.08224,1.08115,1.08161,1576,0,0
1711116000,1.08163,1.08311,1.08145,1.08263,3108,0,0
1711119600,1.0826500000000001,1.08298,1.08184,1.08295,2548,0,0
1711123200,1.08295,1.08316,1.08148,1.08149,2297,0,0
1711126800,1.08149,1.08217,1.08103,1.08157,2505,0,0
1711130400,1.08157,1.08168,1.08057,1.08058,1919,0,0
1711134000,1.08057,1.08105,1.08048,1.08058,1440,0,0
1711137600,1.08059,1.08075,1.0804,1.0804,1043,0,0
1711141200,1.0804,1.08066,1.08017,1.08056,993,0,0
1711144800,1.08052,1.08096,1.08048,1.08062,729,0,0
1711324800,1.08062,1.08081,1.08042,1.08078,358,2,0
1711328400,1.08078,1.08094,1.08062,1.08067,658,8,0
1711332000,1.08067,1.08096,1.08027,1.08036,980,0,0
1711335600,1.08035,1.08197,1.08022,1.08169,1865,0,0
1711339200,1.08169,1.08221,1.08156,1.08215,1172,0,0
1711342800,1.08215,1.08216,1.08116,1.08136,883,0,0
1711346400,1.08135,1.0814,1.08106,1.0813,669,0,0
1711350000,1.0813,1.08223,1.08124,1.0822,935,0,0
1711353600,1.08219,1.08219,1.08163,1.08173,891,0,0
1711357200,1.08173,1.08228,1.08137,1.08139,1353,0,0
1711360800,1.08139,1.08237,1.08071,1.08137,1832,0,0
1711364400,1.08136,1.08214,1.08115,1.08175,1403,0,0
1711368000,1.08174,1.08218,1.08164,1.08179,1426,0,0
1711371600,1.08177,1.08295,1.08164,1.08284,1421,0,0
1711375200,1.08282,1.0834,1.08279,1.08306,1712,0,0
1711378800,1.08306,1.08378,1.08292,1.08349,1961,0,0
1711382400,1.08347,1.08423,1.08339,1.0839,2144,0,0
1711386000,1.0839,1.08391,1.08316,1.08365,1689,0,0
1711389600,1.08365,1.0838,1.08331,1.08366,1375,0,0
1711393200,1.08367,1.08378,1.08333,1.08363,1269,0,0
1711396800,1.08363,1.08369,1.08348,1.08357,718,0,0
1711400400,1.08359,1.08399,1.08357,1.08392,955,0,0
1711404000,1.08391,1.08408,1.08356,1.08367,531,0,0
1711407600,1.08367,1.08374,1.08333,1.08355,943,9,0
1711411200,1.08355,1.08381,1.08348,1.08365,430,8,0
1711414800,1.08365,1.0838,1.08358,1.08365,432,8,0
1711418400,1.08365,1.08428,1.0836,1.08426,702,0,0
1711422000,1.08426,1.08455,1.0838700000000001,1.08404,1553,0,0
1711425600,1.08404,1.08442,1.08398,1.08425,1002,0,0
1711429200,1.08426,1.08441,1.08358,1.08369,682,0,0
1711432800,1.08369,1.0841,1.08364,1.08401,678,0,0
1711436400,1.08401,1.08481,1.08397,1.08471,871,0,0
1711440000,1.08471,1.08519,1.08463,1.08506,1051,0,0
1711443600,1.08507,1.08528,1.08397,1.08422,1770,0,0
1711447200,1.08421,1.08517,1.08386,1.08495,2435,0,0
1711450800,1.08494,1.08557,1.08455,1.08537,2279,0,0
1711454400,1.08537,1.08643,1.0853,1.08552,2042,0,0
1711458000,1.08552,1.08599,1.08534,1.08568,2116,0,0
1711461600,1.08574,1.08593,1.08486,1.0852,2662,0,0
1711465200,1.0852,1.08585,1.08467,1.08527,2466,0,0
1711468800,1.08519,1.08549,1.08379,1.08411,2878,0,0
1711472400,1.08411,1.08441,1.08251,1.08281,2556,0,0
1711476000,1.08282,1.08321,1.08243,1.08281,1842,0,0
1711479600,1.08281,1.08358,1.08266,1.08304,1383,0,0
1711483200,1.08304,1.08347,1.08297,1.08328,1011,0,0
1711486800,1.08327,1.08348,1.08285,1.08286,1227,0,0
1711490400,1.08286,1.08315,1.08284,1.08304,705,0,0
1711494000,1.08298,1.08324,1.08296,1.08312,603,6,0
1711497600,1.08312,1.08324,1.08312,1.0832,298,8,0
1711501200,1.08321,1.08325,1.08299,1.08319,460,8,0
1711504800,1.08319,1.08327,1.08274,1.08295,969,0,0
1711508400,1.08294,1.0830899999999999,1.08206,1.08234,1391,0,0
1711512000,1.08234,1.08278,1.08234,1.08259,886,0,0
1711515600,1.08259,1.08279,1.08242,1.08262,1007,0,0
1711519200,1.08261,1.08303,1.08261,1.08298,575,0,0
1711522800,1.08297,1.08297,1.08253,1.08262,723,0,0
1711526400,1.08262,1.0832600000000001,1.08246,1.08322,1136,0,0
1711530000,1.0832,1.08337,1.0823,1.08263,1930,0,0
1711533600,1.08264,1.08303,1.08212,1.08286,2178,0,0
1711537200,1.08286,1.08391,1.08267,1.08276,2710,0,0
1711540800,1.08277,1.08347,1.08261,1.08328,2030,0,0
1711544400,1.08328,1.0835,1.08181,1.08209,1649,0,0
1711548000,1.08209,1.08216,1.08151,1.08188,2132,0,0
1711551600,1.08188,1.08192,1.08107,1.08168,2558,0,0
1711555200,1.08168,1.08213,1.08137,1.08145,2735,0,0
1711558800,1.08145,1.08225,1.08137,1.08203,2602,0,0
1711562400,1.08202,1.08258,1.0818699999999999,1.08231,2005,0,0
1711566000,1.0823,1.0825,1.08175,1.08191,1942,0,0
1711569600,1.08192,1.08232,1.08184,1.08222,1605,0,0
1711573200,1.08223,1.08276,1.08205,1.08271,1564,0,0
1711576800,1.08271,1.0829,1.08262,1.08269,547,0,0
1711580400,1.08271,1.08277,1.08206,1.08262,449,8,0
1711584000,1.08261,1.08261,1.08098,1.08132,765,6,0
1711587600,1.08132,1.08144,1.08107,1.08119,800,7,0
1711591200,1.08119,1.082,1.0808,1.08175,1197,0,0
1711594800,1.08175,1.08191,1.0815,1.08178,1097,0,0
1711598400,1.08178,1.0826,1.08175,1.08222,1058,0,0
1711602000,1.08222,1.08242,1.08212,1.08215,599,0,0
1711605600,1.08215,1.08242,1.0820400000000001,1.08235,492,0,0
1711609200,1.08235,1.0826500000000001,1.08219,1.08236,968,0,0
1711612800,1.08237,1.08239,1.0815,1.08178,1039,0,0
1711616400,1.08178,1.08184,1.08002,1.08007,2115,0,0
1711620000,1.08008,1.0802,1.0789900000000001,1.07919,2224,0,0
1711623600,1.07917,1.0792,1.07751,1.07754,1997,0,0
1711627200,1.07754,1.07929,1.0775,1.07891,2054,0,0
1711630800,1.07891,1.07948,1.07827,1.0783800000000001,1410,0,0
1711634400,1.07839,1.08088,1.07835,1.08081,2941,0,0
1711638000,1.0808200000000001,1.0818,1.08028,1.08113,3166,0,0
1711641600,1.08118,1.0818699999999999,1.07978,1.08002,3399,0,0
1711645200,1.08001,1.08073,1.07939,1.08012,2950,0,0
1711648800,1.08012,1.08053,1.07928,1.07993,2433,0,0
1711652400,1.07993,1.08019,1.07951,1.07962,1724,0,0
1711656000,1.07962,1.07985,1.0786,1.07874,1270,0,0
1711659600,1.07872,1.07893,1.07845,1.07879,1658,0,0
1711663200,1.07879,1.0789,1.0785,1.07877,565,0,0
1711666800,1.07878,1.07905,1.07846,1.07881,2653,9,0
1711670400,1.07872,1.07923,1.07857,1.07869,1142,0,0
1711674000,1.07866,1.07911,1.07852,1.07904,1019,14,0
1711677600,1.0791,1.07911,1.07836,1.07837,947,6,0
1711681200,1.07837,1.07844,1.07758,1.07758,540,1,0
1711684800,1.07758,1.07791,1.07737,1.07786,956,0,0
1711688400,1.07784,1.07791,1.07742,1.07743,599,4,0
1711692000,1.07743,1.07768,1.07739,1.07765,527,2,0
1711695600,1.07765,1.0777700000000001,1.07741,1.07748,523,3,0
1711699200,1.07748,1.07766,1.07743,1.07753,504,4,0
1711702800,1.07753,1.07816,1.07678,1.07682,787,1,0
1711706400,1.07682,1.07784,1.07681,1.0778,902,2,0
1711710000,1.0778,1.07822,1.07727,1.07822,1252,1,0
1711713600,1.07822,1.07885,1.07816,1.07842,1107,3,0
1711717200,1.07842,1.07913,1.07835,1.07872,1580,5,0
1711720800,1.07872,1.08052,1.07813,1.0798,1327,3,0
1711724400,1.0798,1.0803,1.0794,1.07984,1358,3,0
1711728000,1.07984,1.07993,1.0794,1.0796000000000001,1040,5,0
1711731600,1.0796000000000001,1.07962,1.07885,1.07918,2153,5,0
1711735200,1.07919,1.07928,1.07869,1.07879,1448,6,0
1711738800,1.07878,1.07891,1.07871,1.0788,837,4,0
1711742400,1.0788,1.079,1.07876,1.0789,522,5,0
1711746000,1.07894,1.07937,1.07885,1.0791,286,7,0
1711749600,1.0791,1.07956,1.07861,1.07917,601,7,0
1711929600,1.0787,1.07937,1.07865,1.07926,328,15,0
1711933200,1.07926,1.07961,1.07841,1.07862,908,9,0
1711936800,1.07862,1.07945,1.07855,1.07932,1018,0,0
1711940400,1.07931,1.07987,1.07901,1.07912,1853,0,0
1711944000,1.07912,1.07945,1.07856,1.07866,1287,0,0
1711947600,1.07866,1.07895,1.07849,1.07877,891,0,0
1711951200,1.07878,1.07913,1.07847,1.07903,810,0,0
1711954800,1.07903,1.07911,1.07841,1.07867,646,0,0
1711958400,1.07867,1.07872,1.07826,1.07852,728,0,0
1711962000,1.0784799999999999,1.07904,1.07843,1.07865,1032,0,0
1711965600,1.07865,1.07921,1.0783,1.0786,1024,0,0
1711969200,1.07861,1.07916,1.07831,1.07897,1067,0,0
1711972800,1.07897,1.0790899999999999,1.07857,1.0786,1020,0,0
1711976400,1.0786,1.07866,1.07796,1.07812,1002,0,0
1711980000,1.07812,1.07876,1.07798,1.07839,937,0,0
1711983600,1.0784,1.07858,1.07771,1.07817,1887,0,0
1711987200,1.07816,1.07829,1.0771600000000001,1.07729,2539,0,0
1711990800,1.07707,1.07707,1.07395,1.07445,3809,0,0
1711994400,1.07445,1.07453,1.07309,1.07326,2372,0,0
1711998000,1.07326,1.07368,1.07311,1.07364,1392,0,0
1712001600,1.07366,1.0744,1.07366,1.07418,992,0,0
1712005200,1.07417,1.07426,1.07367,1.07376,985,0,0
1712008800,1.07375,1.07427,1.07373,1.07417,1220,0,0
1712012400,1.07418,1.07427,1.0741,1.07422,609,2,0
1712016000,1.07423,1.07436,1.07351,1.07426,1010,13,0
1712019600,1.07426,1.07427,1.07395,1.07395,352,7,0
1712023200,1.07395,1.07399,1.07356,1.07373,940,0,0
1712026800,1.07373,1.0739,1.07309,1.07371,1246,0,0
1712030400,1.07371,1.07382,1.07303,1.07341,1311,0,0
1712034000,1.07341,1.07354,1.07296,1.07348,856,0,0
1712037600,1.07348,1.07362,1.07296,1.073,711,0,0
1712041200,1.07301,1.0734,1.07293,1.07332,557,0,0
1712044800,1.07332,1.0735,1.07258,1.07265,894,0,0
1712048400,1.07266,1.07319,1.07246,1.07287,2246,0,0
1712052000,1.07287,1.07428,1.0726,1.07418,2360,0,0
1712055600,1.07418,1.07418,1.07265,1.07312,2453,0,0
1712059200,1.07312,1.0743,1.07311,1.07419,1800,0,0
1712062800,1.07416,1.07457,1.07387,1.07452,1846,0,0
1712066400,1.07452,1.07534,1.0743,1.07515,2077,0,0
1712070000,1.07515,1.0756000000000001,1.07456,1.0749,2456,0,0
1712073600,1.0749,1.07679,1.0748,1.07647,2854,0,0
1712077200,1.07646,1.0779,1.07593,1.07656,4238,0,0
1712080800,1.07659,1.07718,1.07644,1.07688,2629,0,0
1712084400,1.07688,1.07704,1.07647,1.07682,1591,0,0
1712088000,1.07682,1.07688,1.07644,1.07672,1045,0,0
1712091600,1.07672,1.07683,1.07623,1.07632,800,0,0
1712095200,1.07636,1.07681,1.07601,1.0768,969,0,0
1712098800,1.07678,1.07692,1.0765500000000001,1.07687,587,2,0
1712102400,1.07685,1.07729,1.07669,1.0772,375,8,0
1712106000,1.07718,1.07724,1.07676,1.07678,500,8,0
1712109600,1.07678,1.07688,1.07666,1.07679,523,0,0
1712113200,1.07679,1.0771600000000001,1.07659,1.07688,1145,0,0
1712116800,1.07687,1.07735,1.07658,1.07722,1173,0,0
1712120400,1.07721,1.07749,1.0771600000000001,1.07744,606,0,0
1712124000,1.07744,1.07794,1.07742,1.07773,700,0,0
1712127600,1.07773,1.0778,1.07746,1.07746,576,0,0
1712131200,1.07746,1.07774,1.07741,1.07753,759,0,0
1712134800,1.07754,1.07758,1.07671,1.07692,1323,0,0
1712138400,1.07696,1.07723,1.0764,1.07705,2083,0,0
1712142000,1.07705,1.07773,1.07698,1.07712,1408,0,0
1712145600,1.07707,1.07746,1.07651,1.07677,1746,0,0
1712149200,1.07678,1.07767,1.07662,1.07755,1588,0,0
1712152800,1.07755,1.07849,1.07755,1.0783800000000001,1527,0,0
1712156400,1.07837,1.07864,1.0773,1.07778,3169,0,0
1712160000,1.07781,1.07927,1.0777700000000001,1.07882,3302,0,0
1712163600,1.07888,1.0824,1.07888,1.08229,5085,0,0
1712167200,1.08229,1.08305,1.08194,1.0826500000000001,2706,0,0
1712170800,1.08268,1.08362,1.0820400000000001,1.08305,3218,0,0
1712174400,1.08305,1.08342,1.08255,1.08321,2181,0,0
1712178000,1.08321,1.08369,1.08313,1.08348,1252,0,0
1712181600,1.08348,1.08348,1.08292,1.08334,1650,0,0
1712185200,1.08334,1.08362,1.08321,1.08355,585,1,0
1712188800,1.08352,1.08357,1.08292,1.08324,328,14,0
1712192400,1.08323,1.08378,1.08323,1.08373,328,6,0
1712196000,1.08373,1.08408,1.08362,1.0838,653,0,0
1712199600,1.0838,1.08435,1.08346,1.08432,1110,0,0
1712203200,1.08432,1.0844,1.084,1.08407,742,0,0
1712206800,1.08407,1.08444,1.08381,1.08427,685,0,0
1712210400,1.08427,1.08433,1.08401,1.08426,500,0,0
1712214000,1.08426,1.08447,1.08426,1.08426,540,0,0
1712217600,1.08426,1.08464,1.08412,1.08418,664,0,0
1712221200,1.08419,1.08463,1.08389,1.08398,1632,0,0
1712224800,1.08398,1.08584,1.08392,1.08571,2325,0,0
1712228400,1.08571,1.08626,1.08508,1.08619,2056,0,0
1712232000,1.08617,1.08655,1.08554,1.08587,1563,0,0
1712235600,1.08587,1.08616,1.08557,1.08597,1314,0,0
1712239200,1.08597,1.08623,1.0852,1.08526,1489,0,0
1712242800,1.08526,1.08703,1.08506,1.08697,2175,0,0
1712246400,1.08697,1.08764,1.08643,1.08698,2636,0,0
1712250000,1.08697,1.08761,1.08667,1.08676,2414,0,0
1712253600,1.08673,1.08689,1.08623,1.08648,1544,0,0
1712257200,1.08648,1.08669,1.08579,1.08587,961,0,0
1712260800,1.08587,1.08618,1.08581,1.086,894,0,0
1712264400,1.086,1.086,1.08466,1.085,2883,0,0
1712268000,1.08499,1.08507,1.08333,1.08336,3453,0,0
1712271600,1.08336,1.08381,1.08315,1.08362,1028,0,0
1712275200,1.08361,1.08397,1.08229,1.08373,2068,15,0
1712278800,1.08367,1.08396,1.08352,1.0836,659,7,0
1712282400,1.08361,1.08402,1.08359,1.08364,1014,0,0
1712286000,1.08364,1.08439,1.08349,1.08415,1580,0,0
1712289600,1.08415,1.08432,1.0825,1.08268,1505,0,0
1712293200,1.08268,1.08284,1.08233,1.08253,803,0,0
1712296800,1.08253,1.08279,1.08247,1.08268,605,0,0
1712300400,1.08268,1.08278,1.08249,1.08263,554,0,0
1712304000,1.08263,1.08279,1.08252,1.08272,682,0,0
1712307600,1.08272,1.0833,1.08224,1.08305,1866,0,0
1712311200,1.08306,1.08412,1.08302,1.08392,2363,0,0
1712314800,1.08392,1.08463,1.08362,1.08375,1754,0,0
1712318400,1.08373,1.0842,1.08348,1.0838700000000001,1370,0,0
1712322000,1.0838700000000001,1.08392,1.08327,1.08344,1307,0,0
1712325600,1.08344,1.08416,1.08307,1.08349,1394,0,0
1712329200,1.08349,1.08479,1.08003,1.08092,4900,0,0
1712332800,1.08095,1.08137,1.07912,1.08011,4864,0,0
1712336400,1.0801,1.08264,1.07969,1.0818699999999999,4058,0,0
1712340000,1.0818699999999999,1.08433,1.08162,1.08402,3005,0,0
1712343600,1.08402,1.08443,1.08331,1.08356,1661,0,0
1712347200,1.08356,1.08389,1.08315,1.08329,1398,0,0
1712350800,1.08329,1.08379,1.08307,1.08349,1776,0,0
1712354400,1.08349,1.08369,1.0832,1.08355,1432,0,0
1712358000,1.08352,1.08373,1.08334,1.08363,602,2,0
1712534400,1.0836999999999999,1.08375,1.08348,1.0836999999999999,1274,12,0
1712538000,1.08362,1.0836999999999999,1.08268,1.08276,578,7,0
1712541600,1.08275,1.0833,1.08275,1.08297,545,0,0
1712545200,1.08297,1.083,1.0823,1.08271,1229,0,0
1712548800,1.0827,1.08363,1.08269,1.08353,1638,0,0
1712552400,1.08353,1.08432,1.08349,1.08407,1271,0,0
1712556000,1.08406,1.08416,1.08321,1.08333,885,0,0
1712559600,1.08334,1.08355,1.08311,1.0832,568,0,0
1712563200,1.08322,1.08372,1.08321,1.08345,911,0,0
1712566800,1.08345,1.08375,1.08297,1.08339,1946,0,0
1712570400,1.08341,1.08377,1.08284,1.08322,2300,0,0
1712574000,1.08322,1.08353,1.08222,1.08234,2462,0,0
1712577600,1.08234,1.08299,1.08209,1.08279,1919,0,0
1712581200,1.08276,1.08341,1.08259,1.08322,1406,0,0
1712584800,1.08323,1.08332,1.08233,1.08238,1358,0,0
1712588400,1.08238,1.08356,1.08217,1.08342,1950,0,0
1712592000,1.08344,1.08534,1.08344,1.08517,2952,0,0
1712595600,1.08517,1.08562,1.08436,1.08532,2943,0,0
1712599200,1.08533,1.0859,1.08494,1.08527,2067,0,0
1712602800,1.08526,1.08528,1.08466,1.085,1452,0,0
1712606400,1.085,1.08593,1.08493,1.08578,1166,0,0
1712610000,1.08578,1.08622,1.08556,1.08572,1091,0,0
1712613600,1.08572,1.08588,1.0856,1.08567,1205,0,0
1712617200,1.08567,1.08593,1.0856,1.08585,405,1,0
1712620800,1.08582,1.08598,1.08471,1.08582,873,13,0
1712624400,1.08585,1.08606,1.08583,1.08601,271,7,0
1712628000,1.086,1.08634,1.086,1.0862,626,0,0
1712631600,1.08619,1.08634,1.08575,1.08586,943,0,0
1712635200,1.08587,1.0862,1.08569,1.08596,1151,0,0
1712638800,1.08596,1.08622,1.08557,1.08569,856,0,0
1712642400,1.08569,1.08574,1.08539,1.0855299999999999,580,0,0
1712646000,1.0855299999999999,1.08585,1.0855299999999999,1.08564,492,0,0
1712649600,1.08565,1.08585,1.0856,1.08578,498,0,0
1712653200,1.08578,1.08626,1.08511,1.08521,1291,0,0
1712656800,1.08523,1.08601,1.08514,1.08532,1904,0,0
1712660400,1.08535,1.08587,1.0849199999999999,1.08575,1522,0,0
1712664000,1.08575,1.08658,1.08564,1.0865,1730,0,0
1712667600,1.08652,1.08706,1.08652,1.0869,1124,0,0
1712671200,1.0869,1.08728,1.08593,1.08613,1333,0,0
1712674800,1.0861399999999999,1.08839,1.08603,1.08805,2359,0,0
1712678400,1.08807,1.0885,1.08761,1.0878700000000001,2832,0,0
1712682000,1.0878700000000001,1.08823,1.0853,1.08572,3001,0,0
1712685600,1.08573,1.08589,1.08521,1.08556,2731,0,0
1712689200,1.08556,1.08601,1.08536,1.08545,1379,0,0
1712692800,1.0854300000000001,1.0855299999999999,1.08511,1.08514,1254,0,0
1712696400,1.08514,1.08547,1.085,1.0853,955,0,0
1712700000,1.0853,1.08574,1.08477,1.08565,1397,0,0
1712703600,1.08564,1.08587,1.0855299999999999,1.08563,454,2,0
1712707200,1.08558,1.08584,1.08523,1.08567,1560,14,0
1712710800,1.08566,1.08584,1.08561,1.08581,319,8,0
1712714400,1.08581,1.08597,1.08577,1.08587,386,0,0
1712718000,1.08587,1.08588,1.08551,1.08572,763,0,0
1712721600,1.08572,1.08588,1.08514,1.08544,1212,0,0
1712725200,1.08544,1.08556,1.08508,1.08534,1207,0,0
1712728800,1.08534,1.0854300000000001,1.0852,1.0853,571,0,0
1712732400,1.0853,1.08535,1.08505,1.08524,570,0,0
1712736000,1.08524,1.08556,1.08512,1.08517,678,0,0
1712739600,1.08517,1.08548,1.08479,1.08532,1501,0,0
1712743200,1.08533,1.08572,1.08508,1.08552,1907,0,0
1712746800,1.0855299999999999,1.08605,1.08513,1.0860400000000001,1554,0,0
1712750400,1.0860400000000001,1.08655,1.08567,1.08616,1447,0,0
1712754000,1.08616,1.08657,1.0860400000000001,1.08645,1157,0,0
1712757600,1.08644,1.08664,1.0855,1.08556,1323,0,0
1712761200,1.08555,1.08648,1.07783,1.07807,5967,0,0
1712764800,1.07807,1.07812,1.07494,1.07508,6184,0,0
1712768400,1.0751,1.0767,1.07457,1.07532,4583,0,0
1712772000,1.07532,1.07546,1.07333,1.07367,3032,0,0
1712775600,1.07366,1.07374,1.07287,1.07361,2152,0,0
1712779200,1.07361,1.0754299999999999,1.0729,1.07503,4153,0,0
1712782800,1.07503,1.07542,1.07351,1.07362,3381,0,0
1712786400,1.07364,1.07455,1.07356,1.0743800000000001,2399,0,0
1712790000,1.07436,1.07454,1.07409,1.07416,826,1,0
1712793600,1.07415,1.07441,1.07381,1.07417,626,9,0
1712797200,1.07417,1.07432,1.07396,1.07427,438,8,0
1712800800,1.0743,1.07447,1.07392,1.07411,780,0,0
1712804400,1.07412,1.07458,1.07382,1.07424,1592,0,0
1712808000,1.07424,1.0747,1.07411,1.07461,1528,0,0
1712811600,1.07461,1.07469,1.07443,1.07454,925,0,0
1712815200,1.07454,1.07489,1.07445,1.07446,751,0,0
1712818800,1.07446,1.07465,1.0744,1.07462,403,0,0
1712822400,1.07462,1.07471,1.07427,1.07428,817,0,0
1712826000,1.07427,1.07427,1.07266,1.07284,1935,0,0
1712829600,1.07282,1.07446,1.07279,1.07429,2896,0,0
1712833200,1.07429,1.0749900000000001,1.07383,1.07405,2280,0,0
1712836800,1.07404,1.07407,1.07289,1.07311,2213,0,0
1712840400,1.07311,1.07337,1.07262,1.07297,1841,0,0
1712844000,1.07295,1.07341,1.07254,1.07284,2033,0,0
1712847600,1.07284,1.07469,1.07148,1.07414,6251,0,0
1712851200,1.07414,1.07563,1.0728,1.07346,5831,0,0
1712854800,1.07345,1.07346,1.06992,1.07051,4411,0,0
1712858400,1.07052,1.07214,1.0702099999999999,1.07211,3293,0,0
1712862000,1.07215,1.07233,1.07135,1.07175,2337,0,0
1712865600,1.07175,1.07297,1.07152,1.07276,2833,0,0
1712869200,1.07277,1.07345,1.07249,1.0725500000000001,1988,0,0
1712872800,1.0725500000000001,1.0732,1.07253,1.07287,1531,0,0
1712876400,1.07286,1.07289,1.0725,1.07252,561,2,0
1712880000,1.07251,1.0728,1.07207,1.07254,186,14,0
1712883600,1.07257,1.07289,1.07252,1.07276,409,8,0
1712887200,1.07276,1.07282,1.0723799999999999,1.0726,459,0,0
1712890800,1.0726,1.07275,1.07224,1.07259,850,0,0
1712894400,1.07259,1.07282,1.0723,1.07243,1483,0,0
1712898000,1.07243,1.07274,1.07233,1.07265,721,0,0
1712901600,1.07265,1.07266,1.07153,1.0717,779,0,0
1712905200,1.0717,1.07174,1.07107,1.07113,507,0,0
1712908800,1.07113,1.0714,1.07105,1.07113,798,0,0
1712912400,1.07113,1.0712,1.0681,1.06828,2601,0,0
1712916000,1.06835,1.06872,1.06743,1.06842,3175,0,0
1712919600,1.06842,1.0685,1.06709,1.0671,2198,0,0
1712923200,1.06711,1.06749,1.06551,1.06605,2310,0,0
1712926800,1.06608,1.06609,1.0644,1.06469,2280,0,0
1712930400,1.06468,1.06591,1.06459,1.06508,2186,0,0
1712934000,1.06509,1.06555,1.06313,1.06382,3357,0,0
1712937600,1.06385,1.06436,1.06309,1.06429,4312,0,0
1712941200,1.0643,1.06462,1.06225,1.06298,4569,0,0
1712944800,1.06295,1.06508,1.06293,1.06467,3165,0,0
1712948400,1.06467,1.06469,1.06376,1.06418,2836,0,0
1712952000,1.06418,1.06497,1.06405,1.0647,2629,0,0
1712955600,1.0647,1.06505,1.06389,1.0639,2175,0,0
1712959200,1.06389,1.06427,1.06373,1.06383,1438,0,0
1712962800,1.0638,1.06438,1.0636700000000001,1.06406,691,2,0
1713139200,1.0636,1.06401,1.06278,1.06338,988,20,0
1713142800,1.06335,1.06508,1.06333,1.06492,1026,7,0
1713146400,1.06492,1.06499,1.06433,1.0646,1042,0,0
1713150000,1.06461,1.06495,1.06432,1.06455,1798,0,0
1713153600,1.06455,1.06506,1.06391,1.06495,1720,0,0
1713157200,1.06495,1.06547,1.0648900000000001,1.06506,1298,0,0
1713160800,1.06506,1.06537,1.06474,1.06519,1031,0,0
1713164400,1.06519,1.06541,1.0647,1.06524,847,0,0
1713168000,1.06524,1.0659,1.06506,1.06578,1122,0,0
1713171600,1.06578,1.06648,1.06515,1.06544,2808,0,0
1713175200,1.06542,1.06609,1.065,1.06581,3235,0,0
1713178800,1.0658,1.06617,1.06537,1.06563,2715,0,0
1713182400,1.06563,1.06625,1.06534,1.06549,2134,0,0
1713186000,1.06549,1.06598,1.06515,1.06575,1793,0,0
1713189600,1.06575,1.06651,1.06516,1.06547,2199,0,0
1713193200,1.06548,1.06575,1.0631,1.0647,4182,0,0
1713196800,1.06471,1.06607,1.0634,1.0637,3963,0,0
1713200400,1.06369,1.06376,1.06219,1.06267,4764,0,0
1713204000,1.06268,1.0645,1.06227,1.06433,3009,0,0
1713207600,1.06433,1.06474,1.06345,1.0636,2117,0,0
1713211200,1.0636,1.06395,1.0623,1.06287,3016,0,0
1713214800,1.06289,1.06315,1.06235,1.0625,2488,0,0
1713218400,1.0625,1.06272,1.06203,1.06263,2064,0,0
1713222000,1.06263,1.06266,1.06204,1.06237,710,2,0
1713225600,1.06234,1.06238,1.06188,1.06226,274,13,0
1713229200,1.06226,1.06275,1.06224,1.06266,564,7,0
1713232800,1.06266,1.06284,1.06243,1.06247,661,0,0
1713236400,1.06243,1.06254,1.06178,1.06184,1271,0,0
1713240000,1.06184,1.06192,1.06072,1.06159,1856,0,0
1713243600,1.06159,1.06176,1.06062,1.06099,1585,0,0
1713247200,1.06099,1.06124,1.06072,1.06113,730,0,0
1713250800,1.06113,1.06142,1.061,1.0614,693,0,0
1713254400,1.0614,1.06204,1.06137,1.06182,1067,0,0
1713258000,1.0618,1.062,1.06023,1.06105,2728,0,0
1713261600,1.06103,1.06228,1.06101,1.06178,3360,0,0
1713265200,1.06178,1.06247,1.06125,1.06158,2740,0,0
1713268800,1.06159,1.06349,1.06159,1.06291,2735,0,0
1713272400,1.06291,1.06323,1.06231,1.06261,2103,0,0
1713276000,1.06264,1.0647199999999999,1.06259,1.06424,2218,0,0
1713279600,1.06424,1.06536,1.0636,1.06389,3212,0,0
1713283200,1.06389,1.06437,1.06276,1.06296,4898,0,0
1713286800,1.06296,1.06448,1.06276,1.06317,4631,0,0
1713290400,1.06318,1.06394,1.06216,1.06278,3707,0,0
1713294000,1.0628,1.06282,1.06187,1.06249,2993,0,0
1713297600,1.0625,1.0625499999999999,1.0601099999999999,1.06209,4585,0,0
1713301200,1.06209,1.06348,1.06161,1.06309,4594,0,0
1713304800,1.06309,1.06317,1.06176,1.06219,2441,0,0
1713308400,1.06219,1.06226,1.06162,1.06181,640,0,0
1713312000,1.0618,1.06205,1.06122,1.06149,773,14,0
1713315600,1.06145,1.06194,1.06119,1.06191,663,8,0
1713319200,1.06191,1.06252,1.06191,1.06209,657,0,0
1713322800,1.06209,1.06239,1.0617,1.06222,1175,0,0
1713326400,1.06222,1.06297,1.06203,1.06282,1518,0,0
1713330000,1.06282,1.06356,1.0627,1.0634,1189,0,0
1713333600,1.0634,1.06344,1.06269,1.0627,871,0,0
1713337200,1.0627,1.06311,1.06244,1.06249,636,0,0
1713340800,1.06249,1.06249,1.06097,1.06117,1110,0,0
1713344400,1.06117,1.06375,1.06061,1.06345,3262,0,0
1713348000,1.06346,1.06346,1.06241,1.06252,3033,0,0
1713351600,1.06252,1.06487,1.0624,1.06406,2568,0,0
1713355200,1.06404,1.06485,1.06353,1.06409,2815,0,0
1713358800,1.0641,1.06467,1.0638,1.06392,1794,0,0
1713362400,1.06392,1.06491,1.06322,1.06354,2055,0,0
1713366000,1.06357,1.06427,1.06314,1.06348,3205,0,0
1713369600,1.06348,1.06526,1.06344,1.0644,3846,0,0
1713373200,1.0644,1.06445,1.06299,1.06354,3874,0,0
1713376800,1.06354,1.06461,1.06354,1.06429,3609,0,0
1713380400,1.06429,1.06562,1.06359,1.06497,3617,0,0
1713384000,1.06497,1.06687,1.06479,1.06681,3147,0,0
1713387600,1.06681,1.06796,1.06669,1.06704,2767,0,0
1713391200,1.06704,1.06719,1.06644,1.06713,2311,0,0
1713394800,1.06712,1.06736,1.06692,1.0672,555,1,0
1713398400,1.06702,1.06728,1.06664,1.06707,549,11,0
1713402000,1.06707,1.06742,1.06705,1.06721,604,7,0
1713405600,1.06723,1.06736,1.0668,1.0669,472,0,0
1713409200,1.0669,1.06704,1.06642,1.06699,920,0,0
1713412800,1.06699,1.06739,1.06644,1.06701,1321,0,0
1713416400,1.06701,1.0679,1.06689,1.06779,1256,0,0
1713420000,1.06779,1.06802,1.06753,1.06799,592,0,0
1713423600,1.06799,1.068,1.06756,1.06783,598,0,0
1713427200,1.06782,1.06839,1.06749,1.06809,905,0,0
1713430800,1.06811,1.069,1.06791,1.06853,2107,0,0
1713434400,1.06854,1.06879,1.06783,1.0681,2713,0,0
1713438000,1.0681,1.06839,1.06748,1.06784,2472,0,0
1713441600,1.06785,1.06812,1.06701,1.06704,1800,0,0
1713445200,1.06704,1.06772,1.06699,1.06757,1590,0,0
1713448800,1.06757,1.0679,1.067,1.06771,1622,0,0
1713452400,1.06772,1.06797,1.06598,1.06628,3889,0,0
1713456000,1.06629,1.06684,1.06464,1.06503,4584,0,0
1713459600,1.06504,1.06633,1.06497,1.06538,5892,0,0
1713463200,1.06538,1.06647,1.06536,1.06598,3653,0,0
1713466800,1.06598,1.06617,1.06516,1.06532,2460,0,0
1713470400,1.06532,1.06547,1.06431,1.06483,3356,0,0
1713474000,1.06483,1.06495,1.06419,1.0645,2884,0,0
1713477600,1.0645,1.06483,1.06424,1.06436,1924,0,0
1713481200,1.06436,1.06454,1.06408,1.06425,587,0,0
1713484800,1.06424,1.06447,1.0641,1.06421,127,13,0
1713488400,1.06421,1.0644,1.064,1.064,292,8,0
1713492000,1.064,1.06439,1.064,1.06425,579,0,0
1713495600,1.06425,1.06447,1.0636,1.06386,2321,0,0
1713499200,1.06386,1.064,1.06135,1.06187,6676,0,0
1713502800,1.06189,1.06237,1.06104,1.0618,7025,0,0
1713506400,1.06181,1.06405,1.06152,1.06372,5224,0,0
1713510000,1.06372,1.06432,1.06337,1.06347,1804,0,0
1713513600,1.06347,1.06409,1.06295,1.06308,2251,0,0
1713517200,1.06308,1.06492,1.0627,1.06448,6091,0,0
1713520800,1.06448,1.06593,1.06438,1.06553,5941,0,0
1713524400,1.06553,1.06553,1.06432,1.06454,2944,0,0
1713528000,1.06457,1.0662,1.06451,1.0659,1967,0,0
1713531600,1.0659,1.0659,1.06468,1.06473,1891,0,0
1713535200,1.06473,1.06552,1.06429,1.06517,2080,0,0
1713538800,1.06519,1.06736,1.06496,1.06654,2415,0,0
1713542400,1.06649,1.06754,1.06587,1.06657,3102,0,0
1713546000,1.06654,1.06775,1.06637,1.06695,3351,0,0
1713549600,1.06692,1.06718,1.06537,1.06549,2244,0,0
1713553200,1.06549,1.06597,1.06402,1.06535,2129,0,0
1713556800,1.0653299999999999,1.06584,1.06508,1.06556,1747,0,0
1713560400,1.06556,1.06556,1.06465,1.06506,1862,0,0
1713564000,1.06505,1.06553,1.06496,1.06547,1643,0,0
1713567600,1.06546,1.06572,1.06528,1.06557,470,3,0
1713744000,1.06526,1.06598,1.06478,1.06555,734,7,0
1713747600,1.06545,1.06608,1.06536,1.06583,546,8,0
1713751200,1.06588,1.0661,1.06575,1.06575,506,0,0
1713754800,1.06575,1.06648,1.06528,1.0653299999999999,1601,0,0
1713758400,1.0653299999999999,1.06697,1.0653299999999999,1.06682,1845,0,0
1713762000,1.06681,1.06706,1.06637,1.06639,936,0,0
1713765600,1.06639,1.06645,1.06604,1.06616,682,0,0
1713769200,1.06616,1.06685,1.06614,1.06653,633,0,0
1713772800,1.06654,1.06659,1.06619,1.06637,756,0,0
1713776400,1.06637,1.06692,1.06605,1.0664,1827,0,0
1713780000,1.06631,1.06677,1.06524,1.06584,2353,0,0
1713783600,1.06584,1.06622,1.06474,1.06568,1872,0,0
1713787200,1.06568,1.06618,1.06488,1.06514,1750,0,0
1713790800,1.06514,1.0655000000000001,1.06474,1.06505,1520,0,0
1713794400,1.06504,1.06509,1.0633,1.06352,1597,0,0
1713798000,1.0635,1.06439,1.06308,1.06396,2114,0,0
1713801600,1.06396,1.06409,1.0624,1.06332,2417,0,0
1713805200,1.06331,1.06477,1.06327,1.0645,2472,0,0
1713808800,1.0645,1.06479,1.06406,1.0647199999999999,1542,0,0
1713812400,1.06471,1.06508,1.06461,1.06487,1176,0,0
1713816000,1.06487,1.06575,1.06481,1.06571,1144,0,0
1713819600,1.06572,1.06607,1.06541,1.06585,988,0,0
1713823200,1.06585,1.06585,1.06505,1.06519,1253,0,0
1713826800,1.06517,1.06549,1.06501,1.06539,436,1,0
1713830400,1.06521,1.06546,1.06496,1.06504,269,15,0
1713834000,1.06507,1.06539,1.06507,1.06539,268,8,0
1713837600,1.06538,1.06558,1.06524,1.06538,461,0,0
1713841200,1.06538,1.06593,1.06538,1.06587,686,0,0
1713844800,1.06587,1.06604,1.06534,1.06541,1124,0,0
1713848400,1.06541,1.06605,1.06537,1.06584,785,0,0
1713852000,1.06584,1.06588,1.06545,1.0656,583,0,0
1713855600,1.0656,1.06582,1.06541,1.0655000000000001,481,0,0
1713859200,1.06549,1.06549,1.06495,1.06509,813,0,0
1713862800,1.06508,1.06509,1.06385,1.0645,1608,0,0
1713866400,1.06446,1.06949,1.06436,1.06796,2798,0,0
1713870000,1.06773,1.0683,1.06691,1.06707,2190,0,0
1713873600,1.06706,1.06706,1.06561,1.06593,1727,0,0
1713877200,1.06592,1.06626,1.06532,1.06549,1568,0,0
1713880800,1.06548,1.0678,1.06548,1.06746,1866,0,0
1713884400,1.06746,1.06767,1.0664,1.06721,1937,0,0
1713888000,1.0672,1.07098,1.066,1.07013,2699,0,0
1713891600,1.07014,1.07112,1.06905,1.06985,3942,0,0
1713895200,1.06984,1.07034,1.069,1.06942,2365,0,0
1713898800,1.06946,1.07024,1.06922,1.06999,1436,0,0
1713902400,1.06999,1.07077,1.06993,1.07048,1443,0,0
1713906000,1.07048,1.07074,1.07018,1.07038,903,0,0
1713909600,1.07038,1.07055,1.07018,1.07028,1053,0,0
1713913200,1.07028,1.07028,1.06999,1.07006,399,3,0
1713916800,1.07006,1.0702099999999999,1.06991,1.07018,246,16,0
1713920400,1.07002,1.07041,1.07002,1.07026,317,1,0
1713924000,1.07028,1.07033,1.06995,1.07023,432,0,0
1713927600,1.07024,1.07106,1.07002,1.07095,863,0,0
1713931200,1.07095,1.07141,1.07076,1.07097,1458,0,0
1713934800,1.07097,1.07131,1.07077,1.071,925,0,0
1713938400,1.071,1.07109,1.07042,1.07061,620,0,0
1713942000,1.07062,1.07087,1.07052,1.07052,406,0,0
1713945600,1.07052,1.07056,1.07003,1.0701100000000001,604,0,0
1713949200,1.07014,1.07052,1.06922,1.06946,1436,0,0
1713952800,1.06943,1.0695999999999999,1.06848,1.0688,1954,0,0
1713956400,1.06881,1.06924,1.06807,1.06831,1687,0,0
1713960000,1.06833,1.06909,1.06833,1.06837,1409,0,0
1713963600,1.06836,1.06918,1.06836,1.06883,1084,0,0
1713967200,1.0688,1.06898,1.06832,1.0689,1161,0,0
1713970800,1.06891,1.06931,1.06779,1.06867,2483,0,0
1713974400,1.06867,1.06994,1.0684,1.06933,2446,0,0
1713978000,1.06933,1.07024,1.06855,1.0688,2343,0,0
1713981600,1.0688,1.06912,1.0681,1.06863,1976,0,0
1713985200,1.06862,1.06911,1.06832,1.06905,1500,0,0
1713988800,1.06904,1.06974,1.06898,1.06958,1307,0,0
1713992400,1.06958,1.06966,1.0687,1.06932,1418,0,0
1713996000,1.06932,1.07069,1.06921,1.07007,1180,0,0
1713999600,1.07007,1.07007,1.06964,1.0698,530,2,0
1714003200,1.06982,1.06985,1.06884,1.06965,350,14,0
1714006800,1.06952,1.06986,1.06938,1.06969,348,9,0
1714010400,1.06969,1.06999,1.06965,1.06999,329,0,0
1714014000,1.06999,1.07045,1.06991,1.07032,751,0,0
1714017600,1.07033,1.07088,1.06969,1.0707,886,0,0
1714021200,1.0707,1.07088,1.07042,1.0707200000000001,877,0,0
1714024800,1.0707200000000001,1.07081,1.07034,1.07058,681,0,0
1714028400,1.07058,1.07099,1.07052,1.0709,380,0,0
1714032000,1.0709,1.0713,1.07076,1.07122,681,0,0
1714035600,1.07128,1.07277,1.07114,1.07206,1617,0,0
1714039200,1.07204,1.07236,1.07113,1.07208,1984,0,0
1714042800,1.07208,1.07287,1.07201,1.07257,1491,0,0
1714046400,1.07257,1.07285,1.07212,1.07267,1368,0,0
1714050000,1.07267,1.07297,1.07223,1.07247,1260,0,0
1714053600,1.07247,1.07298,1.0717,1.07202,1273,0,0
1714057200,1.07202,1.07402,1.06854,1.06919,3437,0,0
1714060800,1.06927,1.07037,1.06784,1.07006,3843,0,0
1714064400,1.07005,1.07207,1.06927,1.07118,3252,0,0
1714068000,1.07116,1.07214,1.07076,1.07202,2560,0,0
1714071600,1.07203,1.07351,1.07149,1.07311,1828,0,0
1714075200,1.07311,1.07387,1.07294,1.07302,1824,0,0
1714078800,1.07302,1.07302,1.07228,1.07273,1799,0,0
1714082400,1.07273,1.07346,1.0727,1.07293,1395,0,0
1714086000,1.07291,1.07303,1.07282,1.0729,694,2,0
1714089600,1.07283,1.07292,1.07229,1.0728,224,12,0
1714093200,1.0728,1.07296,1.07275,1.07285,350,8,0
1714096800,1.07285,1.07301,1.07263,1.07266,350,0,0
1714100400,1.07266,1.07279,1.07227,1.07272,811,0,0
1714104000,1.07273,1.07291,1.0723799999999999,1.0727,882,0,0
1714107600,1.0727,1.07283,1.07185,1.07229,728,0,0
1714111200,1.07228,1.07252,1.07186,1.0723,992,0,0
1714114800,1.0723,1.07234,1.07211,1.07224,563,0,0
1714118400,1.07224,1.07273,1.07214,1.0726,779,0,0
1714122000,1.07259,1.07386,1.07257,1.07352,1672,0,0
1714125600,1.07352,1.07364,1.07259,1.07295,1984,0,0
1714129200,1.07294,1.07527,1.07284,1.07409,2590,0,0
1714132800,1.07409,1.07432,1.07306,1.0735999999999999,1861,0,0
1714136400,1.0735999999999999,1.07369,1.07262,1.07285,1513,0,0
1714140000,1.07275,1.07344,1.0715,1.07158,1611,0,0
1714143600,1.07158,1.07414,1.07102,1.07163,3191,0,0
1714147200,1.07165,1.07237,1.07061,1.07069,3073,0,0
1714150800,1.07068,1.07115,1.06761,1.06797,2998,0,0
1714154400,1.06798,1.06904,1.0674,1.06853,2402,0,0
1714158000,1.06856,1.06963,1.0683799999999999,1.06945,1378,0,0
1714161600,1.06945,1.06979,1.06931,1.06941,884,0,0
1714165200,1.06941,1.07057,1.06936,1.07054,883,0,0
1714168800,1.07054,1.0707,1.06967,1.06998,846,0,0
1714172400,1.06994,1.07012,1.06904,1.06922,792,2,0
1714348800,1.0694,1.06964,1.06865,1.06939,306,20,0
1714352400,1.06941,1.07031,1.06923,1.07014,467,8,0
1714356000,1.07015,1.07069,1.07004,1.07069,871,0,0
1714359600,1.07069,1.0711,1.07062,1.07097,754,0,0
1714363200,1.07097,1.07157,1.07074,1.0714299999999999,1642,0,0
1714366800,1.0714299999999999,1.07199,1.07129,1.07174,1129,0,0
1714370400,1.07174,1.07182,1.07147,1.07162,458,0,0
1714374000,1.07162,1.07334,1.07145,1.07289,2714,0,0
1714377600,1.07289,1.07337,1.07239,1.07256,1929,0,0
1714381200,1.07253,1.07286,1.07147,1.07152,1810,0,0
1714384800,1.07142,1.07254,1.0708199999999999,1.07177,3491,0,0
1714388400,1.07176,1.07248,1.07013,1.07045,2797,0,0
1714392000,1.07044,1.0719,1.06972,1.07147,2191,0,0
1714395600,1.07147,1.07196,1.07122,1.07174,1552,0,0
1714399200,1.07175,1.07271,1.0712,1.07142,1463,0,0
1714402800,1.07142,1.07236,1.0702099999999999,1.07033,1814,0,0
1714406400,1.07032,1.07069,1.06901,1.06989,2384,0,0
1714410000,1.06992,1.0713300000000001,1.06989,1.07128,2301,0,0
1714413600,1.07129,1.07208,1.0712,1.07166,1713,0,0
1714417200,1.07166,1.07289,1.07162,1.07259,1758,0,0
1714420800,1.07259,1.07295,1.07212,1.07216,1274,0,0
1714424400,1.07215,1.07252,1.07179,1.07246,1252,0,0
1714428000,1.07245,1.07245,1.0715,1.07212,1778,0,0
1714431600,1.07212,1.07227,1.07188,1.072,456,0,0
1714435200,1.07197,1.07215,1.0716,1.07201,244,14,0
1714438800,1.07188,1.07221,1.07166,1.07168,383,8,0
1714442400,1.07172,1.07192,1.07141,1.07147,600,0,0
1714446000,1.07147,1.07177,1.07101,1.0715,1115,0,0
1714449600,1.07149,1.07178,1.0707,1.07071,958,0,0
1714453200,1.07071,1.07073,1.0703,1.07065,808,0,0
1714456800,1.07065,1.0707200000000001,1.07026,1.07053,652,0,0
1714460400,1.07053,1.07057,1.07023,1.07055,399,0,0
1714464000,1.07055,1.07067,1.06952,1.06991,909,0,0
1714467600,1.06991,1.0706,1.069,1.07047,1866,0,0
1714471200,1.07046,1.07097,1.07018,1.07052,1766,0,0
1714474800,1.07051,1.07121,1.06931,1.07107,1499,0,0
1714478400,1.07112,1.07345,1.07106,1.07267,1915,0,0
1714482000,1.07267,1.07353,1.07227,1.07281,1451,0,0
1714485600,1.07281,1.07281,1.0719400000000001,1.07201,1635,0,0
1714489200,1.07201,1.07239,1.06898,1.07002,3166,0,0
1714492800,1.0701,1.07147,1.06944,1.07049,3408,0,0
1714496400,1.0705,1.07196,1.0687,1.0691,3701,0,0
1714500000,1.06914,1.06987,1.06831,1.06837,2903,0,0
1714503600,1.06836,1.06867,1.06758,1.06788,1908,0,0
1714507200,1.0679,1.0683,1.06751,1.06802,1446,0,0
1714510800,1.06802,1.06825,1.0676,1.06779,1289,0,0
1714514400,1.0678,1.06805,1.06717,1.06727,1331,0,0
1714518000,1.06722,1.06731,1.0663,1.0665499999999999,1004,2,0
1714521600,1.0665,1.0671599999999999,1.06625,1.06673,383,14,0
1714525200,1.06671,1.06694,1.06653,1.06669,449,7,0
1714528800,1.0667,1.06675,1.06654,1.06659,604,0,0
1714532400,1.06661,1.0667200000000001,1.0658,1.06615,810,0,0
1714536000,1.06615,1.06631,1.0659,1.06606,662,0,0
1714539600,1.06605,1.06605,1.06572,1.06587,484,0,0
1714543200,1.06587,1.0659,1.06558,1.06564,463,0,0
1714546800,1.06564,1.06569,1.06549,1.06558,372,0,0
1714550400,1.06557,1.06568,1.06541,1.06553,447,0,0
1714554000,1.06554,1.06583,1.06494,1.06517,1215,0,0
1714557600,1.06515,1.06617,1.06515,1.06609,1367,0,0
1714561200,1.0661,1.06705,1.0661,1.06694,1323,0,0
1714564800,1.06697,1.06732,1.06678,1.06698,1174,0,0
1714568400,1.06697,1.06732,1.06667,1.06689,910,0,0
1714572000,1.06689,1.06726,1.06671,1.06717,1088,0,0
1714575600,1.06717,1.06848,1.0671599999999999,1.06842,2131,0,0
1714579200,1.06841,1.06853,1.06747,1.0681,1904,0,0
1714582800,1.06817,1.06924,1.06776,1.0683,3093,0,0
1714586400,1.06832,1.06853,1.06772,1.06792,1716,0,0
1714590000,1.06792,1.06792,1.06707,1.06714,1155,0,0
1714593600,1.06717,1.06828,1.06708,1.06748,1247,0,0
1714597200,1.06748,1.07327,1.06706,1.0728,5229,0,0
1714600800,1.07282,1.073,1.06891,1.06894,3922,0,0
1714604400,1.0689,1.07224,1.06865,1.07089,2204,3,0
1714608000,1.07096,1.07152,1.0693,1.07096,545,13,0
1714611600,1.07117,1.07195,1.07117,1.07159,562,8,0
1714615200,1.07159,1.0718,1.07119,1.07169,872,0,0
1714618800,1.07169,1.07169,1.07095,1.07117,1280,0,0
1714622400,1.07116,1.07157,1.07069,1.07154,924,0,0
1714626000,1.07155,1.07208,1.07155,1.07187,1066,0,0
1714629600,1.07187,1.07187,1.07127,1.07146,748,0,0
1714633200,1.07146,1.07202,1.07142,1.07176,652,0,0
1714636800,1.07177,1.07203,1.07122,1.0716,881,0,0
1714640400,1.07166,1.07273,1.07135,1.07175,2166,0,0
1714644000,1.07172,1.07281,1.07129,1.07154,2532,0,0
1714647600,1.07154,1.07191,1.07,1.07042,2218,0,0
1714651200,1.07041,1.0709,1.06957,1.07032,1886,0,0
1714654800,1.07031,1.07059,1.06967,1.07038,1608,0,0
1714658400,1.07042,1.0706,1.06954,1.07022,1730,0,0
1714662000,1.07024,1.07121,1.06935,1.0701100000000001,2897,0,0
1714665600,1.07014,1.07032,1.06801,1.06866,3300,0,0
1714669200,1.06865,1.06906,1.06742,1.06883,3399,0,0
1714672800,1.06882,1.0708199999999999,1.06859,1.07049,2524,0,0
1714676400,1.07053,1.07215,1.07018,1.07166,1821,0,0
1714680000,1.07167,1.07229,1.07139,1.07193,1491,0,0
1714683600,1.0719400000000001,1.07302,1.07182,1.07302,1538,0,0
1714687200,1.07302,1.07302,1.07233,1.0727,1411,0,0
1714690800,1.0727,1.07275,1.07239,1.07245,781,1,0
1714694400,1.0722,1.0725500000000001,1.07192,1.07219,376,13,0
1714698000,1.07221,1.07291,1.07221,1.07283,352,8,0
1714701600,1.07282,1.0731,1.07279,1.07298,499,0,0
1714705200,1.07302,1.07315,1.07244,1.07314,1084,0,0
1714708800,1.07314,1.07394,1.07308,1.07373,1187,0,0
1714712400,1.07372,1.07375,1.07327,1.07332,740,0,0
1714716000,1.07332,1.0735,1.07313,1.07348,570,0,0
1714719600,1.07348,1.0735999999999999,1.07322,1.07322,458,0,0
1714723200,1.07323,1.07379,1.07318,1.07357,777,0,0
1714726800,1.07357,1.0735999999999999,1.07297,1.0729899999999999,1453,0,0
1714730400,1.0729899999999999,1.07381,1.07244,1.07346,1994,0,0
1714734000,1.07344,1.07441,1.07324,1.07425,1815,0,0
1714737600,1.07422,1.07477,1.07403,1.0743,1457,0,0
1714741200,1.0743,1.07454,1.07387,1.07431,1407,0,0
1714744800,1.07431,1.07496,1.07424,1.07457,1383,0,0
1714748400,1.07453,1.0812,1.07437,1.07937,3718,0,0
1714752000,1.07928,1.07961,1.07706,1.07759,4344,0,0
1714755600,1.07938,1.07985,1.07514,1.07657,4851,0,0
1714759200,1.07658,1.078,1.07637,1.0769,2743,0,0
1714762800,1.07691,1.07731,1.07616,1.07635,1862,0,0
1714766400,1.07634,1.07676,1.07591,1.07648,1094,0,0
1714770000,1.07648,1.07681,1.07636,1.07673,1098,0,0
1714773600,1.07673,1.07693,1.07636,1.07641,1188,0,0
1714777200,1.0764,1.07664,1.0761,1.07611,506,1,0
1714953600,1.0763,1.07643,1.07592,1.07629,228,8,0
1714957200,1.07624,1.0764,1.0761,1.07619,367,8,0
1714960800,1.07619,1.07646,1.07574,1.07583,744,0,0
1714964400,1.07582,1.07688,1.07552,1.07674,1045,0,0
1714968000,1.07674,1.07707,1.07628,1.077,1447,0,0
1714971600,1.077,1.07715,1.07648,1.07653,893,0,0
1714975200,1.07653,1.07667,1.07622,1.07647,671,0,0
1714978800,1.07647,1.07654,1.07622,1.07628,532,0,0
1714982400,1.07627,1.07649,1.07599,1.07608,709,0,0
1714986000,1.07609,1.07652,1.07592,1.07625,1434,0,0
1714989600,1.07625,1.07695,1.07602,1.07615,1799,0,0
1714993200,1.07617,1.07761,1.07577,1.07684,1736,0,0
1714996800,1.07685,1.0772,1.07661,1.07695,1333,0,0
1715000400,1.07695,1.0773,1.07662,1.0772,1373,0,0
1715004000,1.07719,1.07741,1.07687,1.07725,1156,0,0
1715007600,1.07725,1.07908,1.07722,1.07874,1733,0,0
1715011200,1.07874,1.07888,1.07811,1.07864,1791,0,0
1715014800,1.07865,1.07868,1.07786,1.07803,1574,0,0
1715018400,1.07798,1.07798,1.07745,1.07786,1452,0,0
1715022000,1.07786,1.07788,1.07712,1.07742,1234,0,0
1715025600,1.07742,1.07764,1.07731,1.07741,937,0,0
1715029200,1.07741,1.07752,1.07721,1.07746,772,0,0
1715032800,1.07746,1.07747,1.07666,1.07673,967,0,0
1715036400,1.07675,1.07696,1.07658,1.07676,406,1,0
1715040000,1.07678,1.07703,1.07628,1.07675,218,5,0
1715043600,1.07672,1.07703,1.07666,1.07681,329,7,0
1715047200,1.07681,1.07687,1.07659,1.07671,527,0,0
1715050800,1.07671,1.0776,1.07664,1.07749,1262,0,0
1715054400,1.07749,1.07767,1.07641,1.0765500000000001,1090,0,0
1715058000,1.0765500000000001,1.0766499999999999,1.07606,1.07637,1015,0,0
1715061600,1.07636,1.0769,1.07631,1.07686,780,0,0
1715065200,1.07686,1.07693,1.0763,1.07657,919,0,0
1715068800,1.07657,1.07693,1.07572,1.07583,1036,0,0
1715072400,1.07581,1.07642,1.07541,1.07635,1727,0,0
1715076000,1.07638,1.07695,1.07607,1.07647,2092,0,0
1715079600,1.07642,1.07653,1.07557,1.07637,1539,0,0
1715083200,1.07636,1.07639,1.07552,1.07595,1456,0,0
1715086800,1.07595,1.07695,1.07582,1.07688,1576,0,0
1715090400,1.0769,1.07703,1.07626,1.07666,1343,0,0
1715094000,1.07668,1.07791,1.0764,1.07755,1836,0,0
1715097600,1.07757,1.07874,1.07739,1.07806,2231,0,0
1715101200,1.07806,1.07825,1.0772599999999999,1.07778,1999,0,0
1715104800,1.07778,1.07827,1.07663,1.07664,1953,0,0
1715108400,1.07664,1.07742,1.0766,1.07703,1612,0,0
1715112000,1.07705,1.07707,1.0756000000000001,1.07567,1274,0,0
1715115600,1.07565,1.07566,1.07479,1.07513,1360,0,0
1715119200,1.07512,1.07577,1.07512,1.07564,1211,0,0
1715122800,1.07565,1.07565,1.07532,1.07538,380,2,0
1715126400,1.07534,1.07552,1.07511,1.07547,272,12,0
1715130000,1.07547,1.07549,1.07502,1.07507,288,0,0
1715133600,1.07507,1.07513,1.07474,1.07497,445,0,0
1715137200,1.07496,1.07541,1.07469,1.0748,1022,0,0
1715140800,1.0748,1.07488,1.07401,1.07404,1055,0,0
1715144400,1.07403,1.07423,1.07381,1.07412,919,0,0
1715148000,1.07412,1.07436,1.07386,1.07411,647,0,0
1715151600,1.07411,1.07423,1.07389,1.07412,701,0,0
1715155200,1.07412,1.07419,1.07386,1.07407,647,0,0
1715158800,1.07407,1.0749,1.07406,1.07446,1290,0,0
1715162400,1.07447,1.07462,1.07373,1.07386,1727,0,0
1715166000,1.0738,1.07445,1.0735,1.07441,1581,0,0
1715169600,1.07441,1.07525,1.07441,1.07512,1386,0,0
1715173200,1.07513,1.07533,1.07485,1.07489,1302,0,0
1715176800,1.07489,1.07538,1.0744,1.07461,1248,0,0
1715180400,1.07461,1.07489,1.07399,1.07489,1728,0,0
1715184000,1.07489,1.07539,1.07462,1.07505,2012,0,0
1715187600,1.07505,1.07548,1.07463,1.07492,1840,0,0
1715191200,1.07491,1.07574,1.07441,1.07547,1760,0,0
1715194800,1.07547,1.07549,1.07445,1.07457,1100,0,0
1715198400,1.07457,1.07468,1.0741,1.07431,1043,0,0
1715202000,1.0743,1.07467,1.0741,1.07452,815,0,0
1715205600,1.07451,1.07462,1.07431,1.07452,844,0,0
1715209200,1.07452,1.0748,1.07434,1.07476,452,2,0
1715212800,1.07476,1.07476,1.07397,1.07468,310,15,0
1715216400,1.07471,1.07501,1.07471,1.07484,294,7,0
1715220000,1.07489,1.07494,1.07461,1.07467,328,0,0
1715223600,1.07467,1.0747,1.07423,1.07432,810,0,0
1715227200,1.07432,1.07485,1.07422,1.07475,988,0,0
1715230800,1.07475,1.07483,1.07449,1.07474,713,0,0
1715234400,1.07473,1.07514,1.07463,1.07475,690,0,0
1715238000,1.07475,1.07503,1.0745,1.07452,541,0,0
1715241600,1.07453,1.07464,1.07422,1.07437,509,0,0
1715245200,1.07437,1.07444,1.07362,1.07374,980,0,0
1715248800,1.07374,1.07412,1.07297,1.07346,1807,0,0
1715252400,1.07344,1.07352,1.07261,1.0728,1515,0,0
1715256000,1.07281,1.07315,1.07261,1.07304,1415,0,0
1715259600,1.07304,1.07384,1.07302,1.07347,1050,0,0
1715263200,1.07347,1.07361,1.07239,1.07272,2348,0,0
1715266800,1.07272,1.07623,1.0727,1.07594,2736,0,0
1715270400,1.07594,1.07675,1.07505,1.07636,2859,0,0
1715274000,1.07636,1.07801,1.07626,1.07757,2480,0,0
1715277600,1.07757,1.07816,1.07691,1.07703,1589,0,0
1715281200,1.07703,1.07778,1.07703,1.07758,1302,0,0
1715284800,1.07758,1.07802,1.07736,1.07774,1547,0,0
1715288400,1.07774,1.07824,1.07755,1.07816,1052,0,0
1715292000,1.07813,1.07843,1.07807,1.07823,1071,0,0
1715295600,1.07823,1.0783,1.07808,1.07816,370,2,0
1715299200,1.07812,1.07817,1.07764,1.07795,231,15,0
1715302800,1.07795,1.07855,1.07795,1.0784,379,0,0
1715306400,1.07844,1.07852,1.07814,1.07816,315,0,0
1715310000,1.07816,1.07821,1.07765,1.07792,802,0,0
1715313600,1.07792,1.07825,1.0776,1.07761,1219,0,0
1715317200,1.0776,1.07776,1.07731,1.0774,931,0,0
1715320800,1.07741,1.07766,1.07738,1.07759,517,0,0
1715324400,1.07759,1.07768,1.07739,1.07739,426,0,0
1715328000,1.07739,1.07769,1.07738,1.07756,827,0,0
1715331600,1.07751,1.07831,1.07715,1.07768,1694,0,0
1715335200,1.07769,1.0784,1.07761,1.07811,2102,0,0
1715338800,1.07812,1.07866,1.07773,1.07806,1804,0,0
1715342400,1.0781,1.0786,1.07791,1.07797,1626,0,0
1715346000,1.07792,1.07818,1.07755,1.07784,1358,0,0
1715349600,1.07784,1.07807,1.07752,1.07793,1276,0,0
1715353200,1.07791,1.07812,1.07662,1.077,2147,0,0
1715356800,1.077,1.07901,1.07695,1.07873,2133,0,0
1715360400,1.07874,1.07888,1.07603,1.07638,3061,0,0
1715364000,1.07638,1.07724,1.07623,1.07722,2084,0,0
1715367600,1.07722,1.07793,1.07695,1.07759,1375,0,0
1715371200,1.07759,1.07773,1.07732,1.07741,939,0,0
1715374800,1.07741,1.07741,1.07697,1.07734,899,0,0
1715378400,1.07734,1.07757,1.07717,1.07719,882,0,0
1715382000,1.07719,1.07719,1.0768,1.07694,419,0,0
1715558400,1.07686,1.07719,1.07648,1.07688,304,27,0
1715562000,1.07704,1.0772599999999999,1.07696,1.07724,379,9,0
1715565600,1.0772599999999999,1.07752,1.077,1.07701,593,0,0
1715569200,1.077,1.07722,1.07681,1.07692,958,0,0
1715572800,1.07692,1.07731,1.07668,1.0769,1183,0,0
1715576400,1.07688,1.07723,1.07658,1.07712,786,0,0
1715580000,1.07712,1.07722,1.0769,1.07715,705,0,0
1715583600,1.07715,1.07725,1.07691,1.07696,537,0,0
1715587200,1.07696,1.07747,1.07695,1.07731,727,0,0
1715590800,1.0773,1.07757,1.07687,1.077,1021,0,0
1715594400,1.077,1.07798,1.07691,1.07756,1839,0,0
1715598000,1.07756,1.07845,1.07735,1.07836,1520,0,0
1715601600,1.07836,1.07887,1.07815,1.07827,1296,0,0
1715605200,1.07827,1.07849,1.07772,1.07817,1145,0,0
1715608800,1.07817,1.07944,1.07811,1.07893,1247,0,0
1715612400,1.07892,1.07996,1.07889,1.07981,1511,0,0
1715616000,1.07982,1.08068,1.07969,1.0804,1786,0,0
1715619600,1.08041,1.08054,1.07958,1.08037,1828,0,0
1715623200,1.08038,1.08041,1.07893,1.07953,2032,0,0
1715626800,1.07952,1.07989,1.07931,1.07935,862,0,0
1715630400,1.07935,1.0794,1.0787,1.07917,859,0,0
1715634000,1.07917,1.07934,1.0789,1.07896,757,0,0
1715637600,1.07895,1.07898,1.07866,1.07889,766,0,0
1715641200,1.07889,1.07895,1.07878,1.07893,361,1,0
1715644800,1.07882,1.0789900000000001,1.07853,1.07883,265,13,0
1715648400,1.07882,1.07897,1.07872,1.07894,226,7,0
1715652000,1.07896,1.07935,1.07896,1.07919,430,0,0
1715655600,1.07919,1.07922,1.07854,1.07875,618,0,0
1715659200,1.07875,1.07896,1.07843,1.07873,886,0,0
1715662800,1.07873,1.07873,1.07844,1.07866,465,0,0
1715666400,1.07866,1.0788,1.07853,1.07875,605,0,0
1715670000,1.07876,1.07888,1.07853,1.07853,395,0,0
1715673600,1.07853,1.07871,1.07843,1.07863,515,0,0
1715677200,1.07862,1.07893,1.07829,1.07874,1405,0,0
1715680800,1.07875,1.07889,1.07856,1.07872,1288,0,0
1715684400,1.07872,1.07872,1.07753,1.07835,1783,0,0
1715688000,1.07835,1.07935,1.07835,1.07928,1432,0,0
1715691600,1.07928,1.07988,1.07921,1.07962,1195,0,0
1715695200,1.07962,1.07989,1.07925,1.07925,1038,0,0
1715698800,1.07927,1.08104,1.07664,1.08032,3081,0,0
1715702400,1.0803,1.08226,1.08006,1.08188,2992,0,0
1715706000,1.08188,1.08256,1.08099,1.0824799999999999,2437,0,0
1715709600,1.0824799999999999,1.08249,1.0815,1.08183,1612,0,0
1715713200,1.08183,1.082,1.08138,1.08168,1298,0,0
1715716800,1.08168,1.08199,1.08154,1.0819,968,0,0
1715720400,1.0819,1.08229,1.0818699999999999,1.08198,720,0,0
1715724000,1.08198,1.08217,1.08192,1.082,923,0,0
1715727600,1.08199,1.08206,1.08174,1.08182,457,1,0
1715731200,1.08172,1.0819,1.0815,1.08158,424,13,0
1715734800,1.08161,1.08172,1.08157,1.08163,200,8,0
1715738400,1.08164,1.08169,1.08137,1.08138,391,0,0
1715742000,1.08138,1.08177,1.08131,1.08169,957,0,0
1715745600,1.08169,1.08225,1.08164,1.08224,842,0,0
1715749200,1.08224,1.08266,1.08198,1.08252,670,0,0
1715752800,1.08254,1.08277,1.08249,1.0826,568,0,0
1715756400,1.0826,1.08261,1.0820400000000001,1.08214,477,0,0
1715760000,1.08214,1.0828,1.08212,1.08269,660,0,0
1715763600,1.08272,1.08306,1.08225,1.08303,1310,0,0
1715767200,1.08304,1.08325,1.08253,1.0826,1775,0,0
1715770800,1.08259,1.08345,1.08246,1.08299,1476,0,0
1715774400,1.08299,1.0832,1.08247,1.0828,1476,0,0
1715778000,1.08281,1.08298,1.08233,1.08246,1030,0,0
1715781600,1.08246,1.08293,1.08219,1.08292,1470,0,0
1715785200,1.08293,1.08693,1.0828,1.08612,3869,0,0
1715788800,1.08612,1.08658,1.08317,1.08351,3743,0,0
1715792400,1.0835,1.086,1.08339,1.08574,2830,0,0
1715796000,1.08576,1.08744,1.08557,1.08599,2103,0,0
1715799600,1.08598,1.08735,1.08561,1.08719,1779,0,0
1715803200,1.08719,1.08804,1.08716,1.08799,1376,0,0
1715806800,1.08798,1.08806,1.08728,1.08784,1173,0,0
1715810400,1.08783,1.08828,1.08778,1.08818,845,0,0
1715814000,1.08818,1.08857,1.0881,1.08837,556,0,0
1715817600,1.08837,1.08842,1.08766,1.08825,428,12,0
1715821200,1.08818,1.08895,1.08818,1.08885,410,7,0
1715824800,1.0889,1.089,1.08876,1.08883,631,0,0
1715828400,1.08883,1.08949,1.08865,1.08935,1251,0,0
1715832000,1.08936,1.08938,1.08842,1.08866,1545,0,0
1715835600,1.08866,1.08882,1.08814,1.08872,1129,0,0
1715839200,1.08872,1.08893,1.08859,1.08873,888,0,0
1715842800,1.08873,1.08873,1.08842,1.08847,655,0,0
1715846400,1.08847,1.08851,1.08797,1.08797,790,0,0
1715850000,1.08796,1.08829,1.08747,1.08764,1478,0,0
1715853600,1.08771,1.08821,1.08732,1.08746,1930,0,0
1715857200,1.08746,1.08767,1.0866500000000001,1.08732,1768,0,0
1715860800,1.08732,1.08749,1.08687,1.08701,1294,0,0
1715864400,1.08699,1.08738,1.08667,1.08722,1192,0,0
1715868000,1.08722,1.08748,1.08617,1.08667,1397,0,0
1715871600,1.08667,1.08742,1.08607,1.08632,2636,0,0
1715875200,1.08633,1.08668,1.08546,1.08559,2655,0,0
1715878800,1.0856,1.08703,1.08544,1.08702,2471,0,0
1715882400,1.08703,1.08757,1.08667,1.08751,1675,0,0
1715886000,1.0875,1.08753,1.08699,1.08734,1292,0,0
1715889600,1.08734,1.08755,1.08683,1.08706,1198,0,0
1715893200,1.08707,1.08717,1.08657,1.08709,1164,0,0
1715896800,1.08708,1.08708,1.08669,1.0867,872,0,0
1715900400,1.0867,1.0867,1.08644,1.08663,547,0,0
1715904000,1.08662,1.08676,1.08593,1.08654,398,15,0
1715907600,1.08654,1.08688,1.08654,1.08674,259,6,0
1715911200,1.08674,1.0868,1.0866,1.08677,361,0,0
1715914800,1.08677,1.08687,1.08599,1.08628,771,0,0
1715918400,1.08628,1.08638,1.08574,1.08593,1000,0,0
1715922000,1.08595,1.08605,1.08544,1.0857,857,0,0
1715925600,1.08571,1.08615,1.08568,1.08591,573,0,0
1715929200,1.08592,1.08594,1.08555,1.08562,431,0,0
1715932800,1.08562,1.08623,1.08557,1.08611,648,0,0
1715936400,1.0861,1.08666,1.08582,1.08626,1358,0,0
1715940000,1.08628,1.08682,1.08576,1.08589,1659,0,0
1715943600,1.0859,1.08595,1.08417,1.0844,1860,0,0
1715947200,1.0844,1.08469,1.08411,1.08446,1335,0,0
1715950800,1.08446,1.08446,1.08361,1.08383,1161,0,0
1715954400,1.08383,1.08454,1.08358,1.0843099999999999,1227,0,0
1715958000,1.08432,1.08457,1.08389,1.08429,1625,0,0
1715961600,1.0843,1.08564,1.0843,1.0855299999999999,2125,0,0
1715965200,1.08554,1.08771,1.08551,1.08764,2182,0,0
1715968800,1.08763,1.08783,1.08652,1.08686,1821,0,0
1715972400,1.08686,1.08745,1.08673,1.08686,1210,0,0
1715976000,1.08683,1.08743,1.08683,1.08737,1015,0,0
1715979600,1.0873599999999999,1.08764,1.0872,1.08754,979,0,0
1715983200,1.08754,1.08762,1.08704,1.08723,1386,0,0
1715986800,1.08724,1.08724,1.08673,1.08685,580,1,0
1716163200,1.0867,1.08686,1.08647,1.08681,202,9,0
1716166800,1.0868,1.08725,1.08674,1.08703,396,6,0
1716170400,1.08703,1.08743,1.08703,1.08725,479,0,0
1716174000,1.08724,1.08772,1.0869,1.08753,882,0,0
1716177600,1.08752,1.08767,1.08718,1.08754,1188,0,0
1716181200,1.08754,1.08754,1.08717,1.08741,770,0,0
1716184800,1.08741,1.0878700000000001,1.08728,1.08781,590,0,0
1716188400,1.0878,1.08822,1.08777,1.08807,643,0,0
1716192000,1.08807,1.08826,1.08795,1.08804,596,0,0
1716195600,1.08805,1.08845,1.08777,1.08783,1402,0,0
1716199200,1.08778,1.08809,1.08695,1.08732,1776,0,0
1716202800,1.08731,1.08763,1.08712,1.08748,1237,0,0
1716206400,1.08746,1.08751,1.08666,1.0869,1027,0,0
1716210000,1.0869,1.08738,1.08688,1.08706,966,0,0
1716213600,1.08707,1.08718,1.08599,1.086,1248,0,0
1716217200,1.08601,1.08631,1.08535,1.08575,2286,0,0
1716220800,1.08575,1.08673,1.08575,1.08651,2230,0,0
1716224400,1.08651,1.08698,1.08627,1.08651,2164,0,0
1716228000,1.08651,1.08651,1.08577,1.0860400000000001,1658,0,0
1716231600,1.08605,1.0866,1.08592,1.08657,1076,0,0
1716235200,1.08657,1.08706,1.08629,1.08643,930,0,0
1716238800,1.08642,1.08668,1.08612,1.08651,950,0,0
1716242400,1.0865,1.08652,1.08592,1.08598,854,0,0
1716246000,1.08599,1.08601,1.08559,1.08561,1325,2,0
1716249600,1.08557,1.0859,1.08532,1.08587,290,10,0
1716253200,1.08586,1.08589,1.08557,1.08586,834,6,0
1716256800,1.08587,1.08608,1.08585,1.08605,870,0,0
1716260400,1.08606,1.08618,1.08566,1.08615,982,0,0
1716264000,1.0861399999999999,1.08616,1.08556,1.08558,1002,0,0
1716267600,1.08558,1.08566,1.08509,1.08556,900,0,0
1716271200,1.08556,1.08568,1.08539,1.08559,598,0,0
1716274800,1.08555,1.08601,1.08551,1.08588,506,0,0
1716278400,1.08589,1.08615,1.08566,1.08583,788,0,0
1716282000,1.08581,1.08636,1.08569,1.08616,1518,0,0
1716285600,1.08616,1.08669,1.08594,1.08645,1874,0,0
1716289200,1.08645,1.08694,1.08598,1.08666,1866,0,0
1716292800,1.08666,1.08748,1.08663,1.08718,1518,0,0
1716296400,1.08719,1.08733,1.08655,1.08667,1118,0,0
1716300000,1.08666,1.08698,1.08644,1.08683,1166,0,0
1716303600,1.08684,1.08707,1.08547,1.08571,2263,0,0
1716307200,1.08571,1.08605,1.08429,1.08496,3466,0,0
1716310800,1.08498,1.08618,1.08465,1.08593,2459,0,0
1716314400,1.08593,1.08613,1.08531,1.08541,1952,0,0
1716318000,1.08541,1.08568,1.08518,1.08538,1328,0,0
1716321600,1.08539,1.0854300000000001,1.08462,1.08531,1081,0,0
1716325200,1.08531,1.08555,1.08501,1.0852,917,0,0
1716328800,1.08519,1.08563,1.08508,1.0856,793,0,0
1716332400,1.08558,1.08563,1.08529,1.08532,367,0,0
1716336000,1.08518,1.08559,1.08517,1.08537,282,4,0
1716339600,1.08537,1.08573,1.08531,1.08569,284,7,0
1716343200,1.0857,1.08595,1.08538,1.08539,369,0,0
1716346800,1.0854,1.08598,1.08539,1.08575,766,0,0
1716350400,1.0857,1.08616,1.0855299999999999,1.08599,843,0,0
1716354000,1.08599,1.08633,1.08569,1.08591,1082,0,0
1716357600,1.0859,1.08592,1.08537,1.08558,635,0,0
1716361200,1.08558,1.08561,1.08527,1.08535,521,0,0
1716364800,1.08535,1.08567,1.08522,1.0856,654,0,0
1716368400,1.0857,1.08633,1.08557,1.08615,1746,0,0
1716372000,1.0861,1.08634,1.08504,1.08579,1624,0,0
1716375600,1.08577,1.08582,1.08464,1.08483,1460,0,0
1716379200,1.08483,1.08496,1.08413,1.08436,1352,0,0
1716382800,1.08436,1.08463,1.08367,1.08376,1349,0,0
1716386400,1.08376,1.08384,1.0822,1.08275,1786,0,0
1716390000,1.08277,1.08368,1.0826500000000001,1.0832,2286,0,0
1716393600,1.0832,1.08408,1.08318,1.08355,2274,0,0
1716397200,1.08355,1.08399,1.08317,1.08335,2440,0,0
1716400800,1.08336,1.08425,1.08331,1.0836,1784,0,0
1716404400,1.0836,1.08441,1.08357,1.08424,1553,0,0
1716408000,1.08424,1.08469,1.08342,1.08372,1574,0,0
1716411600,1.08376,1.08382,1.08177,1.08212,2697,0,0
1716415200,1.08214,1.08223,1.08174,1.0821,1381,0,0
1716418800,1.0821,1.08233,1.082,1.08221,648,0,0
1716422400,1.08214,1.08244,1.08192,1.08226,246,7,0
1716426000,1.0823,1.08258,1.08228,1.08249,384,7,0
1716429600,1.08249,1.0827,1.08242,1.08251,435,0,0
1716433200,1.08251,1.08288,1.08246,1.08256,812,0,0
1716436800,1.08256,1.08301,1.08247,1.08278,1100,0,0
1716440400,1.08278,1.08291,1.0822,1.08284,664,0,0
1716444000,1.08286,1.08314,1.08272,1.08305,566,0,0
1716447600,1.08304,1.08323,1.08266,1.08266,543,0,0
1716451200,1.08266,1.08282,1.08232,1.08241,644,0,0
1716454800,1.08236,1.08282,1.08216,1.08271,1507,0,0
1716458400,1.08271,1.08337,1.08124,1.08297,2657,0,0
1716462000,1.08289,1.08448,1.08283,1.08386,2134,0,0
1716465600,1.08386,1.08483,1.08333,1.0846,2006,0,0
1716469200,1.0846,1.08485,1.08437,1.08452,1427,0,0
1716472800,1.08452,1.08525,1.0843,1.08507,1459,0,0
1716476400,1.08507,1.08544,1.08456,1.08527,2420,0,0
1716480000,1.08528,1.0861,1.08283,1.08341,3150,0,0
1716483600,1.08341,1.08423,1.08235,1.08246,3829,0,0
1716487200,1.08245,1.08307,1.0820400000000001,1.08263,2023,0,0
1716490800,1.08262,1.08311,1.0818,1.08182,1608,0,0
1716494400,1.08183,1.08201,1.08086,1.08118,1728,0,0
1716498000,1.08119,1.08137,1.08047,1.08053,1826,0,0
1716501600,1.08051,1.08114,1.08047,1.08102,1441,0,0
1716505200,1.08101,1.08151,1.08083,1.08144,595,0,0
1716508800,1.08141,1.08152,1.0808,1.08137,369,7,0
1716512400,1.08134,1.0814300000000001,1.08108,1.0813,559,7,0
1716516000,1.0813,1.08149,1.08115,1.08116,596,0,0
1716519600,1.08115,1.08124,1.08075,1.08102,1106,0,0
1716523200,1.08102,1.08138,1.0808,1.08105,1203,0,0
1716526800,1.08105,1.08111,1.08072,1.08088,838,0,0
1716530400,1.08088,1.08092,1.08056,1.08063,674,0,0
1716534000,1.08063,1.08104,1.08054,1.08092,642,0,0
1716537600,1.0809,1.08112,1.08076,1.08105,801,0,0
1716541200,1.08111,1.0818,1.08086,1.08129,1525,0,0
1716544800,1.08129,1.08257,1.08129,1.08242,1626,0,0
1716548400,1.08243,1.08283,1.08197,1.08246,1502,0,0
1716552000,1.08246,1.08317,1.08236,1.08287,1426,0,0
1716555600,1.08287,1.08442,1.08275,1.08402,1384,0,0
1716559200,1.08402,1.0843,1.08345,1.08407,1464,0,0
1716562800,1.0841,1.08537,1.08376,1.08512,2382,0,0
1716566400,1.08512,1.08535,1.08421,1.0843,2404,0,0
1716570000,1.08438,1.08508,1.08422,1.0846,2680,0,0
1716573600,1.0846,1.08558,1.08456,1.08511,1746,0,0
1716577200,1.08511,1.08578,1.08465,1.08471,1137,0,0
1716580800,1.08471,1.08528,1.08461,1.08519,1114,0,0
1716584400,1.08521,1.08536,1.0848,1.08496,1096,0,0
1716588000,1.08496,1.08501,1.08476,1.08489,1100,0,0
1716591600,1.08488,1.0849199999999999,1.08444,1.08457,942,0,0
1716768000,1.0848,1.0848,1.08416,1.08461,259,9,0
1716771600,1.08461,1.08511,1.08461,1.08501,431,6,0
1716775200,1.08497,1.08504,1.0846,1.08466,525,0,0
1716778800,1.08467,1.0849199999999999,1.08466,1.08486,705,0,0
1716782400,1.08486,1.08513,1.08486,1.08499,842,0,0
1716786000,1.08499,1.0852,1.0848200000000001,1.08499,582,0,0
1716789600,1.08499,1.08507,1.08476,1.0849,564,0,0
1716793200,1.08491,1.08497,1.08472,1.08487,406,0,0
1716796800,1.08487,1.08493,1.08477,1.08488,457,0,0
1716800400,1.08491,1.08517,1.08441,1.08512,936,0,0
1716804000,1.08512,1.08526,1.08476,1.08505,1119,0,0
1716807600,1.08506,1.08535,1.08451,1.08494,1160,0,0
1716811200,1.08494,1.08672,1.08489,1.08672,1192,0,0
1716814800,1.08672,1.08674,1.08538,1.08629,972,0,0
1716818400,1.08626,1.08642,1.08565,1.08573,960,0,0
1716822000,1.08573,1.08595,1.08409,1.0849,1834,0,0
1716825600,1.0849199999999999,1.08589,1.08445,1.08551,1679,0,0
1716829200,1.08552,1.08596,1.08489,1.08584,1509,0,0
1716832800,1.08585,1.08599,1.08564,1.08596,833,0,0
1716836400,1.08596,1.08624,1.08595,1.08599,463,0,0
1716840000,1.08599,1.08609,1.08571,1.08574,251,0,0
1716843600,1.08574,1.08587,1.08572,1.08574,222,0,0
1716847200,1.08575,1.08601,1.08571,1.08598,191,0,0
1716850800,1.08599,1.0860400000000001,1.08559,1.08581,298,0,0
1716854400,1.08564,1.08594,1.08506,1.08566,3017,10,0
1716858000,1.08564,1.08602,1.08564,1.08594,312,7,0
1716861600,1.08594,1.08619,1.08589,1.08616,374,0,0
1716865200,1.08617,1.08684,1.08608,1.08652,1080,0,0
1716868800,1.08652,1.0873599999999999,1.08644,1.08724,1155,0,0
1716872400,1.08723,1.08768,1.08716,1.08758,922,0,0
1716876000,1.08759,1.08786,1.08737,1.08783,728,0,0
1716879600,1.08784,1.08801,1.08757,1.0876,842,0,0
1716883200,1.08761,1.08779,1.08727,1.08751,751,0,0
1716886800,1.08752,1.08799,1.08737,1.08754,1423,0,0
1716890400,1.08753,1.0879,1.08716,1.08774,1502,0,0
1716894000,1.08774,1.08797,1.08671,1.087,1545,0,0
1716897600,1.087,1.08776,1.08672,1.08769,1249,0,0
1716901200,1.08769,1.08799,1.08754,1.08782,1064,0,0
1716904800,1.08782,1.0889,1.08782,1.08841,1476,0,0
1716908400,1.08838,1.08847,1.08746,1.08765,2146,0,0
1716912000,1.08764,1.08802,1.0864,1.08648,2702,0,0
1716915600,1.08643,1.08769,1.08579,1.08749,2696,0,0
1716919200,1.0875,1.08796,1.08712,1.08784,1917,0,0
1716922800,1.08782,1.08788,1.08707,1.08748,1368,0,0
1716926400,1.08745,1.08758,1.08644,1.08652,1892,0,0
1716930000,1.08652,1.08652,1.08551,1.08582,1680,0,0
1716933600,1.08583,1.0862,1.08558,1.08615,1426,0,0
1716937200,1.0861399999999999,1.08616,1.08551,1.08559,644,0,0
1716940800,1.08555,1.08585,1.0855299999999999,1.0857,366,9,0
1716944400,1.08567,1.08588,1.08539,1.08562,383,6,0
1716948000,1.08565,1.08569,1.08511,1.08512,644,0,0
1716951600,1.08513,1.0852,1.08477,1.08512,980,0,0
1716955200,1.08512,1.08569,1.08495,1.08516,958,0,0
1716958800,1.08516,1.08539,1.08459,1.08463,742,0,0
1716962400,1.08459,1.08485,1.08458,1.08471,715,0,0
1716966000,1.08472,1.08483,1.08438,1.08475,527,0,0
1716969600,1.08475,1.08487,1.08443,1.08447,800,0,0
1716973200,1.08447,1.08557,1.08447,1.08523,1489,0,0
1716976800,1.08522,1.08588,1.08507,1.08516,1882,0,0
1716980400,1.08517,1.08517,1.08292,1.08373,2410,0,0
1716984000,1.08373,1.08561,1.08369,1.08516,1637,0,0
1716987600,1.08511,1.08525,1.08411,1.08468,1205,0,0
1716991200,1.08468,1.08519,1.08354,1.08499,1646,0,0
1716994800,1.08498,1.08584,1.08462,1.08462,2386,0,0
1716998400,1.08466,1.0847,1.08318,1.08385,2881,0,0
1717002000,1.08386,1.08419,1.08112,1.08147,2939,0,0
1717005600,1.08146,1.08171,1.08088,1.0811,2239,0,0
1717009200,1.0811,1.08174,1.08074,1.08155,1673,0,0
1717012800,1.08153,1.08159,1.08073,1.08135,1683,0,0
1717016400,1.08134,1.08154,1.08048,1.08059,1292,0,0
1717020000,1.08059,1.08062,1.08,1.08018,1444,0,0
1717023600,1.08019,1.08027,1.07994,1.08003,621,0,0
1717027200,1.08003,1.08039,1.07998,1.08025,251,14,0
1717030800,1.08034,1.08034,1.07999,1.08007,389,0,0
1717034400,1.08007,1.08024,1.07996,1.08012,654,0,0
1717038000,1.08012,1.08012,1.07955,1.07965,1023,0,0
1717041600,1.07966,1.08046,1.07955,1.07983,1262,0,0
1717045200,1.07983,1.07997,1.07937,1.07974,960,0,0
1717048800,1.07974,1.07988,1.07961,1.0798,1031,0,0
1717052400,1.0798,1.07985,1.07921,1.07959,977,0,0
1717056000,1.07958,1.07958,1.07885,1.07902,1145,0,0
1717059600,1.0789900000000001,1.07966,1.07897,1.07958,2051,0,0
1717063200,1.07955,1.08112,1.07932,1.08085,2315,0,0
1717066800,1.08085,1.08185,1.08034,1.0815,2179,0,0
1717070400,1.0815,1.08182,1.08113,1.08129,1906,0,0
1717074000,1.08128,1.08198,1.08084,1.08175,1647,0,0
1717077600,1.08175,1.08217,1.0814,1.08185,1564,0,0
1717081200,1.08181,1.08327,1.08129,1.0829,2605,0,0
1717084800,1.08291,1.08337,1.08255,1.08292,2873,0,0
1717088400,1.08301,1.08443,1.08289,1.08408,2793,0,0
1717092000,1.08409,1.08451,1.08361,1.08362,2157,0,0
1717095600,1.08363,1.08422,1.08359,1.084,1549,0,0
1717099200,1.084,1.08433,1.08391,1.08392,1113,0,0
1717102800,1.08391,1.084,1.08354,1.08368,1208,0,0
1717106400,1.08369,1.08369,1.0827,1.08303,1562,0,0
1717110000,1.08302,1.0832600000000001,1.08287,1.08313,634,0,0
1717113600,1.0830899999999999,1.08339,1.08263,1.08331,315,4,0
1717117200,1.08331,1.08337,1.08316,1.08332,354,7,0
1717120800,1.08332,1.08339,1.0831,1.08315,539,0,0
1717124400,1.08314,1.08336,1.08294,1.08322,1196,0,0
1717128000,1.08322,1.08337,1.0820400000000001,1.08205,1313,0,0
1717131600,1.08205,1.08224,1.08115,1.08116,1180,0,0
1717135200,1.08113,1.082,1.08112,1.08192,1052,0,0
1717138800,1.08193,1.08195,1.08155,1.08181,963,0,0
1717142400,1.0818,1.08213,1.08168,1.08195,1042,0,0
1717146000,1.082,1.08255,1.08147,1.08242,1723,0,0
1717149600,1.08242,1.08251,1.08167,1.08228,2193,0,0
1717153200,1.08228,1.08384,1.08226,1.0834,1889,0,0
1717156800,1.08335,1.08479,1.08335,1.08474,2190,0,0
1717160400,1.08475,1.08512,1.08446,1.08496,1739,0,0
1717164000,1.08497,1.08552,1.08479,1.08527,1620,0,0
1717167600,1.08527,1.08822,1.08493,1.08801,2917,0,0
1717171200,1.08801,1.08808,1.08653,1.08689,2837,0,0
1717174800,1.08686,1.08775,1.08512,1.08557,3411,0,0
1717178400,1.08555,1.08589,1.08418,1.08461,3015,0,0
1717182000,1.08461,1.08521,1.08398,1.08473,1878,0,0
1717185600,1.08473,1.08527,1.08454,1.08471,1456,0,0
1717189200,1.08471,1.0849199999999999,1.0841,1.08425,1423,0,0
1717192800,1.08425,1.08512,1.08406,1.08507,1646,0,0
1717196400,1.08507,1.08518,1.08457,1.08474,1015,0,0
1717372800,1.085,1.08505,1.08417,1.08478,353,10,0
1717376400,1.08478,1.08541,1.08478,1.08508,686,1,0
1717380000,1.08509,1.0853,1.08503,1.08525,567,0,0
1717383600,1.08525,1.08575,1.08512,1.08564,1012,0,0
1717387200,1.08564,1.08587,1.08544,1.08576,1181,0,0
1717390800,1.08577,1.08579,1.08519,1.08539,829,0,0
1717394400,1.0854,1.08569,1.08494,1.08498,838,0,0
1717398000,1.08498,1.08547,1.08493,1.0852,680,0,0
1717401600,1.08519,1.08542,1.08483,1.08525,907,0,0
1717405200,1.08521,1.08586,1.08468,1.08564,1876,0,0
1717408800,1.08564,1.08586,1.08398,1.08399,2266,0,0
1717412400,1.08398,1.08425,1.08334,1.08402,2305,0,0
1717416000,1.08403,1.08412,1.08323,1.08348,2016,0,0
1717419600,1.08349,1.08391,1.08278,1.08371,1814,0,0
1717423200,1.0836999999999999,1.08448,1.0836999999999999,1.08433,1847,0,0
1717426800,1.08435,1.08499,1.08405,1.08443,2215,0,0
1717430400,1.08443,1.08538,1.08443,1.08516,2310,0,0
1717434000,1.08523,1.08824,1.08523,1.08698,3911,0,0
1717437600,1.087,1.08904,1.08697,1.08896,2236,0,0
1717441200,1.08896,1.08903,1.08812,1.08852,2205,0,0
1717444800,1.08852,1.08887,1.08813,1.08879,1879,0,0
1717448400,1.0888,1.08978,1.08867,1.08973,1613,0,0
1717452000,1.08973,1.09002,1.08961,1.08997,1318,0,0
1717455600,1.08999,1.09039,1.08992,1.09036,624,1,0
1717459200,1.09029,1.09035,1.08946,1.09024,337,7,0
1717462800,1.09023,1.09094,1.08997,1.09069,473,6,0
1717466400,1.09068,1.09089,1.09064,1.09072,536,0,0
1717470000,1.09072,1.0916,1.09072,1.09128,1198,0,0
1717473600,1.09128,1.0913599999999999,1.0907,1.09076,1143,0,0
1717477200,1.09076,1.09087,1.09052,1.09077,889,0,0
1717480800,1.09077,1.091,1.09069,1.0907499999999999,711,0,0
1717484400,1.0907499999999999,1.09098,1.09067,1.09094,659,0,0
1717488000,1.09093,1.09109,1.09027,1.09032,966,0,0
1717491600,1.0903100000000001,1.0905,1.08964,1.08972,2097,0,0
1717495200,1.08971,1.08986,1.08847,1.08902,2569,0,0
1717498800,1.08902,1.08908,1.08742,1.08808,2644,0,0
1717502400,1.08807,1.08821,1.08694,1.08717,2566,0,0
1717506000,1.08718,1.08718,1.08632,1.08663,2416,0,0
1717509600,1.08664,1.08705,1.08593,1.0861399999999999,2265,0,0
1717513200,1.08615,1.08699,1.08615,1.08645,2431,0,0
1717516800,1.08646,1.08717,1.0862,1.08658,2491,0,0
1717520400,1.08659,1.0882,1.08631,1.08802,3865,0,0
1717524000,1.08802,1.08835,1.0875,1.08776,2558,0,0
1717527600,1.08776,1.08834,1.08775,1.08803,2125,0,0
1717531200,1.08802,1.08876,1.08782,1.08833,1881,0,0
1717534800,1.08828,1.08864,1.08802,1.08822,1691,0,0
1717538400,1.08822,1.08827,1.08786,1.08811,1568,0,0
1717542000,1.08811,1.08811,1.08773,1.08785,614,1,0
1717545600,1.08781,1.08804,1.08773,1.0879,159,9,0
1717549200,1.0879,1.08799,1.08776,1.08794,176,7,0
1717552800,1.08793,1.0882,1.08793,1.08818,498,0,0
1717556400,1.08818,1.08861,1.08785,1.08842,1083,0,0
1717560000,1.08842,1.08861,1.08807,1.08841,988,0,0
1717563600,1.08841,1.08857,1.08829,1.08834,634,0,0
1717567200,1.08835,1.08837,1.08766,1.08785,785,0,0
1717570800,1.08784,1.08809,1.08771,1.08807,647,0,0
1717574400,1.08807,1.08824,1.0876,1.08792,958,0,0
1717578000,1.08791,1.08803,1.08722,1.0876,1573,0,0
1717581600,1.08758,1.08795,1.08709,1.08718,2069,0,0
1717585200,1.08717,1.08767,1.087,1.08758,1661,0,0
1717588800,1.08757,1.08773,1.08715,1.08735,1627,0,0
1717592400,1.08735,1.08735,1.0865,1.08686,1522,0,0
1717596000,1.08683,1.08692,1.086,1.08681,1522,0,0
1717599600,1.08682,1.08843,1.0868,1.08839,2445,0,0
1717603200,1.08839,1.08917,1.08816,1.08885,2911,0,0
1717606800,1.08722,1.08837,1.08621,1.08663,3718,0,0
1717610400,1.08664,1.08707,1.08629,1.08648,2329,0,0
1717614000,1.08648,1.08686,1.08544,1.08642,1676,0,0
1717617600,1.08643,1.0867499999999999,1.08607,1.08672,1357,0,0
1717621200,1.08672,1.08773,1.08658,1.08755,1290,0,0
1717624800,1.08756,1.08765,1.08725,1.08744,1086,0,0
1717628400,1.08744,1.08744,1.0867,1.08678,593,0,0
1717632000,1.08677,1.0872,1.08669,1.08704,246,11,0
1717635600,1.08704,1.08727,1.08679,1.0872600000000001,464,7,0
1717639200,1.0872600000000001,1.08746,1.0872600000000001,1.08741,371,0,0
1717642800,1.08741,1.08823,1.0874,1.0882,774,0,0
1717646400,1.08819,1.08944,1.08819,1.08943,1417,0,0
1717650000,1.08942,1.08958,1.0888,1.08918,1065,0,0
1717653600,1.08919,1.08936,1.08897,1.08906,692,0,0
1717657200,1.08906,1.08908,1.08866,1.08872,610,0,0
1717660800,1.08872,1.08876,1.08823,1.08849,739,0,0
1717664400,1.08849,1.08849,1.08772,1.08841,1811,0,0
1717668000,1.08841,1.08882,1.08759,1.08782,1929,0,0
1717671600,1.08782,1.0879,1.08713,1.08772,1587,0,0
1717675200,1.08769,1.0882,1.08755,1.088,1450,0,0
1717678800,1.08799,1.08819,1.08753,1.08764,1371,0,0
1717682400,1.08764,1.08769,1.08622,1.0867499999999999,1507,0,0
1717686000,1.0867499999999999,1.0902,1.08636,1.08815,3472,0,0
1717689600,1.08813,1.08907,1.0872,1.08851,3502,0,0
1717693200,1.08853,1.08913,1.08727,1.0878,2739,0,0
1717696800,1.08778,1.08868,1.08775,1.0882,1826,0,0
1717700400,1.0882,1.08877,1.08799,1.08819,1228,0,0
1717704000,1.08818,1.08936,1.0881,1.08921,1145,0,0
1717707600,1.0892,1.08942,1.08859,1.08929,1285,0,0
1717711200,1.0893,1.08942,1.08884,1.08895,1480,0,0
1717714800,1.08895,1.0893,1.0887,1.0887,731,0,0
1717718400,1.08857,1.08912,1.0885,1.08886,287,11,0
1717722000,1.0889,1.08928,1.0889,1.08916,274,6,0
1717725600,1.08918,1.08928,1.08906,1.08917,437,0,0
1717729200,1.08917,1.08925,1.08868,1.08895,1043,0,0
1717732800,1.08895,1.08958,1.08873,1.08957,1214,0,0
1717736400,1.08958,1.08978,1.08943,1.08969,864,0,0
1717740000,1.08969,1.08978,1.08937,1.08946,782,0,0
1717743600,1.08946,1.08969,1.08935,1.0895299999999999,720,0,0
1717747200,1.08954,1.08955,1.08894,1.08905,972,0,0
1717750800,1.08905,1.08965,1.0888,1.08923,1729,0,0
1717754400,1.08923,1.08984,1.08896,1.08928,2209,0,0
1717758000,1.08927,1.0893,1.08832,1.0889,2152,0,0
1717761600,1.08889,1.08964,1.0888,1.08917,2058,0,0
1717765200,1.08916,1.08943,1.08882,1.08888,1756,0,0
1717768800,1.08888,1.09019,1.08873,1.08983,1984,0,0
1717772400,1.08983,1.08994,1.08242,1.08332,3975,0,0
1717776000,1.08332,1.08357,1.08177,1.08193,3746,0,0
1717779600,1.08194,1.08256,1.08104,1.08124,3246,0,0
1717783200,1.08123,1.08129,1.08041,1.0806499999999999,2455,0,0
1717786800,1.08064,1.08121,1.08032,1.08052,1988,0,0
1717790400,1.08051,1.0806,1.08008,1.0805,1307,0,0
1717794000,1.08049,1.08068,1.08007,1.08056,1598,0,0
1717797600,1.08056,1.08071,1.08,1.08005,1679,0,0
1717801200,1.08002,1.08036,1.07992,1.07994,771,0,0
1717977600,1.0774,1.0778,1.0760399999999999,1.07712,940,7,0
1717981200,1.07707,1.07784,1.07649,1.07769,946,6,0
1717984800,1.07772,1.07796,1.07757,1.07788,579,0,0
1717988400,1.07788,1.07816,1.07738,1.0778,1012,0,0
1717992000,1.0778,1.07799,1.07722,1.07747,914,0,0
1717995600,1.07747,1.07751,1.07666,1.07676,529,0,0
1717999200,1.07675,1.07684,1.07555,1.07556,779,0,0
1718002800,1.07556,1.07559,1.07481,1.07542,1005,0,0
1718006400,1.0754299999999999,1.07555,1.07481,1.07535,1142,0,0
1718010000,1.0753,1.07586,1.07488,1.07519,2175,0,0
1718013600,1.07518,1.07661,1.0748,1.07644,2650,0,0
1718017200,1.07644,1.0768,1.0755,1.07567,2000,0,0
1718020800,1.07567,1.0759,1.07407,1.07432,1895,0,0
1718024400,1.07432,1.07439,1.07327,1.0737,1889,0,0
1718028000,1.07369,1.07547,1.07369,1.07536,1500,0,0
1718031600,1.07536,1.0760399999999999,1.07413,1.07415,2150,0,0
1718035200,1.07414,1.07492,1.07372,1.07402,2410,0,0
1718038800,1.07402,1.07448,1.07337,1.07337,2193,0,0
1718042400,1.07339,1.07501,1.07332,1.07501,1873,0,0
1718046000,1.075,1.07587,1.075,1.07541,1497,0,0
1718049600,1.07541,1.0760399999999999,1.07503,1.07594,1482,0,0
1718053200,1.07594,1.07624,1.07568,1.07617,1312,0,0
1718056800,1.07617,1.07654,1.07612,1.07631,1071,0,0
1718060400,1.0763,1.07659,1.07611,1.07644,607,0,0
1718064000,1.07643,1.0765,1.0757,1.07648,362,9,0
1718067600,1.07648,1.07677,1.07639,1.07649,367,1,0
1718071200,1.07649,1.07653,1.07626,1.07634,701,0,0
1718074800,1.07634,1.0765,1.07614,1.07637,928,0,0
1718078400,1.07637,1.07683,1.07623,1.07669,1102,0,0
1718082000,1.07669,1.07688,1.07648,1.07678,737,0,0
1718085600,1.07678,1.07691,1.0766499999999999,1.07684,682,0,0
1718089200,1.07683,1.07708,1.07676,1.07683,550,0,0
1718092800,1.07683,1.077,1.07642,1.07656,798,0,0
1718096400,1.0765500000000001,1.07735,1.0765500000000001,1.07682,1636,0,0
1718100000,1.07681,1.07695,1.07612,1.0764,2041,0,0
1718103600,1.0764,1.07645,1.07436,1.07454,2190,0,0
1718107200,1.07452,1.07538,1.07403,1.07507,2487,0,0
1718110800,1.0749,1.07564,1.07367,1.07408,2204,0,0
1718114400,1.07412,1.07414,1.0724,1.0729,2248,0,0
1718118000,1.0729,1.07363,1.07245,1.07323,2540,0,0
1718121600,1.07322,1.07367,1.07196,1.0723799999999999,2908,0,0
1718125200,1.0723799999999999,1.07293,1.07197,1.07224,2577,0,0
1718128800,1.07223,1.07336,1.07219,1.07323,1996,0,0
1718132400,1.07323,1.07389,1.07323,1.07373,1236,0,0
1718136000,1.07373,1.07432,1.07367,1.07422,1434,0,0
1718139600,1.0742099999999999,1.07452,1.07405,1.07434,1151,0,0
1718143200,1.07435,1.07494,1.07401,1.07401,1153,0,0
1718146800,1.07401,1.07416,1.07385,1.07396,571,0,0
1718150400,1.07365,1.07412,1.0733,1.07408,482,4,0
1718154000,1.07406,1.07424,1.07401,1.07407,286,7,0
1718157600,1.07405,1.07416,1.07392,1.07401,502,0,0
1718161200,1.07401,1.07401,1.07349,1.07361,828,0,0
1718164800,1.07361,1.07419,1.07347,1.074,974,0,0
1718168400,1.074,1.07428,1.07393,1.0742,851,0,0
1718172000,1.07419,1.07432,1.07401,1.07404,669,0,0
1718175600,1.07403,1.07406,1.07364,1.07367,572,0,0
1718179200,1.07367,1.07463,1.0735999999999999,1.07459,841,0,0
1718182800,1.07462,1.07471,1.07389,1.07415,1460,0,0
1718186400,1.07415,1.07455,1.07356,1.07446,1800,0,0
1718190000,1.07445,1.07538,1.07445,1.07466,1562,0,0
1718193600,1.07467,1.07537,1.07442,1.07527,1747,0,0
1718197200,1.07529,1.07601,1.0749,1.07585,1433,0,0
1718200800,1.07586,1.0765500000000001,1.07571,1.07641,1806,0,0
1718204400,1.07642,1.083,1.07621,1.08268,3505,0,0
1718208000,1.08267,1.08373,1.08193,1.08366,3765,0,0
1718211600,1.08366,1.08497,1.08173,1.08481,2931,0,0
1718215200,1.08481,1.08523,1.08418,1.08425,2364,0,0
1718218800,1.08425,1.0848200000000001,1.08416,1.08441,1913,0,0
1718222400,1.08441,1.08458,1.08361,1.08401,1743,0,0
1718226000,1.08397,1.08406,1.08072,1.08113,5492,0,0
1718229600,1.08114,1.08182,1.08038,1.0806499999999999,3516,0,0
1718233200,1.0806499999999999,1.08116,1.08038,1.08081,889,0,0
1718236800,1.08081,1.08122,1.08037,1.08114,435,7,0
1718240400,1.08117,1.08144,1.08095,1.08106,520,6,0
1718244000,1.08106,1.08151,1.08106,1.0812599999999999,686,0,0
1718247600,1.08128,1.08156,1.08106,1.0813,904,0,0
1718251200,1.08129,1.08158,1.0804,1.08046,1363,0,0
1718254800,1.08046,1.08086,1.08041,1.0808,975,0,0
1718258400,1.0808,1.08092,1.08056,1.08068,687,0,0
1718262000,1.08068,1.08071,1.08031,1.0804,498,0,0
1718265600,1.0804,1.0807,1.08005,1.08045,904,0,0
1718269200,1.08041,1.0807,1.08008,1.08022,1581,0,0
1718272800,1.0802100000000001,1.08165,1.0802100000000001,1.08144,2214,0,0
1718276400,1.08144,1.08145,1.08051,1.08061,1953,0,0
1718280000,1.08061,1.08114,1.08018,1.0802100000000001,1714,0,0
1718283600,1.0802100000000001,1.08095,1.07932,1.07943,1645,0,0
1718287200,1.07942,1.07966,1.07827,1.07832,2000,0,0
1718290800,1.07833,1.08161,1.07807,1.07934,3407,0,0
1718294400,1.07936,1.08076,1.0786,1.07875,3368,0,0
1718298000,1.07876,1.07904,1.07631,1.07715,3211,0,0
1718301600,1.07714,1.07721,1.07534,1.07554,2586,0,0
1718305200,1.07554,1.07556,1.0733,1.07352,2422,0,0
1718308800,1.07352,1.0744,1.07351,1.07425,1893,0,0
1718312400,1.07424,1.07431,1.07361,1.07393,1323,0,0
1718316000,1.07392,1.07431,1.07381,1.07406,1261,0,0
1718319600,1.07406,1.07431,1.07359,1.07363,644,2,0
1718323200,1.07358,1.07391,1.07324,1.07382,294,7,0
1718326800,1.07381,1.07399,1.07344,1.07385,505,6,0
1718330400,1.07384,1.07406,1.0737,1.07375,525,0,0
1718334000,1.07375,1.07408,1.07362,1.07363,1017,0,0
1718337600,1.07364,1.07419,1.07354,1.07415,951,0,0
1718341200,1.07415,1.07436,1.07402,1.0743,806,0,0
1718344800,1.07429,1.07449,1.07382,1.07402,1266,0,0
1718348400,1.07402,1.07409,1.07352,1.07364,743,0,0
1718352000,1.07363,1.07373,1.07301,1.07305,1003,0,0
1718355600,1.07305,1.07328,1.07158,1.07249,2350,0,0
1718359200,1.07245,1.07272,1.07062,1.07078,2772,0,0
1718362800,1.07074,1.07119,1.06896,1.06918,2836,0,0
1718366400,1.06918,1.0692,1.06717,1.06873,2871,0,0
1718370000,1.06872,1.06989,1.06792,1.06978,2906,0,0
1718373600,1.06978,1.07059,1.06924,1.06938,2582,0,0
1718377200,1.06943,1.06951,1.06793,1.06892,3369,0,0
1718380800,1.06895,1.06923,1.06676,1.06692,3164,0,0
1718384400,1.06685,1.06876,1.0668,1.06871,3433,0,0
1718388000,1.06871,1.06998,1.06835,1.06988,2375,0,0
1718391600,1.06987,1.07018,1.06931,1.07004,1736,0,0
1718395200,1.07005,1.07045,1.06968,1.0698,1548,0,0
1718398800,1.0698,1.07005,1.06946,1.06993,1375,0,0
1718402400,1.06994,1.07061,1.06988,1.0706,1122,0,0
1718406000,1.07061,1.0707200000000001,1.07018,1.07018,743,0,0
1718582400,1.07035,1.0706,1.06988,1.07038,376,15,0
1718586000,1.07034,1.07081,1.0702,1.07063,626,6,0
1718589600,1.07065,1.07074,1.0702,1.07027,602,0,0
1718593200,1.07028,1.07073,1.07006,1.0704,1135,0,0
1718596800,1.0704,1.07042,1.06994,1.07016,1149,0,0
1718600400,1.07016,1.07047,1.06988,1.0704,950,0,0
1718604000,1.0704,1.07046,1.07018,1.07038,753,0,0
1718607600,1.07038,1.07056,1.0702,1.07041,678,0,0
1718611200,1.07043,1.07052,1.06992,1.06997,1009,0,0
1718614800,1.06986,1.07037,1.06863,1.06976,2705,0,0
1718618400,1.06976,1.07087,1.06923,1.07005,2900,0,0
1718622000,1.07006,1.07122,1.06996,1.07071,2345,0,0
1718625600,1.07071,1.07145,1.0707,1.0711,2170,0,0
1718629200,1.07108,1.07136,1.0702099999999999,1.07101,1846,0,0
1718632800,1.07101,1.07178,1.07091,1.07094,1909,0,0
1718636400,1.07097,1.07153,1.07071,1.07137,2310,0,0
1718640000,1.07138,1.07208,1.07123,1.0716,2673,0,0
1718643600,1.07163,1.07184,1.07116,1.0716,2579,0,0
1718647200,1.07159,1.07248,1.0715,1.07223,1950,0,0
1718650800,1.07222,1.07277,1.07203,1.07252,1666,0,0
1718654400,1.0725,1.07272,1.07233,1.07259,1215,0,0
1718658000,1.0726,1.07378,1.07257,1.07362,1525,0,0
1718661600,1.07362,1.07362,1.073,1.07322,1215,0,0
1718665200,1.07323,1.07356,1.07321,1.07326,646,2,0
1718668800,1.07336,1.07339,1.07285,1.07318,162,7,0
1718672400,1.07318,1.07398,1.07313,1.07374,344,7,0
1718676000,1.07374,1.07409,1.07348,1.07399,549,0,0
1718679600,1.07399,1.07407,1.07355,1.0735999999999999,1091,0,0
1718683200,1.07361,1.07368,1.07273,1.07278,1099,0,0
1718686800,1.07278,1.07286,1.07242,1.07243,934,0,0
1718690400,1.07243,1.07251,1.07209,1.07248,770,0,0
1718694000,1.07247,1.07263,1.07202,1.07215,982,0,0
1718697600,1.07215,1.07237,1.07184,1.07231,1279,0,0
1718701200,1.07231,1.07337,1.07227,1.0733,2120,0,0
1718704800,1.0733,1.07351,1.07228,1.07233,2356,0,0
1718708400,1.07233,1.07247,1.07149,1.07193,2039,0,0
1718712000,1.0719400000000001,1.07256,1.07153,1.07197,2121,0,0
1718715600,1.07197,1.07208,1.07153,1.07178,1716,0,0
1718719200,1.07178,1.07183,1.07099,1.07163,1715,0,0
1718722800,1.07164,1.0734,1.07106,1.07311,3098,0,0
1718726400,1.07312,1.07496,1.073,1.0748,2874,0,0
1718730000,1.07484,1.07614,1.07364,1.07383,3123,0,0
1718733600,1.07384,1.07423,1.07342,1.07385,2373,0,0
1718737200,1.07386,1.07426,1.07364,1.07393,1619,0,0
1718740800,1.07389,1.07431,1.07336,1.07353,1901,0,0
1718744400,1.07351,1.07403,1.07322,1.07397,1450,0,0
1718748000,1.07397,1.07397,1.07361,1.07389,1174,0,0
1718751600,1.07384,1.07407,1.07373,1.07393,813,5,0
1718755200,1.07393,1.07397,1.07347,1.07396,230,12,0
1718758800,1.07396,1.07407,1.07392,1.07405,314,7,0
1718762400,1.07405,1.07412,1.07388,1.07388,372,0,0
1718766000,1.07387,1.07396,1.07368,1.07374,731,0,0
1718769600,1.07374,1.07418,1.07354,1.07407,842,0,0
1718773200,1.07407,1.07425,1.0737700000000001,1.07388,766,0,0
1718776800,1.07388,1.07405,1.0737,1.07378,631,0,0
1718780400,1.0737700000000001,1.07378,1.07354,1.07359,723,0,0
1718784000,1.0735999999999999,1.07387,1.07354,1.07378,763,0,0
1718787600,1.07379,1.07414,1.07279,1.07312,1788,0,0
1718791200,1.07311,1.07408,1.07248,1.07367,2584,0,0
1718794800,1.07368,1.07417,1.07342,1.07403,1966,0,0
1718798400,1.07404,1.0744,1.07325,1.07372,2024,0,0
1718802000,1.07372,1.07521,1.07353,1.07501,1789,0,0
1718805600,1.07502,1.07533,1.07467,1.07509,1798,0,0
1718809200,1.0751,1.0753,1.07424,1.07458,1714,0,0
1718812800,1.0746,1.07483,1.07408,1.07436,1646,0,0
1718816400,1.07436,1.07509,1.07429,1.0748199999999999,1359,0,0
1718820000,1.07481,1.07494,1.07412,1.07493,998,0,0
1718823600,1.07493,1.07493,1.07464,1.07471,418,0,0
1718827200,1.0747,1.07472,1.0744,1.07446,269,0,0
1718830800,1.07446,1.07446,1.07423,1.07432,176,0,0
1718834400,1.07432,1.07455,1.07426,1.07449,250,0,0
1718838000,1.07449,1.0745,1.07415,1.07416,263,0,0
1718841600,1.07419,1.07459,1.07363,1.07437,142,7,0
1718845200,1.07439,1.0746,1.07432,1.07455,410,0,0
1718848800,1.07457,1.07488,1.07454,1.07472,422,0,0
1718852400,1.07471,1.07481,1.0745,1.07462,880,0,0
1718856000,1.07462,1.0748,1.07422,1.07455,1072,0,0
1718859600,1.07455,1.07456,1.0739,1.07394,818,0,0
1718863200,1.07395,1.07422,1.07392,1.0742,723,0,0
1718866800,1.0742,1.07449,1.0741,1.07426,679,0,0
1718870400,1.07426,1.07436,1.07373,1.07373,844,0,0
1718874000,1.07372,1.07384,1.07307,1.07327,1616,0,0
1718877600,1.07327,1.07363,1.07244,1.07247,2008,0,0
1718881200,1.07244,1.07244,1.07127,1.07167,2130,0,0
1718884800,1.07168,1.0728,1.07142,1.07252,1978,0,0
1718888400,1.07252,1.07315,1.07247,1.07285,1664,0,0
1718892000,1.07286,1.07319,1.0713,1.07149,2145,0,0
1718895600,1.07148,1.07307,1.07132,1.0719,2982,0,0
1718899200,1.0719,1.07287,1.07165,1.0724,2774,0,0
1718902800,1.0725,1.07307,1.07208,1.07217,2555,1,0
1718906400,1.07216,1.07225,1.07071,1.07073,2268,0,0
1718910000,1.07073,1.07104,1.07034,1.07071,1778,1,0
1718913600,1.07071,1.07094,1.0704,1.0707,1794,1,0
1718917200,1.0707,1.07177,1.0707,1.07103,1439,1,0
1718920800,1.07103,1.07111,1.07036,1.07051,1497,1,0
1718924400,1.0705,1.0706,1.07009,1.0701100000000001,676,1,0
1718928000,1.07012,1.07038,1.06999,1.07035,236,5,0
1718931600,1.07034,1.07043,1.07008,1.07023,397,1,0
1718935200,1.07023,1.07076,1.0702099999999999,1.07061,497,1,0
1718938800,1.0706,1.07076,1.07033,1.07067,981,1,0
1718942400,1.07066,1.07106,1.07049,1.07102,1100,1,0
1718946000,1.07103,1.07177,1.071,1.0717,973,1,0
1718949600,1.0717,1.0717,1.07134,1.07163,680,1,0
1718953200,1.07163,1.07184,1.07153,1.07182,599,1,0
1718956800,1.07182,1.07198,1.07149,1.07179,827,1,0
1718960400,1.07173,1.07205,1.07083,1.07099,1762,0,0
1718964000,1.07097,1.07101,1.0671,1.06779,2810,0,0
1718967600,1.06765,1.06955,1.06761,1.0691,2459,0,0
1718971200,1.06909,1.06979,1.06835,1.06978,2094,1,0
1718974800,1.06977,1.06981,1.06766,1.06809,1895,0,0
1718978400,1.06809,1.0689899999999999,1.06797,1.0688900000000001,1906,1,0
1718982000,1.06888,1.06951,1.06853,1.06947,2122,1,0
1718985600,1.06944,1.06977,1.06782,1.06826,2959,1,0
1718989200,1.06826,1.06975,1.06796,1.06814,3225,0,0
1718992800,1.06815,1.06944,1.06806,1.06938,2266,1,0
1718996400,1.06937,1.0695999999999999,1.06896,1.06922,1522,0,0
1719000000,1.06923,1.06942,1.06906,1.06933,1294,0,0
1719003600,1.06932,1.06967,1.06917,1.06947,1095,1,0
1719007200,1.06947,1.06968,1.0691,1.06919,1291,1,0
1719010800,1.06917,1.06951,1.06901,1.06915,890,1,0
1719187200,1.0685,1.06912,1.06835,1.06909,341,1,0
1719190800,1.06911,1.06935,1.06903,1.06935,459,0,0
1719194400,1.06937,1.06955,1.06874,1.06878,658,1,0
1719198000,1.06878,1.06935,1.06849,1.06918,887,1,0
1719201600,1.06918,1.06926,1.06837,1.06907,1294,0,0
1719205200,1.06907,1.06934,1.06879,1.06892,922,1,0
1719208800,1.06891,1.06934,1.0689,1.06916,709,0,0
1719212400,1.06916,1.06946,1.06912,1.06946,340,1,0
1719216000,1.06946,1.06994,1.06944,1.06986,650,0,0
1719219600,1.06986,1.07071,1.06973,1.0703,1791,0,0
1719223200,1.0703,1.07149,1.07022,1.07128,1916,0,0
1719226800,1.07128,1.07178,1.07088,1.07135,1987,0,0
1719230400,1.0713300000000001,1.07288,1.07131,1.07227,2020,0,0
1719234000,1.07227,1.07307,1.07195,1.07301,2132,0,0
1719237600,1.0729899999999999,1.07359,1.07265,1.07357,1860,0,0
1719241200,1.07352,1.07352,1.07262,1.07346,2200,0,0
1719244800,1.07346,1.07433,1.07345,1.07426,2385,0,0
1719248400,1.07426,1.07464,1.07271,1.073,2590,0,0
1719252000,1.07298,1.0733,1.07233,1.07271,1636,0,0
1719255600,1.07267,1.07313,1.07261,1.07277,1240,1,0
1719259200,1.07277,1.07277,1.0722,1.07248,1389,0,0
1719262800,1.07249,1.07374,1.07243,1.07353,1205,1,0
1719266400,1.07353,1.07382,1.0734,1.0735999999999999,1160,1,0
1719270000,1.07357,1.07374,1.07313,1.07313,728,1,0
1719273600,1.07314,1.07342,1.07274,1.07327,214,4,0
1719277200,1.07322,1.07345,1.07317,1.07329,314,0,0
1719280800,1.07329,1.0733,1.07307,1.07322,388,0,0
1719284400,1.0732,1.07357,1.07319,1.07341,860,0,0
1719288000,1.0734,1.07359,1.07322,1.07345,1255,1,0
1719291600,1.07345,1.0737,1.07335,1.07368,799,1,0
1719295200,1.07368,1.07392,1.07357,1.07383,692,1,0
1719298800,1.07383,1.07398,1.07363,1.07395,552,0,0
1719302400,1.07395,1.07442,1.07394,1.07416,868,1,0
1719306000,1.07417,1.07417,1.07313,1.07319,1530,0,0
1719309600,1.07315,1.07328,1.07208,1.07268,2311,0,0
1719313200,1.07268,1.07359,1.07254,1.07342,1798,0,0
1719316800,1.07342,1.07352,1.07232,1.07245,1652,1,0
1719320400,1.07244,1.07303,1.07211,1.07233,1715,1,0
1719324000,1.07232,1.07243,1.07088,1.07094,1758,0,0
1719327600,1.07094,1.07148,1.07022,1.07049,2241,0,0
1719331200,1.0705,1.07129,1.07001,1.07025,2226,0,0
1719334800,1.07022,1.07033,1.06908,1.07007,2594,0,0
1719338400,1.07006,1.07093,1.07006,1.07038,1674,0,0
1719342000,1.07039,1.07086,1.0702099999999999,1.07046,1498,1,0
1719345600,1.07046,1.07144,1.07044,1.07131,1337,1,0
1719349200,1.07131,1.07173,1.07118,1.0716,982,1,0
1719352800,1.0716,1.07175,1.07139,1.07159,948,1,0
1719356400,1.07155,1.07156,1.07109,1.07132,611,1,0
1719360000,1.07116,1.07148,1.0701100000000001,1.07125,243,1,0
1719363600,1.07121,1.07153,1.07118,1.07124,357,1,0
1719367200,1.07125,1.07125,1.07089,1.07091,516,0,0
1719370800,1.07091,1.07125,1.07062,1.07114,860,1,0
1719374400,1.07114,1.07163,1.07107,1.07158,1274,1,0
1719378000,1.07157,1.07179,1.07087,1.07099,795,0,0
1719381600,1.07099,1.07125,1.07094,1.07109,652,1,0
1719385200,1.0711,1.07115,1.07076,1.07103,607,1,0
1719388800,1.07103,1.07112,1.07022,1.07038,916,1,0
1719392400,1.07036,1.07054,1.06938,1.06947,1611,1,0
1719396000,1.06948,1.06959,1.06853,1.06941,1989,0,0
1719399600,1.06937,1.06998,1.06901,1.06947,1686,1,0
1719403200,1.06947,1.06996,1.06881,1.0689,1661,1,0
1719406800,1.0689,1.0689,1.06819,1.06848,1724,0,0
1719410400,1.06848,1.06946,1.06796,1.06942,1897,0,0
1719414000,1.0694,1.06945,1.0677,1.0677,2579,1,0
1719417600,1.06771,1.06822,1.06659,1.0675,2954,1,0
1719421200,1.06748,1.06957,1.06746,1.06802,3090,0,0
1719424800,1.06803,1.06873,1.06744,1.06819,2293,1,0
1719428400,1.0682,1.06877,1.06793,1.06821,1637,1,0
1719432000,1.06821,1.06909,1.06814,1.06857,1590,0,0
1719435600,1.06852,1.06855,1.06783,1.068,1136,0,0
1719439200,1.068,1.06815,1.0675,1.0681,1083,1,0
1719442800,1.06809,1.06814,1.06772,1.06797,570,0,0
1719446400,1.06787,1.06807,1.0674,1.06798,129,5,0
1719450000,1.06799,1.0682,1.06792,1.06804,482,0,0
1719453600,1.06807,1.06814,1.06772,1.06798,596,0,0
1719457200,1.06799,1.06817,1.0677,1.06782,1059,1,0
1719460800,1.06782,1.06894,1.0677699999999999,1.06885,1040,1,0
1719464400,1.06885,1.06916,1.06882,1.06893,996,1,0
1719468000,1.06893,1.06924,1.06882,1.06907,640,0,0
1719471600,1.06908,1.06947,1.06906,1.06942,673,0,0
1719475200,1.06942,1.06972,1.06919,1.06957,826,0,0
1719478800,1.06953,1.06989,1.0691,1.06931,1594,1,0
1719482400,1.06927,1.0698,1.06883,1.06902,2069,0,0
1719486000,1.06901,1.06914,1.06805,1.06879,1950,0,0
1719489600,1.06879,1.07009,1.06872,1.06971,1895,0,0
1719493200,1.06973,1.07043,1.06906,1.07036,1811,0,0
1719496800,1.07035,1.0704,1.06925,1.06926,1701,0,0
1719500400,1.06927,1.0722,1.06927,1.07195,3048,0,0
1719504000,1.0719400000000001,1.07264,1.07172,1.07205,2897,1,0
1719507600,1.07204,1.07253,1.07078,1.07125,2879,0,0
1719511200,1.07125,1.07129,1.07003,1.0707,2179,1,0
1719514800,1.0707,1.07102,1.07031,1.07066,1570,1,0
1719518400,1.07066,1.07084,1.07043,1.07049,1333,0,0
1719522000,1.07053,1.07077,1.0702099999999999,1.07056,1384,1,0
1719525600,1.07056,1.0707200000000001,1.07012,1.07027,1241,1,0
1719529200,1.07027,1.07051,1.07024,1.07032,489,0,0
1719532800,1.06999,1.0714,1.06996,1.07049,286,1,0
1719536400,1.07048,1.07055,1.07026,1.07039,323,1,0
1719540000,1.07041,1.07093,1.07036,1.07076,419,1,0
1719543600,1.07077,1.07107,1.06975,1.06977,886,0,0
1719547200,1.06977,1.0699,1.06853,1.0691,1728,0,0
1719550800,1.06911,1.06971,1.06879,1.06939,1193,1,0
1719554400,1.06939,1.06948,1.0689899999999999,1.06921,693,1,0
1719558000,1.06921,1.06921,1.06857,1.06867,642,1,0
1719561600,1.06867,1.06924,1.06859,1.06902,750,1,0
1719565200,1.06903,1.06982,1.069,1.06967,1586,1,0
1719568800,1.06968,1.07039,1.06917,1.06969,2171,0,0
1719572400,1.06968,1.07001,1.06923,1.06979,2039,1,0
1719576000,1.06979,1.07094,1.06934,1.0709,1863,0,0
1719579600,1.07092,1.07103,1.07042,1.07094,1726,0,0
1719583200,1.07094,1.07117,1.0692,1.06972,1656,1,0
1719586800,1.06971,1.07195,1.06946,1.07049,3223,1,0
1719590400,1.07048,1.07079,1.06927,1.06981,3090,0,0
1719594000,1.06991,1.0722,1.06927,1.07184,3838,1,0
1719597600,1.0718,1.0718,1.07094,1.07112,2838,0,0
1719601200,1.07109,1.07216,1.07097,1.07159,1917,0,0
1719604800,1.07158,1.07248,1.07135,1.07144,1464,0,0
1719608400,1.0714299999999999,1.07184,1.07109,1.07116,1405,1,0
1719612000,1.07118,1.07125,1.0706,1.0711,1628,1,0
1719615600,1.07109,1.07144,1.07078,1.07116,1068,1,0
1719792000,1.0745,1.0745,1.07354,1.07383,545,1,0
1719795600,1.07358,1.07412,1.07319,1.0737,1027,1,0
1719799200,1.07372,1.07396,1.0734,1.07351,713,0,0
1719802800,1.07351,1.07496,1.07347,1.07457,1589,0,0
1719806400,1.07455,1.0761,1.07429,1.07483,1769,0,0
1719810000,1.07483,1.07551,1.07468,1.0755,1236,0,0
1719813600,1.07549,1.07565,1.07514,1.07528,835,1,0
1719817200,1.07527,1.07587,1.07523,1.07547,752,0,0
1719820800,1.07542,1.0762,1.07541,1.07555,1126,0,0
1719824400,1.07554,1.07762,1.07554,1.077,2479,0,0
1719828000,1.07699,1.0772599999999999,1.07512,1.07541,2421,0,0
1719831600,1.07542,1.07721,1.07496,1.07684,1940,0,0
1719835200,1.07678,1.07686,1.07561,1.07573,1508,1,0
1719838800,1.07572,1.07572,1.07473,1.07486,1378,0,0
1719842400,1.07486,1.07523,1.07426,1.0749,1494,0,0
1719846000,1.0749,1.07498,1.074,1.07484,2381,0,0
1719849600,1.07485,1.07596,1.07481,1.07596,2649,0,0
1719853200,1.07649,1.07694,1.07286,1.07301,3764,0,0
1719856800,1.07301,1.07305,1.07197,1.07269,2491,0,0
1719860400,1.07269,1.07332,1.07243,1.07314,1763,0,0
1719864000,1.07315,1.07338,1.0728,1.07292,1236,0,0
1719867600,1.07293,1.073,1.07242,1.07296,1336,1,0
1719871200,1.07294,1.07392,1.07293,1.07383,1260,1,0
1719874800,1.07384,1.07425,1.07379,1.07397,598,0,0
1719878400,1.07384,1.07395,1.07301,1.07376,246,5,0
1719882000,1.07385,1.07417,1.07365,1.07373,409,1,0
1719885600,1.07373,1.0737700000000001,1.07358,1.07364,513,1,0
1719889200,1.07365,1.07384,1.07332,1.07348,981,1,0
1719892800,1.07348,1.07364,1.07319,1.07345,971,1,0
1719896400,1.07344,1.07359,1.0732,1.07351,847,1,0
1719900000,1.07351,1.07355,1.07307,1.07322,666,1,0
1719903600,1.07322,1.07332,1.07283,1.07295,768,0,0
1719907200,1.07295,1.07329,1.07268,1.07318,891,0,0
1719910800,1.07319,1.07357,1.07249,1.07249,1790,0,0
1719914400,1.07249,1.07281,1.0712,1.07181,2461,1,0
1719918000,1.07182,1.07239,1.07144,1.07201,2154,0,0
1719921600,1.072,1.07226,1.07169,1.07202,321,1,0
1719964800,1.07444,1.07456,1.07368,1.07443,236,2,0
1719968400,1.07445,1.07492,1.07445,1.0749,434,0,0
1719972000,1.0749,1.07492,1.07466,1.07481,475,0,0
1719975600,1.07481,1.0754299999999999,1.07472,1.0748,945,0,0
1719979200,1.0748,1.0748,1.07406,1.07419,721,0,0
1719982800,1.07419,1.07469,1.07419,1.07439,679,1,0
1719986400,1.07437,1.07451,1.0743,1.07436,542,1,0
1719990000,1.07436,1.07446,1.07419,1.07424,379,1,0
1719993600,1.07424,1.07424,1.0735999999999999,1.07386,677,0,0
1719997200,1.07386,1.07481,1.07368,1.0747,1571,1,0
1720000800,1.07469,1.07617,1.07469,1.07596,2225,0,0
1720004400,1.07596,1.07635,1.07553,1.07582,1673,0,0
1720008000,1.07581,1.07623,1.07544,1.07552,1681,1,0
1720011600,1.07552,1.07627,1.07525,1.07584,1464,1,0
1720015200,1.07585,1.07621,1.07563,1.07576,1429,1,0
1720018800,1.07575,1.07782,1.0755,1.07744,2250,0,0
1720022400,1.07745,1.07923,1.07718,1.07883,2303,1,0
1720026000,1.07879,1.08168,1.07879,1.08058,3971,0,0
1720029600,1.08057,1.0809,1.0796999999999999,1.07988,2597,0,0
1720033200,1.07988,1.08004,1.07919,1.07957,1591,0,0
1720036800,1.07958,1.07958,1.0782,1.07834,1056,0,0
1720040400,1.07834,1.07846,1.07781,1.07802,886,1,0
1720044000,1.078,1.07877,1.07798,1.07849,674,1,0
1720047600,1.07849,1.07885,1.0781,1.0781,480,0,0
1720051200,1.07804,1.07869,1.07778,1.07863,289,1,0
1720054800,1.07856,1.07901,1.07856,1.07895,360,0,0
1720058400,1.07895,1.07916,1.07881,1.07911,349,0,0
1720062000,1.07911,1.07937,1.07888,1.07926,807,0,0
1720065600,1.07926,1.0795,1.07881,1.07907,1013,1,0
1720069200,1.07908,1.07914,1.07863,1.07863,594,1,0
1720072800,1.07863,1.07874,1.07835,1.07852,572,1,0
1720076400,1.07853,1.07872,1.0784799999999999,1.07865,526,1,0
1720080000,1.07865,1.07908,1.07847,1.07901,738,1,0
1720083600,1.07901,1.07933,1.0785,1.07925,1758,0,0
1720087200,1.07924,1.07967,1.0789,1.07945,1950,0,0
1720090800,1.07946,1.0803,1.07939,1.08018,1857,0,0
1720094400,1.08017,1.08029,1.07953,1.07977,1533,1,0
1720098000,1.07977,1.08015,1.07939,1.08009,1244,1,0
1720101600,1.08009,1.0802,1.07962,1.0796999999999999,1356,1,0
1720105200,1.07969,1.0802100000000001,1.07959,1.0796999999999999,1347,1,0
1720108800,1.07969,1.08016,1.07945,1.0801,1413,0,0
1720112400,1.0801,1.08092,1.07993,1.0808200000000001,1563,0,0
1720116000,1.08083,1.08138,1.0807,1.08107,1071,1,0
1720119600,1.08107,1.08137,1.08097,1.08122,557,0,0
1720123200,1.08122,1.0812599999999999,1.08106,1.08115,240,1,0
1720126800,1.08115,1.08125,1.0811,1.08119,209,0,0
1720130400,1.08119,1.08131,1.08118,1.0813,343,1,0
1720134000,1.08129,1.08137,1.08091,1.081,548,0,0
1720137600,1.08089,1.08116,1.08088,1.08105,239,5,0
1720141200,1.08105,1.08136,1.08101,1.08117,323,0,0
1720144800,1.08117,1.0812,1.08095,1.08104,552,0,0
1720148400,1.08104,1.08179,1.08102,1.08147,1036,1,0
1720152000,1.08146,1.08179,1.08137,1.08158,898,1,0
1720155600,1.08158,1.0818,1.08142,1.08179,628,1,0
1720159200,1.08179,1.08244,1.08177,1.08217,834,0,0
1720162800,1.08218,1.08226,1.08196,1.0822,703,1,0
1720166400,1.0822,1.08225,1.08192,1.08214,688,1,0
1720170000,1.08214,1.08258,1.08188,1.08192,1188,1,0
1720173600,1.08193,1.08302,1.08164,1.08291,1818,0,0
1720177200,1.08289,1.08305,1.08227,1.0828,1501,0,0
1720180800,1.0828,1.08307,1.08257,1.0826500000000001,1249,0,0
1720184400,1.0826500000000001,1.08318,1.08222,1.08247,1195,0,0
1720188000,1.08247,1.08252,1.08182,1.0819,1208,1,0
1720191600,1.08191,1.08418,1.08026,1.08296,3651,0,0
1720195200,1.08296,1.0834,1.08142,1.08192,3829,0,0
1720198800,1.08192,1.08262,1.08107,1.0824,3395,0,0
1720202400,1.08239,1.08305,1.08192,1.08277,2367,0,0
1720206000,1.08278,1.08303,1.08232,1.08254,1436,0,0
1720209600,1.08255,1.08304,1.08249,1.08279,1123,1,0
1720213200,1.0828,1.08371,1.08276,1.08371,1027,0,0
1720216800,1.08368,1.08425,1.08365,1.08411,1154,0,0
1720220400,1.08409,1.0841,1.08363,1.08397,907,0,0
1720396800,1.0802,1.08211,1.08002,1.08191,462,1,0
1720400400,1.08268,1.08327,1.08243,1.08245,772,1,0
1720404000,1.08247,1.08279,1.08219,1.08258,862,1,0
1720407600,1.08257,1.08294,1.0818699999999999,1.08216,1292,0,0
1720411200,1.08216,1.08294,1.08201,1.08291,1204,0,0
1720414800,1.08291,1.083,1.0825,1.0826,901,1,0
1720418400,1.0826,1.08362,1.08259,1.08314,905,0,0
1720422000,1.08315,1.08317,1.08273,1.08287,641,1,0
1720425600,1.08287,1.08299,1.08211,1.08223,1034,0,0
1720429200,1.08227,1.08292,1.08146,1.08217,2150,0,0
1720432800,1.08217,1.08381,1.08208,1.08368,2680,0,0
1720436400,1.08369,1.08429,1.08346,1.08384,2215,1,0
1720440000,1.08382,1.08417,1.08353,1.08381,1669,1,0
1720443600,1.08381,1.08398,1.08237,1.08298,1594,1,0
1720447200,1.08298,1.08335,1.08268,1.08334,1693,1,0
1720450800,1.08335,1.08446,1.08322,1.08436,2177,0,0
1720454400,1.08442,1.08449,1.08383,1.08411,2260,0,0
1720458000,1.08408,1.08447,1.08322,1.08347,2343,1,0
1720461600,1.08348,1.08361,1.08312,1.08348,1644,1,0
1720465200,1.08346,1.0836,1.08285,1.08323,1193,0,0
1720468800,1.08322,1.08336,1.08294,1.0832,1040,1,0
1720472400,1.0832,1.0832,1.08234,1.08259,957,1,0
1720476000,1.08259,1.08266,1.08222,1.08249,1046,0,0
1720479600,1.08249,1.0825,1.0822,1.08232,698,0,0
1720483200,1.08223,1.08246,1.08222,1.08245,195,6,0
1720486800,1.08243,1.08258,1.0824,1.08257,356,1,0
1720490400,1.08258,1.08314,1.08256,1.08306,436,1,0
1720494000,1.0830899999999999,1.08333,1.08263,1.0827,753,0,0
1720497600,1.0827,1.08297,1.08227,1.08236,913,1,0
1720501200,1.08236,1.08275,1.08191,1.0826500000000001,777,1,0
1720504800,1.08264,1.08298,1.08259,1.08282,537,1,0
1720508400,1.08281,1.08312,1.08279,1.08296,574,1,0
1720512000,1.08296,1.08307,1.08261,1.08286,760,1,0
1720515600,1.08286,1.08302,1.08237,1.08249,1350,0,0
1720519200,1.08247,1.08299,1.08171,1.08175,1904,0,0
1720522800,1.08175,1.08241,1.0815,1.08225,1624,0,0
1720526400,1.08224,1.08258,1.08185,1.08227,1309,0,0
1720530000,1.08226,1.08284,1.08202,1.08223,1308,1,0
1720533600,1.08222,1.0824,1.08121,1.08137,1480,0,0
1720537200,1.08138,1.08177,1.08125,1.08157,1798,0,0
1720540800,1.08156,1.0826,1.08156,1.08219,2233,0,0
1720544400,1.08219,1.08279,1.08096,1.08154,3510,0,0
1720548000,1.08154,1.08192,1.08055,1.0812599999999999,2470,0,0
1720551600,1.08127,1.08162,1.08058,1.08098,1665,0,0
1720555200,1.08099,1.08137,1.08064,1.08092,1513,0,0
1720558800,1.08091,1.0814300000000001,1.0808200000000001,1.08133,1356,0,0
1720562400,1.08137,1.08159,1.08107,1.0814,1041,0,0
1720566000,1.0814300000000001,1.08166,1.08129,1.08131,516,1,0
1720569600,1.08115,1.08156,1.08092,1.0815,234,1,0
1720573200,1.0815,1.08154,1.08134,1.08145,320,0,0
1720576800,1.08146,1.08161,1.08141,1.08144,409,1,0
1720580400,1.0814300000000001,1.08167,1.08112,1.08122,860,1,0
1720584000,1.08121,1.08154,1.08107,1.08146,928,1,0
1720587600,1.08146,1.08169,1.08119,1.08168,1007,1,0
1720591200,1.08168,1.08211,1.08164,1.08201,549,1,0
1720594800,1.08201,1.08205,1.08175,1.08185,653,1,0
1720598400,1.08185,1.08212,1.08159,1.08176,702,1,0
1720602000,1.08175,1.08234,1.08148,1.0822,1472,0,0
1720605600,1.08221,1.08249,1.0815,1.08162,1959,1,0
1720609200,1.08161,1.08201,1.08119,1.08153,1633,0,0
1720612800,1.08151,1.08251,1.08145,1.0818699999999999,1689,0,0
1720616400,1.0818699999999999,1.08239,1.08133,1.08218,1510,0,0
1720620000,1.08215,1.08268,1.08197,1.08256,1410,1,0
1720623600,1.08254,1.08281,1.08231,1.0827,1707,0,0
1720627200,1.08269,1.08288,1.08201,1.08225,2273,0,0
1720630800,1.08226,1.08284,1.08198,1.08232,2359,0,0
1720634400,1.08234,1.08276,1.0821,1.08223,1800,0,0
1720638000,1.08226,1.08277,1.08215,1.08269,1252,0,0
1720641600,1.08269,1.08287,1.08208,1.08221,1366,0,0
1720645200,1.08221,1.08252,1.08174,1.0825,1130,1,0
1720648800,1.08249,1.08296,1.08238,1.08288,890,0,0
1720652400,1.08288,1.08299,1.08274,1.08296,649,1,0
1720656000,1.08284,1.08299,1.08249,1.08286,222,9,0
1720659600,1.08294,1.08332,1.08294,1.08328,371,1,0
1720663200,1.08329,1.08365,1.0830899999999999,1.08331,458,1,0
1720666800,1.08331,1.08367,1.08324,1.08351,834,1,0
1720670400,1.08351,1.084,1.08323,1.08393,774,1,0
1720674000,1.08394,1.08402,1.08369,1.08372,610,1,0
1720677600,1.08371,1.08389,1.08355,1.08379,635,1,0
1720681200,1.08379,1.0838700000000001,1.08355,1.08364,473,1,0
1720684800,1.08364,1.08377,1.08344,1.08344,628,0,0
1720688400,1.08343,1.08396,1.08321,1.08341,1541,1,0
1720692000,1.0834,1.084,1.08322,1.08395,1655,1,0
1720695600,1.08395,1.08477,1.08382,1.08473,1493,0,0
1720699200,1.08474,1.08527,1.0843099999999999,1.08468,1583,1,0
1720702800,1.08467,1.08524,1.08454,1.08488,1314,0,0
1720706400,1.08488,1.08577,1.08488,1.08547,1378,1,0
1720710000,1.08547,1.08995,1.08446,1.08874,4038,0,0
1720713600,1.08868,1.0899,1.08686,1.08866,4900,0,0
1720717200,1.08866,1.08897,1.08706,1.08784,3739,0,0
1720720800,1.08785,1.08807,1.0866500000000001,1.08696,3010,0,0
1720724400,1.08695,1.08705,1.08639,1.08669,1931,0,0
1720728000,1.08669,1.08674,1.08598,1.08608,2223,0,0
1720731600,1.08608,1.08691,1.08603,1.08679,1649,1,0
1720735200,1.08679,1.087,1.08641,1.08648,1344,0,0
1720738800,1.08644,1.08677,1.0864,1.08677,596,0,0
1720742400,1.08676,1.08678,1.08598,1.08663,253,10,0
1720746000,1.08657,1.08682,1.08638,1.08663,684,1,0
1720749600,1.0866500000000001,1.08743,1.08649,1.08741,1503,0,0
1720753200,1.08739,1.08744,1.08678,1.08698,1626,0,0
1720756800,1.08698,1.0872,1.08637,1.08646,1106,1,0
1720760400,1.08647,1.08674,1.08634,1.08659,1124,1,0
1720764000,1.08657,1.08708,1.08645,1.08688,1038,1,0
1720767600,1.08688,1.0871,1.08682,1.08698,778,1,0
1720771200,1.08701,1.08724,1.08676,1.08693,1071,1,0
1720774800,1.08697,1.08722,1.08632,1.0865,1616,0,0
1720778400,1.08649,1.08761,1.08619,1.08754,1903,1,0
1720782000,1.08755,1.08872,1.08753,1.08867,1883,1,0
1720785600,1.08867,1.0889199999999999,1.08814,1.08852,1538,0,0
1720789200,1.08851,1.08918,1.08846,1.089,1430,0,0
1720792800,1.089,1.08923,1.08865,1.08876,1438,1,0
1720796400,1.08877,1.08928,1.08727,1.08905,3551,1,0
1720800000,1.0891,1.0898,1.08867,1.08949,3655,0,0
1720803600,1.08962,1.09094,1.08931,1.0909200000000001,3404,0,0
1720807200,1.0909200000000001,1.09107,1.09011,1.09012,2244,0,0
1720810800,1.09012,1.09053,1.09005,1.09046,1690,0,0
1720814400,1.09047,1.09073,1.0901,1.09063,1051,1,0
1720818000,1.09063,1.09066,1.0901,1.09063,1053,1,0
1720821600,1.09062,1.09113,1.09048,1.09064,1398,1,0
1720825200,1.09065,1.09079,1.09038,1.09055,720,1,0
1721001600,1.0886,1.08955,1.08818,1.08898,558,1,0
1721005200,1.08899,1.08927,1.08845,1.0887,1030,0,0
1721008800,1.08871,1.08883,1.08833,1.08857,864,1,0
1721012400,1.08858,1.08888,1.08834,1.08882,1190,0,0
1721016000,1.08883,1.089,1.08859,1.08897,1164,1,0
1721019600,1.08897,1.08919,1.08864,1.08917,884,0,0
1721023200,1.08917,1.08957,1.08907,1.0894,736,1,0
1721026800,1.0894,1.08947,1.08925,1.08936,547,0,0
1721030400,1.08935,1.0896,1.08925,1.08943,652,1,0
1721034000,1.08943,1.08961,1.0886,1.08893,1749,1,0
1721037600,1.08898,1.08964,1.08836,1.08957,2166,0,0
1721041200,1.08958,1.09093,1.08957,1.09083,1820,0,0
1721044800,1.09083,1.09151,1.09068,1.09129,1728,0,0
1721048400,1.09129,1.09202,1.09049,1.09098,1912,0,0
1721052000,1.09095,1.09149,1.09053,1.09055,1953,1,0
1721055600,1.09055,1.09087,1.09019,1.09072,2181,0,0
1721059200,1.09073,1.09165,1.09067,1.09152,2422,0,0
1721062800,1.09152,1.09177,1.09076,1.09171,2499,0,0
1721066400,1.09171,1.09222,1.091,1.09118,2114,1,0
1721070000,1.09116,1.09171,1.09,1.09062,2418,0,0
1721073600,1.09062,1.09063,1.08933,1.08947,2525,0,0
1721077200,1.08948,1.09018,1.08933,1.09015,1610,0,0
1721080800,1.09012,1.09013,1.08961,1.08988,1795,1,0
1721084400,1.08989,1.08992,1.08933,1.08937,849,1,0
1721088000,1.08884,1.08971,1.08884,1.08957,264,1,0
1721091600,1.08957,1.08964,1.08941,1.08944,508,0,0
1721095200,1.08944,1.08986,1.08944,1.08981,528,1,0
1721098800,1.08983,1.08983,1.0890900000000001,1.08913,1058,0,0
1721102400,1.08915,1.08933,1.08903,1.08924,1194,0,0
1721106000,1.08925,1.08933,1.08886,1.0891,798,0,0
1721109600,1.08908,1.08941,1.08908,1.0893,691,0,0
1721113200,1.0893,1.08945,1.08917,1.08924,566,0,0
1721116800,1.08925,1.08926,1.08872,1.08886,856,1,0
1721120400,1.08885,1.08908,1.08834,1.08886,1725,0,0
1721124000,1.08885,1.09003,1.08885,1.08991,2107,0,0
1721127600,1.08991,1.09027,1.08939,1.09003,2083,1,0
1721131200,1.09003,1.09041,1.08938,1.08979,2140,0,0
1721134800,1.08979,1.0903,1.08959,1.08988,1498,0,0
1721138400,1.08989,1.09038,1.08944,1.0902,1598,1,0
1721142000,1.09021,1.09055,1.08757,1.08807,2892,0,0
1721145600,1.0881,1.08832,1.08715,1.08832,2674,0,0
1721149200,1.08832,1.0884800000000001,1.08731,1.08784,2582,0,0
1721152800,1.08785,1.08861,1.08784,1.08844,2265,1,0
1721156400,1.08845,1.0889,1.08813,1.08888,1713,1,0
1721160000,1.08888,1.08923,1.08877,1.0892,1227,1,0
1721163600,1.08919,1.08972,1.08904,1.08957,1228,0,0
1721167200,1.08958,1.09028,1.0895299999999999,1.09017,1255,1,0
1721170800,1.09017,1.09027,1.08974,1.08987,767,1,0
1721174400,1.08968,1.08994,1.08958,1.08984,221,1,0
1721178000,1.0898,1.09021,1.08972,1.09021,517,0,0
1721181600,1.09021,1.09029,1.09001,1.09021,674,1,0
1721185200,1.09021,1.09029,1.08958,1.08976,998,0,0
1721188800,1.08976,1.09029,1.08955,1.09023,1046,1,0
1721192400,1.09024,1.09069,1.09009,1.09043,761,1,0
1721196000,1.09043,1.09063,1.09004,1.09063,757,1,0
1721199600,1.09063,1.09067,1.0902,1.0903,600,1,0
1721203200,1.0903,1.09068,1.09008,1.09048,993,0,0
1721206800,1.09046,1.09055,1.08974,1.08974,2120,0,0
1721210400,1.08974,1.09134,1.0895,1.09081,2940,1,0
1721214000,1.09085,1.09436,1.09076,1.09417,2917,0,0
1721217600,1.09419,1.09448,1.09358,1.09437,2668,0,0
1721221200,1.09436,1.09447,1.09302,1.09307,1791,0,0
1721224800,1.09307,1.09419,1.09289,1.09347,2061,0,0
1721228400,1.09343,1.0944,1.0932,1.09424,2531,0,0
1721232000,1.09424,1.0948,1.09355,1.09387,3051,0,0
1721235600,1.09386,1.09387,1.09314,1.09324,3209,0,0
1721239200,1.09324,1.09361,1.09276,1.09324,2319,0,0
1721242800,1.09324,1.09336,1.09237,1.09296,2129,1,0
1721246400,1.09298,1.09363,1.09283,1.09312,1673,0,0
1721250000,1.09313,1.09395,1.09304,1.09369,1480,1,0
1721253600,1.09367,1.09397,1.09347,1.09362,1432,0,0
1721257200,1.09361,1.094,1.0935,1.09388,571,0,0
1721260800,1.0937999999999999,1.0939,1.09375,1.09384,104,1,0
1721264400,1.09384,1.09398,1.09382,1.09396,407,1,0
1721268000,1.09396,1.0941,1.09386,1.09403,793,1,0
1721271600,1.09402,1.09408,1.09366,1.0937000000000001,1057,0,0
1721275200,1.0937000000000001,1.09391,1.0934,1.09343,1415,0,0
1721278800,1.09343,1.09358,1.0932,1.09349,1029,1,0
1721282400,1.0935,1.09364,1.09323,1.09328,917,0,0
1721286000,1.09329,1.09363,1.09317,1.09335,883,0,0
1721289600,1.09335,1.09382,1.09327,1.0937000000000001,1110,0,0
1721293200,1.09367,1.09371,1.09276,1.09311,1959,0,0
1721296800,1.0931,1.09351,1.09262,1.09314,2594,0,0
1721300400,1.09314,1.09386,1.09291,1.09306,2044,0,0
1721304000,1.09306,1.09317,1.09271,1.09308,1532,0,0
1721307600,1.09308,1.09361,1.09286,1.09329,1443,0,0
1721311200,1.09329,1.09332,1.0926,1.09275,1563,0,0
1721314800,1.09275,1.0937000000000001,1.09238,1.09285,2755,0,0
1721318400,1.09285,1.09291,1.09072,1.09114,3232,1,0
1721322000,1.09112,1.09165,1.0905,1.09147,2847,0,0
1721325600,1.09148,1.09182,1.09049,1.09122,2558,0,0
1721329200,1.0912,1.09163,1.0911,1.0916,2092,0,0
1721332800,1.09159,1.09164,1.09066,1.09069,1469,0,0
1721336400,1.09069,1.09074,1.08955,1.08989,1757,1,0
1721340000,1.08988,1.08999,1.08936,1.08969,2027,1,0
1721343600,1.0897000000000001,1.08987,1.08944,1.08959,650,0,0
1721347200,1.08955,1.08979,1.0892,1.08965,309,2,0
1721350800,1.08968,1.09001,1.08957,1.08974,541,0,0
1721354400,1.08975,1.09017,1.08966,1.09003,577,0,0
1721358000,1.09003,1.09003,1.08908,1.0892,1465,1,0
1721361600,1.0892,1.08947,1.08863,1.08876,1342,0,0
1721365200,1.08877,1.08923,1.08873,1.08917,1182,1,0
1721368800,1.0892,1.08922,1.08878,1.08884,782,1,0
1721372400,1.08884,1.08896,1.08861,1.0887,675,1,0
1721376000,1.0887,1.08904,1.08846,1.0889,1060,1,0
1721379600,1.0889,1.08896,1.08833,1.0885,1878,0,0
1721383200,1.0885,1.08904,1.08818,1.08878,2788,0,0
1721386800,1.08878,1.08878,1.08762,1.08791,2439,0,0
1721390400,1.08789,1.08846,1.08775,1.08805,1779,0,0
1721394000,1.08802,1.08863,1.08774,1.08841,1838,0,0
1721397600,1.08841,1.08934,1.0883,1.08931,1765,1,0
1721401200,1.0893,1.08941,1.08845,1.0889,2304,1,0
1721404800,1.0889,1.08897,1.08814,1.08815,2825,0,0
1721408400,1.08816,1.08901,1.08794,1.08896,2746,0,0
1721412000,1.08897,1.089,1.08835,1.0888,1870,1,0
1721415600,1.0888,1.08911,1.0884,1.08849,1796,0,0
1721419200,1.0885,1.08854,1.08808,1.08839,1679,1,0
1721422800,1.08838,1.08846,1.08754,1.0878700000000001,1572,1,0
1721426400,1.0878700000000001,1.08823,1.08767,1.08793,1546,1,0
1721430000,1.08789,1.08839,1.0878700000000001,1.08839,796,0,0
1721606400,1.0888,1.0888,1.08796,1.08837,439,0,0
1721610000,1.08839,1.09001,1.08839,1.08998,688,0,0
1721613600,1.08998,1.09025,1.08984,1.08989,1164,1,0
1721617200,1.08989,1.08997,1.08924,1.08939,1044,0,0
1721620800,1.08939,1.0895,1.08847,1.08865,1108,1,0
1721624400,1.08862,1.08952,1.08846,1.08927,1243,0,0
1721628000,1.08927,1.08937,1.08907,1.08915,688,0,0
1721631600,1.08915,1.08926,1.0887,1.08874,688,1,0
1721635200,1.08875,1.08876,1.08824,1.08846,891,1,0
1721638800,1.08842,1.08903,1.08788,1.08808,2370,0,0
1721642400,1.08809,1.0888,1.08804,1.08872,2520,0,0
1721646000,1.08873,1.08925,1.08847,1.0888,1881,1,0
1721649600,1.08881,1.08954,1.08869,1.08919,1508,0,0
1721653200,1.08918,1.08927,1.08854,1.08894,1714,0,0
1721656800,1.08893,1.0891,1.08839,1.08856,1585,1,0
1721660400,1.08856,1.08887,1.0875,1.08781,2294,0,0
1721664000,1.08783,1.08862,1.08754,1.08804,2270,0,0
1721667600,1.08804,1.08856,1.08731,1.08845,2366,0,0
1721671200,1.08846,1.08863,1.08766,1.08798,2242,0,0
1721674800,1.08797,1.08868,1.0879,1.08863,1604,0,0
1721678400,1.08866,1.08917,1.08864,1.08901,1417,1,0
1721682000,1.08902,1.08905,1.08877,1.08896,1144,1,0
1721685600,1.08896,1.08896,1.08855,1.08871,998,1,0
1721689200,1.08871,1.08907,1.08861,1.08902,1087,0,0
1721692800,1.08887,1.08929,1.08823,1.08893,475,5,0
1721696400,1.08902,1.08921,1.08902,1.0890900000000001,449,1,0
1721700000,1.0890900000000001,1.08913,1.08889,1.08889,469,1,0
1721703600,1.08889,1.08925,1.08871,1.08897,1220,1,0
1721707200,1.08897,1.0894,1.08874,1.08887,1217,0,0
1721710800,1.08887,1.08937,1.08883,1.08919,932,1,0
1721714400,1.08921,1.08967,1.08918,1.08943,902,1,0
1721718000,1.08943,1.08948,1.08906,1.08908,672,0,0
1721721600,1.08908,1.08912,1.0888,1.08899,737,1,0
1721725200,1.08899,1.08902,1.08791,1.0884800000000001,1578,0,0
1721728800,1.08849,1.08887,1.0874,1.08761,2428,0,0
1721732400,1.08761,1.08823,1.0868,1.08778,2229,0,0
1721736000,1.08778,1.08781,1.0866,1.08672,1817,0,0
1721739600,1.08671,1.08689,1.08564,1.0861399999999999,2159,0,0
1721743200,1.08612,1.08684,1.0856,1.08571,1797,0,0
1721746800,1.08567,1.08634,1.08548,1.08559,2127,0,0
1721750400,1.08558,1.08561,1.08458,1.08491,2257,0,0
1721754000,1.08491,1.08552,1.08437,1.08447,2436,0,0
1721757600,1.08446,1.08576,1.08446,1.08542,1889,1,0
1721761200,1.08544,1.08579,1.08518,1.08533,1641,1,0
1721764800,1.08536,1.08565,1.08506,1.08531,1658,0,0
1721768400,1.0853,1.08555,1.08513,1.08522,1187,0,0
1721772000,1.08521,1.08524,1.0849199999999999,1.08507,925,1,0
1721775600,1.08508,1.08562,1.08494,1.0853,614,0,0
1721779200,1.08514,1.0854300000000001,1.0851,1.08536,165,5,0
1721782800,1.08537,1.08537,1.08489,1.08509,556,1,0
1721786400,1.0851,1.08522,1.08486,1.08497,467,1,0
1721790000,1.08497,1.08503,1.08457,1.08468,949,1,0
1721793600,1.08468,1.08503,1.08459,1.08483,1234,1,0
1721797200,1.08483,1.08483,1.08417,1.0843,881,1,0
1721800800,1.0843,1.08457,1.08427,1.08451,970,1,0
1721804400,1.08451,1.08476,1.08434,1.08466,1100,1,0
1721808000,1.08467,1.08532,1.08465,1.08527,1176,0,0
1721811600,1.0852,1.08522,1.08426,1.08433,1864,1,0
1721815200,1.08433,1.08537,1.08257,1.08292,2654,0,0
1721818800,1.08288,1.08375,1.08258,1.0835,2320,0,0
1721822400,1.0835,1.08413,1.08324,1.08407,1913,0,0
1721826000,1.08406,1.08462,1.08402,1.08425,1677,1,0
1721829600,1.08426,1.08489,1.08386,1.08462,1717,1,0
1721833200,1.08462,1.08592,1.08456,1.08581,2216,0,0
1721836800,1.08584,1.08629,1.08517,1.0854300000000001,2981,0,0
1721840400,1.08542,1.0866500000000001,1.08504,1.08536,3212,0,0
1721844000,1.08539,1.08576,1.08515,1.08527,2172,0,0
1721847600,1.08528,1.08529,1.08475,1.0851,1831,0,0
1721851200,1.0851,1.08549,1.08459,1.08462,1536,0,0
1721854800,1.08462,1.08462,1.08366,1.08375,1763,0,0
1721858400,1.08374,1.08426,1.08357,1.08388,1567,0,0
1721862000,1.08385,1.08402,1.08379,1.08393,909,0,0
1721865600,1.08392,1.08406,1.08347,1.08397,205,1,0
1721869200,1.08395,1.08421,1.08377,1.08393,595,0,0
1721872800,1.08394,1.084,1.08374,1.08379,632,0,0
1721876400,1.08379,1.08413,1.08349,1.08395,1511,1,0
1721880000,1.08395,1.08427,1.08372,1.08378,1416,0,0
1721883600,1.08378,1.08416,1.08362,1.08395,1279,1,0
1721887200,1.08395,1.08439,1.08388,1.08427,1239,0,0
1721890800,1.08427,1.08433,1.08377,1.08399,953,1,0
1721894400,1.084,1.08454,1.08382,1.0845,1294,0,0
1721898000,1.08444,1.0845,1.08333,1.08348,1925,0,0
1721901600,1.08342,1.0853,1.08282,1.08489,3102,0,0
1721905200,1.08493,1.08577,1.08432,1.08461,2988,0,0
1721908800,1.08456,1.08559,1.08439,1.08515,2260,1,0
1721912400,1.08516,1.08587,1.0848,1.08513,2056,0,0
1721916000,1.08517,1.08538,1.08438,1.08456,1987,0,0
1721919600,1.08456,1.08549,1.08364,1.08498,3474,0,0
1721923200,1.08499,1.08507,1.08302,1.08392,3638,0,0
1721926800,1.08389,1.08569,1.08362,1.08547,3430,0,0
1721930400,1.08542,1.08646,1.08542,1.08597,2488,0,0
1721934000,1.08597,1.08634,1.08565,1.0862,2201,0,0
1721937600,1.0862,1.08699,1.08538,1.0854300000000001,2096,0,0
1721941200,1.0854300000000001,1.08547,1.08477,1.08477,1767,0,0
1721944800,1.08477,1.08537,1.08451,1.08456,1811,1,0
1721948400,1.0846,1.08463,1.08434,1.08446,1010,0,0
1721952000,1.08448,1.08462,1.08436,1.08448,242,1,0
1721955600,1.08449,1.08484,1.08433,1.0847,494,0,0
1721959200,1.08471,1.08514,1.08469,1.08513,804,1,0
1721962800,1.08512,1.08554,1.08512,1.08539,1213,0,0
1721966400,1.08539,1.08595,1.0852,1.0858,1189,0,0
1721970000,1.0858,1.0860400000000001,1.08546,1.08551,916,1,0
1721973600,1.08551,1.08585,1.0854,1.08584,675,0,0
1721977200,1.08585,1.08597,1.08567,1.08583,705,1,0
1721980800,1.08583,1.08607,1.08565,1.08573,761,1,0
1721984400,1.08564,1.08567,1.08505,1.08523,1687,1,0
1721988000,1.08522,1.08554,1.08449,1.08493,2104,1,0
1721991600,1.08493,1.0853,1.08421,1.08515,1993,1,0
1721995200,1.08515,1.08565,1.085,1.08539,1659,0,0
1721998800,1.0854,1.08586,1.08508,1.08563,1587,0,0
1722002400,1.08562,1.0861399999999999,1.08521,1.0861,1544,0,0
1722006000,1.0861,1.08654,1.08472,1.08605,2651,0,0
1722009600,1.08605,1.08671,1.08589,1.08649,2647,0,0
1722013200,1.08632,1.08682,1.08516,1.08558,3104,0,0
1722016800,1.08557,1.08601,1.08525,1.08578,2126,0,0
1722020400,1.0858,1.0867,1.08562,1.08654,1439,0,0
1722024000,1.08653,1.08654,1.08578,1.08606,1290,1,0
1722027600,1.08606,1.08633,1.08562,1.08567,1277,0,0
1722031200,1.08567,1.0859,1.08552,1.08577,1474,0,0
1722034800,1.08574,1.08581,1.08541,1.08552,1279,0,0
1722211200,1.0857,1.08594,1.08549,1.08566,397,4,0
1722214800,1.08556,1.08599,1.08555,1.08561,852,0,0
1722218400,1.08561,1.08569,1.08528,1.08528,623,0,0
1722222000,1.08528,1.08664,1.08509,1.08634,1239,0,0
1722225600,1.08635,1.0868,1.08608,1.08658,1422,0,0
1722229200,1.08658,1.08698,1.08643,1.08644,1002,1,0
1722232800,1.08643,1.08658,1.08616,1.08623,716,0,0
1722236400,1.08623,1.08639,1.08582,1.0859,848,1,0
1722240000,1.0859,1.0863,1.08574,1.0859,946,0,0
1722243600,1.0859,1.08622,1.0855,1.0858,1553,0,0
1722247200,1.08579,1.08597,1.0843099999999999,1.08447,2569,0,0
1722250800,1.08446,1.08446,1.08317,1.08321,2162,1,0
1722254400,1.08322,1.0841,1.0826500000000001,1.08372,1779,0,0
1722258000,1.08372,1.0842,1.08327,1.08358,1836,0,0
1722261600,1.08357,1.08358,1.08167,1.08177,1490,1,0
1722265200,1.08177,1.08215,1.0815,1.08161,1771,0,0
1722268800,1.08161,1.08174,1.08109,1.08117,1933,0,0
1722272400,1.08117,1.0816,1.08026,1.08153,2435,1,0
1722276000,1.08154,1.08238,1.08153,1.08189,1941,0,0
1722279600,1.08189,1.08236,1.0815,1.08214,1352,0,0
1722283200,1.08215,1.08258,1.08194,1.0825,1236,0,0
1722286800,1.08251,1.08251,1.08194,1.0822,936,0,0
1722290400,1.0822,1.08256,1.08214,1.08237,1278,0,0
1722294000,1.08237,1.08237,1.08194,1.08206,798,0,0
1722297600,1.08198,1.08233,1.08191,1.08221,365,8,0
1722301200,1.08223,1.08235,1.0821,1.08219,436,1,0
1722304800,1.08221,1.08221,1.08181,1.08191,627,0,0
1722308400,1.0819,1.082,1.08153,1.08171,984,1,0
1722312000,1.0817,1.082,1.08142,1.08175,1190,0,0
1722315600,1.08174,1.08186,1.08147,1.08179,817,0,0
1722319200,1.08179,1.08224,1.08173,1.08221,674,1,0
1722322800,1.08219,1.08252,1.08219,1.08241,605,1,0
1722326400,1.08238,1.0824799999999999,1.08191,1.08205,929,0,0
1722330000,1.08199,1.08245,1.08177,1.08222,1935,1,0
1722333600,1.08222,1.08266,1.08165,1.08177,2132,0,0
1722337200,1.08179,1.08346,1.08158,1.08288,2266,0,0
1722340800,1.08287,1.08351,1.08278,1.08318,1690,1,0
1722344400,1.08318,1.08356,1.08317,1.08333,1296,1,0
1722348000,1.08333,1.08335,1.08239,1.08243,1300,0,0
1722351600,1.0824,1.0826,1.08016,1.08018,2239,0,0
1722355200,1.08018,1.08152,1.08015,1.08102,2565,0,0
1722358800,1.08101,1.08101,1.07984,1.08051,3210,0,0
1722362400,1.08051,1.0811,1.0799,1.08087,2538,0,0
1722366000,1.08088,1.08166,1.08068,1.08136,1945,1,0
1722369600,1.08137,1.08175,1.08098,1.08142,2033,0,0
1722373200,1.0814300000000001,1.08161,1.08101,1.08111,1377,1,0
1722376800,1.0811,1.08136,1.08093,1.08106,1177,1,0
1722380400,1.08107,1.0815,1.08084,1.08141,723,0,0
1722384000,1.0814,1.0814300000000001,1.08117,1.08134,158,1,0
1722387600,1.08134,1.08162,1.08122,1.08145,820,0,0
1722391200,1.08145,1.08178,1.0814,1.08156,676,1,0
1722394800,1.08156,1.082,1.08127,1.08199,1214,0,0
1722398400,1.082,1.08242,1.08166,1.08221,1731,1,0
1722402000,1.08221,1.08282,1.08201,1.0826500000000001,1198,0,0
1722405600,1.08263,1.08301,1.08218,1.0822,1134,0,0
1722409200,1.0822,1.08259,1.08215,1.08254,1353,0,0
1722412800,1.08256,1.08268,1.08202,1.0824799999999999,1106,0,0
1722416400,1.08246,1.08254,1.08158,1.08254,2448,0,0
1722420000,1.08252,1.08252,1.08116,1.0818,2957,0,0
1722423600,1.08181,1.08277,1.0806499999999999,1.08221,2746,1,0
1722427200,1.08222,1.08276,1.0822,1.08259,2083,0,0
1722430800,1.08258,1.08353,1.0825,1.0833,1708,0,0
1722434400,1.0833,1.08402,1.08268,1.08282,1668,0,0
1722438000,1.08279,1.08481,1.0825,1.08409,2890,0,0
1722441600,1.08408,1.08493,1.08386,1.08429,2657,0,0
1722445200,1.0843,1.08466,1.08173,1.08213,3260,0,0
1722448800,1.08214,1.08278,1.0819,1.08231,2600,0,0
1722452400,1.08227,1.08232,1.08044,1.08092,1905,0,0
1722456000,1.08092,1.08166,1.08057,1.08152,1709,0,0
1722459600,1.08147,1.08291,1.08018,1.08267,3897,0,0
1722463200,1.08261,1.08328,1.08193,1.08228,3318,0,0
1722466800,1.08225,1.08279,1.0817,1.08247,1252,0,0
1722470400,1.08238,1.08274,1.0822,1.08261,209,1,0
1722474000,1.08264,1.08308,1.08241,1.08243,474,0,0
1722477600,1.08245,1.08255,1.08217,1.08238,539,1,0
1722481200,1.08236,1.08301,1.08233,1.08277,1577,1,0
1722484800,1.08276,1.08336,1.08269,1.08276,1725,0,0
1722488400,1.08274,1.08306,1.08242,1.08262,1523,0,0
1722492000,1.08261,1.08345,1.08257,1.08328,997,1,0
1722495600,1.08328,1.08352,1.08262,1.08266,869,1,0
1722499200,1.08267,1.08296,1.08252,1.08272,1247,0,0
1722502800,1.08267,1.08277,1.0811,1.08161,2325,1,0
1722506400,1.08162,1.08199,1.0799,1.0801,2582,0,0
1722510000,1.0801,1.0802100000000001,1.07813,1.07843,2622,0,0
1722513600,1.07843,1.07862,1.07773,1.07778,2082,1,0
1722517200,1.07782,1.07896,1.0778,1.07843,1614,0,0
1722520800,1.07843,1.07955,1.07807,1.07918,2402,0,0
1722524400,1.07919,1.0808200000000001,1.0787,1.07964,3193,0,0
1722528000,1.07964,1.0806,1.07872,1.08024,2949,0,0
1722531600,1.08022,1.08181,1.07873,1.07921,3942,0,0
1722535200,1.07921,1.07946,1.07836,1.07886,2956,1,0
1722538800,1.07888,1.07967,1.07801,1.07863,2615,1,0
1722542400,1.07862,1.07919,1.07849,1.07915,2090,1,0
1722546000,1.07915,1.07918,1.07828,1.07836,1914,0,0
1722549600,1.0783800000000001,1.07955,1.07826,1.07897,2126,1,0
1722553200,1.07896,1.07912,1.07863,1.0790899999999999,1146,0,0
1722556800,1.07905,1.07916,1.07854,1.07914,389,0,0
1722560400,1.07906,1.07929,1.07874,1.07884,867,0,0
1722564000,1.07885,1.07918,1.0786,1.07864,1024,1,0
1722567600,1.07862,1.07926,1.07816,1.0791,1712,0,0
1722571200,1.0791,1.07936,1.07876,1.07906,1355,0,0
1722574800,1.07907,1.07917,1.07846,1.07902,1497,1,0
1722578400,1.07902,1.07951,1.07902,1.0793,939,1,0
1722582000,1.07931,1.07985,1.07923,1.07975,976,1,0
1722585600,1.07976,1.08041,1.07955,1.08041,1376,1,0
1722589200,1.08038,1.08087,1.0793,1.07962,2615,0,0
1722592800,1.07962,1.0804,1.07861,1.08038,3399,0,0
1722596400,1.08038,1.08152,1.08032,1.08145,2596,1,0
1722600000,1.08144,1.08247,1.08144,1.08203,2357,1,0
1722603600,1.08203,1.08245,1.08154,1.0823,2216,0,0
1722607200,1.08229,1.08373,1.08229,1.08312,2357,0,0
1722610800,1.08312,1.0897000000000001,1.08293,1.08912,4091,0,0
1722614400,1.08904,1.09067,1.08846,1.09053,4075,0,0
1722618000,1.09053,1.09265,1.09001,1.09222,4488,0,0
1722621600,1.09223,1.09247,1.09121,1.09132,3573,0,0
1722625200,1.09132,1.09149,1.09033,1.0912,3056,0,0
1722628800,1.0912,1.09154,1.09071,1.09113,2548,1,0
1722632400,1.09113,1.09166,1.091,1.09128,2067,0,0
1722636000,1.09129,1.09165,1.09097,1.09128,2166,0,0
1722639600,1.09129,1.09149,1.09079,1.09102,1375,0,0
1722816000,1.09221,1.09232,1.09178,1.0919,421,0,0
1722819600,1.09198,1.09206,1.09029,1.09062,1493,0,0
1722823200,1.09062,1.09115,1.09044,1.09104,1992,1,0
1722826800,1.09105,1.09224,1.09068,1.09168,3014,0,0
1722830400,1.09167,1.09214,1.09119,1.09189,2973,0,0
1722834000,1.09189,1.09239,1.0913,1.09217,2240,0,0
1722837600,1.09217,1.09312,1.09208,1.09306,1889,0,0
1722841200,1.09306,1.09395,1.09276,1.09325,2660,1,0
1722844800,1.09325,1.09386,1.0912,1.09124,3387,0,0
1722848400,1.09128,1.09178,1.08925,1.09059,5248,0,0
1722852000,1.09055,1.09669,1.0903,1.09488,4958,0,0
1722855600,1.09489,1.09749,1.09466,1.0951,4097,0,0
1722859200,1.09509,1.09608,1.09449,1.09514,3821,0,0
1722862800,1.09514,1.09514,1.0933,1.09482,3457,0,0
1722866400,1.09483,1.09645,1.09434,1.09628,3523,1,0
1722870000,1.09629,1.10084,1.09619,1.09911,4356,0,0
1722873600,1.09911,1.10031,1.09759,1.09777,5080,0,0
1722877200,1.09771,1.09799,1.09566,1.0979,4977,0,0
1722880800,1.09783,1.09862,1.0956,1.09562,4345,0,0
1722884400,1.09561,1.09609,1.09478,1.09599,3961,0,0
1722888000,1.09595,1.09643,1.09473,1.09532,3328,0,0
1722891600,1.09531,1.09574,1.0949,1.0951,2759,1,0
1722895200,1.0951,1.09588,1.09495,1.09588,2199,1,0
1722898800,1.09586,1.09602,1.09488,1.09504,1378,1,0
1722902400,1.09512,1.09534,1.09395,1.09525,220,8,0
1722906000,1.09525,1.09621,1.09524,1.09549,1388,0,0
1722909600,1.0955,1.09578,1.09494,1.09505,1874,1,0
1722913200,1.09507,1.0963,1.09437,1.09627,2968,1,0
1722916800,1.09628,1.0963,1.09501,1.09549,2674,0,0
1722920400,1.09544,1.09576,1.09518,1.09519,2118,1,0
1722924000,1.09519,1.09561,1.09514,1.09541,1587,1,0
1722927600,1.09541,1.09558,1.09497,1.0952,1710,0,0
1722931200,1.0952,1.09548,1.09449,1.09466,2594,0,0
1722934800,1.09463,1.09486,1.09345,1.09391,3448,0,0
1722938400,1.09384,1.09409,1.09219,1.09268,3797,0,0
1722942000,1.09268,1.09349,1.09188,1.09278,3317,0,0
1722945600,1.09263,1.09268,1.0907499999999999,1.09118,3276,0,0
1722949200,1.09116,1.09143,1.09045,1.09083,2735,0,0
1722952800,1.09083,1.09174,1.09036,1.09167,2748,0,0
1722956400,1.09166,1.09177,1.09045,1.09051,3020,0,0
1722960000,1.09051,1.09245,1.09051,1.09183,3794,0,0
1722963600,1.09182,1.09348,1.09151,1.09336,3931,0,0
1722967200,1.09336,1.0934,1.09221,1.09251,3238,0,0
1722970800,1.09252,1.0932,1.09207,1.09278,2531,0,0
1722974400,1.09275,1.0930900000000001,1.09224,1.09257,2213,0,0
1722978000,1.0925799999999999,1.09335,1.0924800000000001,1.09284,1862,1,0
1722981600,1.09285,1.09305,1.09226,1.09298,2613,0,0
1722985200,1.09298,1.09318,1.09274,1.09284,1347,1,0
1722988800,1.09303,1.0930900000000001,1.09223,1.09283,425,6,0
1722992400,1.09285,1.09318,1.09271,1.09294,1168,0,0
1722996000,1.09295,1.09304,1.09238,1.09259,1079,1,0
1722999600,1.0925799999999999,1.09303,1.09233,1.09296,1874,0,0
1723003200,1.09296,1.09303,1.0911,1.09183,2395,0,0
1723006800,1.09181,1.09192,1.09123,1.09162,2141,1,0
1723010400,1.09163,1.09174,1.09117,1.09159,1388,0,0
1723014000,1.09159,1.09169,1.09115,1.09116,1299,0,0
1723017600,1.09114,1.0913,1.09068,1.09102,1792,1,0
1723021200,1.09099,1.0915300000000001,1.09054,1.09151,2645,0,0
1723024800,1.09151,1.09278,1.09128,1.09223,3256,0,0
1723028400,1.09222,1.09278,1.09185,1.09188,2733,1,0
1723032000,1.09188,1.09195,1.09085,1.09135,2488,0,0
1723035600,1.09138,1.09231,1.09095,1.0918,2226,0,0
1723039200,1.0918,1.09266,1.09178,1.09232,2185,0,0
1723042800,1.09233,1.09257,1.09134,1.09218,2508,0,0
1723046400,1.09216,1.09265,1.09125,1.09187,2611,0,0
1723050000,1.09187,1.09341,1.09186,1.09317,2966,0,0
1723053600,1.09317,1.09366,1.09239,1.09246,2453,0,0
1723057200,1.09246,1.0927,1.09211,1.0922,2086,0,0
1723060800,1.09221,1.0927,1.09176,1.09222,2644,0,0
1723064400,1.09222,1.09238,1.09173,1.0922,2291,0,0
1723068000,1.09221,1.09266,1.09213,1.09232,2301,0,0
1723071600,1.09232,1.09234,1.092,1.09203,1195,0,0
1723075200,1.09203,1.09235,1.09148,1.09232,268,2,0
1723078800,1.09232,1.0927,1.09223,1.09269,822,0,0
1723082400,1.09269,1.09338,1.09265,1.09272,1453,1,0
1723086000,1.09272,1.09325,1.09259,1.09282,2120,0,0
1723089600,1.09281,1.0930900000000001,1.09235,1.09276,1887,0,0
1723093200,1.09276,1.0935,1.09266,1.09337,1547,0,0
1723096800,1.09337,1.09354,1.09299,1.0935,1226,0,0
1723100400,1.0935,1.09377,1.0930900000000001,1.09317,1421,1,0
1723104000,1.09316,1.09358,1.09298,1.09357,1636,0,0
1723107600,1.09357,1.09446,1.09336,1.09427,2438,0,0
1723111200,1.0943100000000001,1.0945,1.09339,1.09398,2847,0,0
1723114800,1.09398,1.09443,1.09355,1.0937000000000001,2044,0,0
1723118400,1.0937000000000001,1.09396,1.09261,1.09269,1884,1,0
1723122000,1.09269,1.09287,1.09203,1.09253,1810,0,0
1723125600,1.09253,1.09332,1.09231,1.09307,1954,0,0
1723129200,1.09304,1.09324,1.08917,1.08974,3252,0,0
1723132800,1.08977,1.09062,1.08813,1.08927,3240,0,0
1723136400,1.08933,1.09077,1.08912,1.09062,3242,0,0
1723140000,1.09063,1.09147,1.09055,1.0913,2579,0,0
1723143600,1.0913,1.09145,1.0905,1.09086,1900,0,0
1723147200,1.09087,1.09163,1.09074,1.09126,1916,0,0
1723150800,1.09126,1.09187,1.0911,1.09182,1492,0,0
1723154400,1.09178,1.09178,1.09133,1.0916,1749,0,0
1723158000,1.0916,1.0919,1.09159,1.09177,943,0,0
1723161600,1.09177,1.0918,1.09097,1.09168,233,9,0
1723165200,1.09168,1.09189,1.0915300000000001,1.09184,504,0,0
1723168800,1.09185,1.09194,1.09144,1.0915,660,1,0
1723172400,1.09145,1.0916,1.09115,1.09126,1383,0,0
1723176000,1.0913,1.0919,1.09119,1.09179,1238,1,0
1723179600,1.09179,1.09245,1.09157,1.09213,1192,1,0
1723183200,1.09211,1.09241,1.09204,1.09228,894,1,0
1723186800,1.09228,1.0924,1.09196,1.09202,953,1,0
1723190400,1.09202,1.09215,1.0918,1.09195,1335,1,0
1723194000,1.09193,1.0928,1.09174,1.09274,1762,0,0
1723197600,1.09274,1.09291,1.09202,1.09219,1991,0,0
1723201200,1.09218,1.09225,1.09131,1.09175,1898,0,0
1723204800,1.09174,1.09257,1.09173,1.09196,1629,1,0
1723208400,1.09195,1.09231,1.09167,1.09175,1564,0,0
1723212000,1.09175,1.09206,1.09113,1.0916,1808,0,0
1723215600,1.0916,1.09194,1.0909,1.09116,2098,3,0
1723219200,1.09116,1.09239,1.09096,1.09222,2195,3,0
1723222800,1.09223,1.09312,1.09212,1.09229,2273,3,0
1723226400,1.09229,1.09275,1.09217,1.0924,2058,3,0
1723230000,1.09239,1.09245,1.09177,1.09185,1593,4,0
1723233600,1.09185,1.09234,1.0915,1.09206,1394,3,0
1723237200,1.09206,1.09216,1.0917,1.09194,1298,3,0
1723240800,1.09193,1.0921,1.09171,1.09186,993,4,0
1723244400,1.09186,1.09192,1.09143,1.09151,703,2,0
1723420800,1.09146,1.09188,1.0913599999999999,1.0918,204,3,0
1723424400,1.09186,1.09187,1.091,1.09129,698,3,0
1723428000,1.09129,1.09151,1.09124,1.09127,672,3,0
1723431600,1.09127,1.09196,1.09117,1.09182,831,3,0
1723435200,1.09182,1.09228,1.09179,1.09206,991,3,0
1723438800,1.09205,1.09217,1.09177,1.09177,683,1,0
1723442400,1.09178,1.09187,1.09126,1.09138,565,4,0
1723446000,1.09138,1.09215,1.09134,1.0919,585,3,0
1723449600,1.0919,1.0921,1.09175,1.09186,660,4,0
1723453200,1.0919,1.09235,1.09155,1.09212,1474,3,0
1723456800,1.09211,1.09283,1.09194,1.09222,1902,3,0
1723460400,1.09225,1.09252,1.09159,1.09206,1697,3,0
1723464000,1.09206,1.09278,1.09175,1.09266,1356,3,0
1723467600,1.09267,1.09297,1.09215,1.09264,1392,3,0
1723471200,1.09264,1.0929,1.09195,1.0925799999999999,1343,4,0
1723474800,1.09256,1.09287,1.09174,1.09198,1545,3,0
1723478400,1.09198,1.09333,1.09198,1.09251,2140,3,0
1723482000,1.09253,1.09332,1.0915,1.09311,2292,3,0
1723485600,1.0931,1.09393,1.09273,1.09278,2446,3,0
1723489200,1.09278,1.09293,1.09215,1.09228,1719,3,0
1723492800,1.09227,1.09335,1.0922,1.09329,1521,4,0
1723496400,1.09329,1.09349,1.09281,1.09303,1043,3,0
1723500000,1.09302,1.0933,1.09297,1.09314,1012,4,0
1723503600,1.09313,1.09318,1.0927,1.09305,723,1,0
1723507200,1.09292,1.09327,1.09242,1.0930900000000001,287,4,0
1723510800,1.0930900000000001,1.09325,1.09302,1.09323,433,4,0
1723514400,1.09324,1.09363,1.09312,1.0936,527,4,0
1723518000,1.09361,1.09361,1.09292,1.093,1024,3,0
1723521600,1.09299,1.09352,1.09292,1.09348,885,3,0
1723525200,1.09348,1.09374,1.09339,1.09352,629,4,0
1723528800,1.09353,1.09383,1.0935,1.09368,586,3,0
1723532400,1.09368,1.09393,1.09355,1.09391,620,4,0
1723536000,1.09392,1.09409,1.09372,1.09396,696,1,0
1723539600,1.09405,1.09406,1.09323,1.09329,1685,4,0
1723543200,1.09329,1.09346,1.09263,1.09299,1701,3,0
1723546800,1.09299,1.09299,1.09205,1.09231,1449,3,0
1723550400,1.09231,1.09267,1.0913599999999999,1.09196,1580,3,0
1723554000,1.09196,1.0924800000000001,1.09179,1.09231,1483,3,0
1723557600,1.09229,1.09321,1.09223,1.093,1329,3,0
1723561200,1.09301,1.09465,1.09254,1.09407,2413,3,0
1723564800,1.09408,1.09623,1.09378,1.09586,2954,3,0
1723568400,1.09585,1.09617,1.0950199999999999,1.09556,2481,3,0
1723572000,1.0956,1.09586,1.09481,1.09534,1928,3,0
1723575600,1.09533,1.09738,1.09528,1.09722,1701,3,0
1723579200,1.09723,1.09784,1.09697,1.09767,1660,3,0
1723582800,1.09767,1.09993,1.09766,1.09991,1823,3,0
1723586400,1.09985,1.09996,1.09939,1.09959,1514,3,0
1723590000,1.0996,1.09987,1.09914,1.0991900000000001,1035,2,0
1723593600,1.099,1.09932,1.09793,1.09922,351,3,0
1723597200,1.09922,1.09972,1.0992,1.09965,452,4,0
1723600800,1.09966,1.09984,1.09943,1.09958,537,4,0
1723604400,1.09958,1.09972,1.09916,1.0991900000000001,997,3,0
1723608000,1.09916,1.09965,1.09904,1.09917,1155,3,0
1723611600,1.09916,1.09939,1.099,1.09914,1494,3,0
1723615200,1.09915,1.09915,1.09886,1.099,1022,3,0
1723618800,1.099,1.09931,1.09895,1.09927,640,2,0
1723622400,1.09928,1.09948,1.09897,1.09908,835,3,0
1723626000,1.09909,1.10015,1.09862,1.09997,2046,3,0
1723629600,1.09997,1.10077,1.09961,1.10056,1810,4,0
1723633200,1.10055,1.1019700000000001,1.1002399999999999,1.10191,1774,3,0
1723636800,1.10191,1.10284,1.1015,1.10255,1442,3,0
1723640400,1.10256,1.10256,1.10179,1.10217,1661,3,0
1723644000,1.10217,1.1025,1.10198,1.10223,1321,3,0
1723647600,1.10229,1.10349,1.1004,1.10167,3263,3,0
1723651200,1.10166,1.10422,1.10161,1.10375,2993,3,0
1723654800,1.10374,1.10471,1.1027,1.10355,2689,3,0
1723658400,1.10355,1.10361,1.10211,1.10231,1772,3,0
1723662000,1.10232,1.1024,1.10154,1.10182,1648,3,0
1723665600,1.10182,1.10183,1.10131,1.10142,1255,3,0
1723669200,1.10142,1.10169,1.10108,1.1016,967,3,0
1723672800,1.10159,1.10164,1.10113,1.10127,1065,3,0
1723676400,1.10127,1.10145,1.10107,1.10112,761,1,0
1723680000,1.10109,1.10137,1.10086,1.10116,194,4,0
1723683600,1.10111,1.10154,1.10102,1.10129,389,3,0
1723687200,1.10132,1.10139,1.10095,1.10114,585,3,0
1723690800,1.10114,1.10141,1.10091,1.10096,914,4,0
1723694400,1.10096,1.10098,1.10029,1.10069,1273,3,0
1723698000,1.1007,1.10112,1.10055,1.1008499999999999,909,1,0
1723701600,1.1008499999999999,1.10106,1.10074,1.1008,501,4,0
1723705200,1.1008,1.1012,1.10079,1.10116,492,1,0
1723708800,1.10116,1.10127,1.1008499999999999,1.10094,657,3,0
1723712400,1.10096,1.10153,1.10077,1.10144,1246,3,0
1723716000,1.1014599999999999,1.10154,1.1007500000000001,1.10133,1424,3,0
1723719600,1.10133,1.10133,1.1005,1.1006,1442,3,0
1723723200,1.10059,1.10128,1.10033,1.10118,1090,3,0
1723726800,1.10118,1.1014,1.1008,1.10097,992,3,0
1723730400,1.101,1.1013600000000001,1.10095,1.10132,1122,3,0
1723734000,1.10132,1.10141,1.09517,1.09564,2956,3,0
1723737600,1.09564,1.09697,1.09493,1.09687,3296,3,0
1723741200,1.09686,1.0986,1.09651,1.0983,2799,3,0
1723744800,1.09829,1.09894,1.09816,1.09851,2045,3,0
1723748400,1.0985800000000001,1.09892,1.09774,1.09781,1497,3,0
1723752000,1.09778,1.09796,1.09716,1.0974,1382,3,0
1723755600,1.09742,1.09792,1.09735,1.09782,1243,3,0
1723759200,1.09779,1.09798,1.09723,1.0974,1109,3,0
1723762800,1.0974,1.09741,1.09697,1.09712,816,3,0
1723766400,1.09709,1.09722,1.09662,1.09721,226,7,0
1723770000,1.09721,1.09743,1.0971,1.09712,336,3,0
1723773600,1.09716,1.09749,1.09711,1.09724,597,3,0
1723777200,1.09724,1.0977,1.0972,1.09756,946,3,0
1723780800,1.09757,1.0981,1.09743,1.09806,1126,3,0
1723784400,1.09806,1.09825,1.0977999999999999,1.09812,697,3,0
1723788000,1.09812,1.09817,1.09766,1.0977,590,3,0
1723791600,1.0977,1.09822,1.0976,1.09819,532,4,0
1723795200,1.09819,1.0986,1.09812,1.09855,753,4,0
1723798800,1.09849,1.09866,1.09806,1.09814,1503,3,0
1723802400,1.09814,1.09859,1.09766,1.09849,1646,3,0
1723806000,1.09849,1.09896,1.09798,1.09808,1489,3,0
1723809600,1.09808,1.09899,1.09786,1.09897,1407,3,0
1723813200,1.09897,1.09949,1.09851,1.09938,1155,3,0
1723816800,1.09938,1.09947,1.0989,1.09921,1493,3,0
1723820400,1.09921,1.09946,1.09852,1.09938,1761,3,0
1723824000,1.09939,1.10043,1.09918,1.10019,2189,3,0
1723827600,1.09995,1.10008,1.09825,1.09903,2503,3,0
1723831200,1.09901,1.09975,1.09901,1.09958,1635,3,0
1723834800,1.09957,1.10041,1.09953,1.10036,1309,3,0
1723838400,1.10035,1.10126,1.10035,1.10126,1239,3,0
1723842000,1.10126,1.10213,1.10093,1.10205,1170,3,0
1723845600,1.10204,1.10246,1.1018,1.10242,1056,3,0
1723849200,1.10242,1.10293,1.10221,1.10271,930,3,0
1724025600,1.1026799999999999,1.1026799999999999,1.1022,1.1026,305,3,0
1724029200,1.1026,1.10339,1.10234,1.10249,852,3,0
1724032800,1.10251,1.10261,1.10226,1.10245,670,3,0
1724036400,1.10245,1.10358,1.10231,1.10302,1287,3,0
1724040000,1.10302,1.10333,1.10274,1.10309,1106,3,0
1724043600,1.10309,1.10318,1.10287,1.10306,652,3,0
1724047200,1.10307,1.10403,1.10298,1.10388,1160,3,0
1724050800,1.10388,1.10417,1.10366,1.10395,950,3,0
1724054400,1.10395,1.1049,1.10395,1.10474,1413,3,0
1724058000,1.10477,1.105,1.10407,1.1042,1845,3,0
1724061600,1.10418,1.10471,1.104,1.10426,1830,3,0
1724065200,1.10426,1.10505,1.10355,1.1037,1682,3,0
1724068800,1.1037,1.10411,1.10344,1.1035,1445,3,0
1724072400,1.1035,1.10382,1.10309,1.10367,1444,3,0
1724076000,1.10367,1.10437,1.10325,1.10421,1427,3,0
1724079600,1.10425,1.10442,1.10344,1.10387,1499,3,0
1724083200,1.10386,1.10443,1.10304,1.10443,2011,3,0
1724086800,1.10443,1.10734,1.1043,1.10655,3044,3,0
1724090400,1.10654,1.10717,1.10597,1.1069,2068,3,0
1724094000,1.10691,1.10739,1.10671,1.10735,1339,3,0
1724097600,1.10733,1.10768,1.10703,1.10768,1044,3,0
1724101200,1.10767,1.10849,1.10762,1.10813,1381,3,0
1724104800,1.10815,1.10861,1.10788,1.10835,1057,3,0
1724108400,1.10835,1.10859,1.10814,1.1084100000000001,700,3,0
1724112000,1.10833,1.1085099999999999,1.10774,1.10834,312,5,0
1724115600,1.10834,1.10873,1.10834,1.1085099999999999,365,3,0
1724119200,1.1085099999999999,1.10866,1.10831,1.10855,681,3,0
1724122800,1.10856,1.10871,1.10799,1.10818,1175,3,0
1724126400,1.10818,1.10871,1.10815,1.10852,1224,3,0
1724130000,1.10852,1.10868,1.1075,1.10761,1136,3,0
1724133600,1.10762,1.10791,1.1075,1.10755,1036,3,0
1724137200,1.10755,1.1078999999999999,1.10747,1.10769,715,3,0
1724140800,1.10769,1.10777,1.10728,1.10765,928,3,0
1724144400,1.10766,1.1082,1.10743,1.1081,1624,3,0
1724148000,1.10809,1.1087,1.10717,1.10866,1961,3,0
1724151600,1.10867,1.10887,1.10777,1.10795,1811,3,0
1724155200,1.10796,1.10816,1.10749,1.10755,1568,3,0
1724158800,1.10755,1.10826,1.10751,1.10818,1246,4,0
1724162400,1.10818,1.10863,1.10765,1.10808,1481,3,0
1724166000,1.10807,1.10983,1.10803,1.10983,1956,3,0
1724169600,1.10982,1.1105,1.10923,1.11019,2626,3,0
1724173200,1.11019,1.11167,1.10933,1.11116,2998,3,0
1724176800,1.11115,1.1112,1.10994,1.1105,2291,3,0
1724180400,1.11056,1.1118999999999999,1.1104,1.11147,1766,3,0
1724184000,1.11148,1.11166,1.11087,1.11159,1354,4,0
1724187600,1.1116,1.11223,1.11156,1.11206,1145,3,0
1724191200,1.11205,1.11272,1.11192,1.11244,1142,3,0
1724194800,1.11247,1.11301,1.11238,1.1128,827,1,0
1724198400,1.1127,1.1129,1.11166,1.11283,443,4,0
1724202000,1.11283,1.11293,1.11254,1.11285,569,3,0
1724205600,1.11283,1.11314,1.11266,1.11274,759,3,0
1724209200,1.11275,1.11325,1.11254,1.11276,1208,4,0
1724212800,1.11276,1.1128,1.11189,1.11215,1261,3,0
1724216400,1.11215,1.1125099999999999,1.11201,1.11216,884,3,0
1724220000,1.11216,1.11223,1.1117,1.11209,941,3,0
1724223600,1.11208,1.11211,1.11166,1.11189,778,3,0
1724227200,1.11189,1.11208,1.1116,1.11176,1007,3,0
1724230800,1.11178,1.11197,1.11132,1.11176,1641,3,0
1724234400,1.11177,1.11286,1.11102,1.1114,1982,3,0
1724238000,1.11141,1.11223,1.11108,1.11183,1646,3,0
1724241600,1.11183,1.11253,1.11132,1.11169,1344,3,0
1724245200,1.11168,1.11258,1.11155,1.11247,1186,3,0
1724248800,1.11248,1.11248,1.111,1.11147,1431,3,0
1724252400,1.11148,1.11298,1.1113,1.11247,1917,3,0
1724256000,1.11254,1.11275,1.11111,1.11145,2412,3,0
1724259600,1.1114,1.11297,1.10995,1.11245,4918,3,0
1724263200,1.11243,1.11477,1.11243,1.11421,2980,3,0
1724266800,1.1142,1.11481,1.11414,1.11462,1791,3,0
1724270400,1.11463,1.11583,1.11455,1.11554,1441,3,0
1724274000,1.11548,1.1173899999999999,1.11548,1.11616,2306,3,0
1724277600,1.11616,1.11616,1.11513,1.11516,1242,3,0
1724281200,1.11517,1.11524,1.11471,1.11486,931,2,0
1724284800,1.11479,1.11538,1.11423,1.11484,454,3,0
1724288400,1.1148,1.11561,1.1148,1.11561,425,3,0
1724292000,1.11561,1.11577,1.1153,1.1155,557,3,0
1724295600,1.11551,1.11566,1.1145100000000001,1.11474,1146,3,0
1724299200,1.11474,1.1149,1.11425,1.11431,982,3,0
1724302800,1.1143,1.11444,1.11404,1.11429,855,3,0
1724306400,1.11429,1.11454,1.11426,1.11445,619,3,0
1724310000,1.11446,1.11456,1.11407,1.11433,662,2,0
1724313600,1.11433,1.11443,1.11403,1.11429,752,3,0
1724317200,1.11427,1.1149499999999999,1.11408,1.11493,1465,3,0
1724320800,1.11494,1.11653,1.11273,1.11369,2360,3,0
1724324400,1.11375,1.11508,1.11375,1.11424,2020,3,0
1724328000,1.11425,1.11426,1.11332,1.11396,1703,3,0
1724331600,1.11396,1.11458,1.11324,1.11452,1415,3,0
1724335200,1.11448,1.1145100000000001,1.1132,1.11366,1582,3,0
1724338800,1.11368,1.11429,1.11256,1.11399,2247,3,0
1724342400,1.11405,1.11413,1.11121,1.1118999999999999,2858,3,0
1724346000,1.11193,1.11193,1.10979,1.11148,3090,3,0
1724349600,1.11141,1.11148,1.11048,1.11128,2448,3,0
1724353200,1.1113,1.11174,1.11077,1.11102,1895,3,0
1724356800,1.11103,1.11105,1.10984,1.11025,1620,3,0
1724360400,1.11026,1.11108,1.11026,1.11105,1208,3,0
1724364000,1.11101,1.11133,1.11046,1.11083,1190,3,0
1724367600,1.11083,1.11126,1.11074,1.11112,651,1,0
1724371200,1.11087,1.11117,1.11036,1.11106,355,4,0
1724374800,1.11106,1.11162,1.11103,1.11135,468,3,0
1724378400,1.11135,1.11177,1.11134,1.1116,489,4,0
1724382000,1.11159,1.11225,1.11129,1.11196,1233,3,0
1724385600,1.11196,1.11282,1.1118,1.11275,1276,4,0
1724389200,1.11275,1.11285,1.11228,1.1125,946,3,0
1724392800,1.1125,1.11272,1.11229,1.11246,732,3,0
1724396400,1.11246,1.11283,1.11245,1.11277,630,4,0
1724400000,1.11277,1.11287,1.11246,1.11259,794,3,0
1724403600,1.11256,1.11303,1.11201,1.11283,1330,3,0
1724407200,1.11285,1.11318,1.11124,1.11192,1748,3,0
1724410800,1.11193,1.11236,1.11172,1.11226,1634,3,0
1724414400,1.11226,1.1127,1.11165,1.11171,1390,3,0
1724418000,1.11169,1.11232,1.11151,1.11195,1225,3,0
1724421600,1.11191,1.11208,1.11108,1.11189,1428,3,0
1724425200,1.11188,1.11227,1.1111,1.11144,1752,3,0
1724428800,1.1114,1.11145,1.11054,1.11141,2030,3,0
1724432400,1.11135,1.11846,1.11131,1.11747,5046,3,0
1724436000,1.11748,1.11958,1.11734,1.1175,3224,3,0
1724439600,1.11752,1.11786,1.11642,1.11738,2377,3,0
1724443200,1.11738,1.11976,1.1173,1.11925,2088,3,0
1724446800,1.11925,1.12009,1.11855,1.11873,1809,3,0
1724450400,1.11872,1.11954,1.11856,1.1191200000000001,1295,3,0
1724454000,1.11911,1.11944,1.11874,1.11921,1214,3,0
1724630400,1.1188,1.1195,1.11834,1.11917,299,3,0
1724634000,1.11908,1.11933,1.11862,1.1191,936,3,0
1724637600,1.1191200000000001,1.11924,1.11862,1.11892,1258,3,0
1724641200,1.11891,1.12014,1.11868,1.11938,1590,4,0
1724644800,1.11936,1.12001,1.11872,1.11892,1635,3,0
1724648400,1.11892,1.11946,1.11856,1.11867,1090,3,0
1724652000,1.11867,1.11887,1.11816,1.11833,891,3,0
1724655600,1.11833,1.1186,1.1182,1.11832,785,3,0
1724659200,1.11832,1.11852,1.11775,1.1179000000000001,864,3,0
1724662800,1.1179000000000001,1.11891,1.1179000000000001,1.11811,1651,3,0
1724666400,1.11801,1.11845,1.11756,1.11806,1933,3,0
1724670000,1.11806,1.11847,1.11762,1.11803,1826,3,0
1724673600,1.11803,1.11826,1.11714,1.11741,1502,3,0
1724677200,1.11742,1.11767,1.1169,1.11713,1464,3,0
1724680800,1.11715,1.11733,1.11629,1.11651,1901,3,0
1724684400,1.11648,1.11684,1.11584,1.11611,2529,3,0
1724688000,1.1161,1.11624,1.115,1.11596,2822,3,0
1724691600,1.11596,1.11788,1.11539,1.11765,2748,3,0
1724695200,1.11763,1.11767,1.11633,1.11636,1994,3,0
1724698800,1.11636,1.1172,1.11596,1.11711,1637,3,0
1724702400,1.11711,1.11752,1.11676,1.11695,1482,3,0
1724706000,1.11695,1.11709,1.11594,1.11634,1360,3,0
1724709600,1.11633,1.11654,1.11584,1.11594,1080,3,0
1724713200,1.11594,1.11615,1.11584,1.11601,596,3,0
1724716800,1.11596,1.11622,1.1155599999999999,1.11608,202,4,0
1724720400,1.11608,1.11642,1.11608,1.11628,374,3,0
1724724000,1.11629,1.1166800000000001,1.11629,1.11644,569,4,0
1724727600,1.11644,1.11655,1.11594,1.11608,962,3,0
1724731200,1.11608,1.11704,1.11595,1.11691,1073,3,0
1724734800,1.11691,1.11702,1.11641,1.1168,749,4,0
1724738400,1.11679,1.11688,1.11648,1.11665,507,3,0
1724742000,1.11665,1.11693,1.11665,1.1168,641,3,0
1724745600,1.11681,1.11722,1.11646,1.1166800000000001,903,4,0
1724749200,1.11667,1.11713,1.11612,1.11616,1521,3,0
1724752800,1.11616,1.11725,1.11616,1.11639,2167,3,0
1724756400,1.11639,1.1173899999999999,1.1162,1.11665,1656,4,0
1724760000,1.11665,1.11785,1.11661,1.11681,1789,4,0
1724763600,1.11681,1.11698,1.1161699999999999,1.11659,1597,3,0
1724767200,1.11659,1.11697,1.11605,1.11605,1699,3,0
1724770800,1.11605,1.11645,1.11503,1.11585,2351,3,0
1724774400,1.11581,1.11696,1.11524,1.11683,2399,3,0
1724778000,1.11674,1.11716,1.11627,1.1166,3106,3,0
1724781600,1.11661,1.11698,1.11585,1.11596,2221,3,0
1724785200,1.11597,1.11675,1.11595,1.11655,1498,3,0
1724788800,1.11655,1.11825,1.11641,1.11812,1538,3,0
1724792400,1.11809,1.11904,1.11799,1.11857,1536,3,0
1724796000,1.11857,1.11857,1.11814,1.11842,1111,3,0
1724799600,1.11843,1.11856,1.11824,1.11828,821,4,0
1724803200,1.11826,1.1185100000000001,1.11757,1.11824,325,4,0
1724806800,1.11823,1.11847,1.11823,1.11835,448,3,0
1724810400,1.11835,1.11843,1.11746,1.11768,636,3,0
1724814000,1.11769,1.11799,1.11745,1.11797,1013,4,0
1724817600,1.11797,1.11798,1.1172,1.11737,1279,4,0
1724821200,1.11737,1.11776,1.11665,1.11665,1026,3,0
1724824800,1.11665,1.11691,1.11623,1.11657,802,3,0
1724828400,1.11657,1.1167799999999999,1.1158,1.11594,711,3,0
1724832000,1.11595,1.11606,1.11397,1.11436,1536,3,0
1724835600,1.11436,1.1151200000000001,1.11351,1.11477,1923,3,0
1724839200,1.11481,1.11588,1.11481,1.11561,2115,3,0
1724842800,1.11561,1.1159,1.11388,1.11411,1828,3,0
1724846400,1.11412,1.11454,1.11327,1.11355,1998,3,0
1724850000,1.11355,1.11374,1.1122,1.1125099999999999,1790,3,0
1724853600,1.1125099999999999,1.11308,1.11175,1.11199,1625,3,0
1724857200,1.11204,1.11228,1.11047,1.11117,2430,3,0
1724860800,1.11117,1.11219,1.11104,1.11111,2811,3,0
1724864400,1.11111,1.11383,1.11106,1.113,2956,3,0
1724868000,1.113,1.1131,1.11211,1.11259,2396,3,0
1724871600,1.11259,1.11259,1.111,1.11147,1769,3,0
1724875200,1.1114600000000001,1.11171,1.11052,1.11066,1586,3,0
1724878800,1.11066,1.11161,1.11055,1.11158,1386,4,0
1724882400,1.11158,1.11179,1.1113,1.11131,1204,3,0
1724886000,1.1113,1.11199,1.11123,1.11189,751,2,0
1724889600,1.1118,1.11196,1.11162,1.11194,302,4,0
1724893200,1.11194,1.11242,1.11184,1.11239,550,3,0
1724896800,1.11239,1.11261,1.11226,1.11244,576,4,0
1724900400,1.11244,1.11324,1.1124,1.11314,1115,3,0
1724904000,1.11314,1.11337,1.11282,1.11288,1010,3,0
1724907600,1.11287,1.1132,1.11272,1.11314,746,4,0
1724911200,1.11314,1.11357,1.11299,1.11356,698,3,0
1724914800,1.11357,1.1137,1.11332,1.11354,765,3,0
1724918400,1.11354,1.11376,1.11319,1.11355,1020,3,0
1724922000,1.11348,1.11397,1.11254,1.11277,1620,3,0
1724925600,1.11273,1.1131199999999999,1.11162,1.11297,2247,3,0
1724929200,1.11285,1.11289,1.10718,1.10846,3202,3,0
1724932800,1.10846,1.1099,1.10831,1.10937,1993,3,0
1724936400,1.10937,1.10999,1.1087,1.10974,1421,4,0
1724940000,1.10974,1.10996,1.10913,1.10962,1622,3,0
1724943600,1.10962,1.1098,1.10728,1.1084100000000001,3396,3,0
1724947200,1.10842,1.10893,1.10726,1.10823,3160,3,0
1724950800,1.1082,1.10832,1.10555,1.10697,3126,3,0
1724954400,1.10697,1.10853,1.10667,1.10847,2285,3,0
1724958000,1.10849,1.10877,1.10781,1.10815,1973,3,0
1724961600,1.10815,1.1085099999999999,1.10783,1.10835,1609,3,0
1724965200,1.10837,1.10844,1.10753,1.1078999999999999,1801,3,0
1724968800,1.1078999999999999,1.10811,1.10746,1.10752,1385,3,0
1724972400,1.10756,1.10788,1.10749,1.10762,586,3,0
1724976000,1.10765,1.10783,1.10713,1.10776,371,4,0
1724979600,1.10776,1.10801,1.10773,1.108,366,3,0
1724983200,1.10799,1.10831,1.10787,1.10798,490,3,0
1724986800,1.10798,1.10826,1.10786,1.10806,765,3,0
1724990400,1.10806,1.10818,1.10713,1.10713,1069,3,0
1724994000,1.10713,1.10734,1.10696,1.1072,760,4,0
1724997600,1.1072,1.10762,1.10712,1.10737,733,3,0
1725001200,1.10737,1.10772,1.10717,1.10737,772,4,0
1725004800,1.10737,1.10777,1.10733,1.10768,878,3,0
1725008400,1.10768,1.10853,1.10744,1.10848,1444,3,0
1725012000,1.10849,1.10888,1.10751,1.1084,2043,3,0
1725015600,1.1084,1.10948,1.10734,1.10745,1861,3,0
1725019200,1.10745,1.10853,1.10743,1.10827,1928,3,0
1725022800,1.10827,1.10842,1.10745,1.10792,1665,4,0
1725026400,1.10791,1.1088,1.10782,1.10813,1557,3,0
1725030000,1.10814,1.10878,1.10576,1.10677,2867,3,0
1725033600,1.10687,1.10756,1.10537,1.10719,3192,3,0
1725037200,1.10726,1.10799,1.10618,1.10687,3686,3,0
1725040800,1.10688,1.10717,1.10529,1.10596,2644,3,0
1725044400,1.10596,1.10596,1.10434,1.10493,2096,3,0
1725048000,1.10493,1.10566,1.10481,1.10523,1739,3,0
1725051600,1.10524,1.10562,1.10494,1.10521,1329,3,0
1725055200,1.10517,1.1054599999999999,1.10472,1.10526,1399,3,0
1725058800,1.10524,1.1055,1.10463,1.10465,749,4,0
1725235200,1.10461,1.10494,1.10425,1.10478,327,10,0
1725238800,1.10478,1.10496,1.10438,1.10457,458,3,0
1725242400,1.10458,1.10469,1.1044,1.10444,724,4,0
1725246000,1.10444,1.10555,1.10418,1.10533,918,3,0
1725249600,1.10534,1.10554,1.10501,1.10514,1178,3,0
1725253200,1.10514,1.10536,1.10457,1.10514,1004,3,0
1725256800,1.10514,1.10554,1.10484,1.10484,805,4,0
1725260400,1.10484,1.10484,1.10437,1.10482,627,4,0
1725264000,1.10483,1.1056300000000001,1.10453,1.10551,765,3,0
1725267600,1.10551,1.10696,1.10547,1.10657,1462,3,0
1725271200,1.10658,1.1068500000000001,1.10558,1.10665,1999,3,0
1725274800,1.10665,1.10773,1.10641,1.10674,1953,3,0
1725278400,1.10674,1.10725,1.10633,1.10689,1630,3,0
1725282000,1.10689,1.10704,1.10613,1.10663,1346,3,0
1725285600,1.10663,1.10688,1.10594,1.10595,1494,3,0
1725289200,1.10595,1.10713,1.10584,1.10677,1483,3,0
1725292800,1.10681,1.10718,1.10663,1.10677,1531,3,0
1725296400,1.10676,1.10714,1.10599,1.10689,1682,3,0
1725300000,1.10688,1.10707,1.10637,1.10678,882,3,0
1725303600,1.10677,1.10681,1.1062400000000001,1.10656,507,3,0
1725307200,1.10656,1.10686,1.10656,1.1068500000000001,175,2,0
1725310800,1.1068500000000001,1.10714,1.10679,1.10708,217,4,0
1725314400,1.10707,1.10725,1.10704,1.10721,190,3,0
1725318000,1.10721,1.10723,1.10698,1.10701,189,4,0
1725321600,1.10692,1.10718,1.10618,1.10697,319,3,0
1725325200,1.10697,1.10726,1.10665,1.10665,279,3,0
1725328800,1.10666,1.1068,1.10646,1.10671,394,3,0
1725332400,1.10671,1.10686,1.10589,1.10603,1301,3,0
1725336000,1.10604,1.10681,1.10599,1.10667,1298,3,0
1725339600,1.1066799999999999,1.10702,1.10628,1.10635,847,3,0
1725343200,1.10635,1.10635,1.10573,1.1058,1022,3,0
1725346800,1.1058,1.10586,1.10539,1.10541,949,3,0
1725350400,1.1054,1.10599,1.10537,1.10595,1092,3,0
1725354000,1.1059,1.10615,1.1051,1.10615,1714,3,0
1725357600,1.10615,1.10676,1.10556,1.10559,2283,1,0
1725361200,1.10559,1.10596,1.10479,1.10484,2242,3,0
1725364800,1.1048499999999999,1.10504,1.10341,1.104,2177,3,0
1725368400,1.104,1.10416,1.1033,1.10355,1875,3,0
1725372000,1.10355,1.10428,1.10336,1.1036299999999999,1805,3,0
1725375600,1.1036299999999999,1.10524,1.10335,1.10477,2290,3,0
1725379200,1.10481,1.10632,1.10479,1.10593,2938,3,0
1725382800,1.10659,1.10702,1.1037,1.1042,4042,3,0
1725386400,1.1042,1.10442,1.10359,1.10422,2347,3,0
1725390000,1.10421,1.1047,1.1038000000000001,1.10391,1640,3,0
1725393600,1.1039,1.10399,1.10262,1.10279,1489,3,0
1725397200,1.10279,1.10392,1.10264,1.1038000000000001,1276,3,0
1725400800,1.1038000000000001,1.1042,1.10374,1.10416,1333,4,0
1725404400,1.10416,1.10443,1.10395,1.10422,593,2,0
1725408000,1.10426,1.10451,1.1031,1.10442,866,8,0
1725411600,1.10447,1.10467,1.10386,1.10456,691,4,0
1725415200,1.10456,1.10504,1.1045,1.10484,737,3,0
1725418800,1.10483,1.10512,1.10464,1.10481,1623,3,0
1725422400,1.10481,1.1056,1.10475,1.10529,1211,3,0
1725426000,1.10531,1.10559,1.10494,1.10524,952,3,0
1725429600,1.1052,1.10551,1.1050200000000001,1.10538,820,4,0
1725433200,1.10537,1.10571,1.10533,1.10562,735,4,0
1725436800,1.10562,1.10598,1.10544,1.10577,951,3,0
1725440400,1.10578,1.10578,1.10474,1.10531,1870,3,0
1725444000,1.10532,1.10626,1.10467,1.10558,2515,3,0
1725447600,1.10553,1.10587,1.10495,1.10515,2017,3,0
1725451200,1.10516,1.10585,1.105,1.10531,1621,3,0
1725454800,1.1053,1.10557,1.10497,1.10529,1405,3,0
1725458400,1.1053,1.10537,1.10427,1.1050200000000001,1638,3,0
1725462000,1.1050200000000001,1.10525,1.10398,1.10525,2119,3,0
1725465600,1.10525,1.10591,1.10499,1.10566,2398,3,0
1725469200,1.10571,1.10951,1.10568,1.10896,3821,3,0
1725472800,1.10896,1.10915,1.10763,1.10808,2482,3,0
1725476400,1.10807,1.10866,1.1076,1.10844,1718,3,0
1725480000,1.10844,1.1086,1.10658,1.10661,1552,3,0
1725483600,1.10661,1.10766,1.10653,1.10759,1575,3,0
1725487200,1.10759,1.10824,1.1075,1.10779,1366,4,0
1725490800,1.10782,1.10834,1.10754,1.10815,668,2,0
1725494400,1.10808,1.10835,1.10777,1.1083,178,4,0
1725498000,1.1083,1.1086,1.10826,1.10849,406,3,0
1725501600,1.1085,1.10853,1.1078999999999999,1.10801,769,3,0
1725505200,1.10801,1.10818,1.10756,1.10791,1223,3,0
1725508800,1.1078999999999999,1.10855,1.10774,1.10788,1484,4,0
1725512400,1.10788,1.10833,1.10782,1.10797,943,3,0
1725516000,1.10797,1.10797,1.10761,1.10769,719,4,0
1725519600,1.1077,1.10777,1.10746,1.10769,667,1,0
1725523200,1.10769,1.10806,1.10766,1.108,846,4,0
1725526800,1.10801,1.10881,1.10796,1.10836,1726,3,0
1725530400,1.10833,1.10901,1.10796,1.1087,2248,3,0
1725534000,1.1087,1.11002,1.10839,1.10988,2089,3,0
1725537600,1.10989,1.11003,1.10926,1.10945,1832,4,0
1725541200,1.10946,1.10995,1.10921,1.10988,1530,3,0
1725544800,1.10987,1.11081,1.10929,1.10949,1709,3,0
1725548400,1.10952,1.11195,1.1087,1.10922,3585,3,0
1725552000,1.10924,1.11081,1.10905,1.1105,3203,2,0
1725555600,1.11037,1.11047,1.10762,1.10794,3790,3,0
1725559200,1.10795,1.10956,1.10779,1.10951,2788,3,0
1725562800,1.10954,1.11052,1.10953,1.11008,1904,3,0
1725566400,1.11008,1.11071,1.10993,1.11066,1622,3,0
1725570000,1.11069,1.11129,1.11023,1.1104,1517,3,0
1725573600,1.11041,1.11076,1.11026,1.11035,1590,3,0
1725577200,1.11039,1.1111,1.11036,1.11092,823,3,0
1725580800,1.1109,1.11115,1.11008,1.11089,230,4,0
1725584400,1.11089,1.1111,1.1108500000000001,1.11094,330,4,0
1725588000,1.11096,1.11122,1.11084,1.1111,445,2,0
1725591600,1.1111,1.11145,1.1109499999999999,1.11133,1019,4,0
1725595200,1.11132,1.11139,1.11096,1.11106,926,2,0
1725598800,1.11106,1.11125,1.11092,1.1111,781,3,0
1725602400,1.11111,1.11161,1.11107,1.1115,686,4,0
1725606000,1.11151,1.11175,1.11137,1.11158,788,3,0
1725609600,1.11158,1.11185,1.11138,1.11168,1031,4,0
1725613200,1.11167,1.11208,1.11139,1.11206,1557,3,0
1725616800,1.11206,1.11206,1.11107,1.11157,2276,0,0
1725620400,1.11157,1.11205,1.11128,1.11173,1943,3,0
1725624000,1.11172,1.11172,1.11073,1.11132,1705,3,0
1725627600,1.11131,1.11134,1.11068,1.11073,1561,3,0
1725631200,1.11073,1.11097,1.11025,1.11069,1831,3,0
1725634800,1.11071,1.11543,1.10799,1.11208,4337,3,0
1725638400,1.1120700000000001,1.11254,1.10655,1.10831,4823,3,0
1725642000,1.10832,1.1113,1.10732,1.11016,4425,3,0
1725645600,1.11019,1.11343,1.1083,1.10859,4664,3,0
1725649200,1.10853,1.10854,1.10696,1.10767,3015,3,0
1725652800,1.10768,1.10891,1.10695,1.10847,2574,3,0
1725656400,1.10847,1.10868,1.10781,1.1086,2248,3,0
1725660000,1.10861,1.10894,1.1082,1.10881,1732,3,0
1725663600,1.10884,1.10884,1.10844,1.1085,1173,1,0
1725840000,1.10793,1.10856,1.10771,1.10836,292,5,0
1725843600,1.10825,1.10905,1.10823,1.10866,803,3,0
1725847200,1.10869,1.10909,1.10865,1.10866,1141,4,0
1725850800,1.10866,1.10908,1.10824,1.10832,1453,3,0
1725854400,1.10832,1.10909,1.10811,1.1082,1572,4,0
1725858000,1.1082,1.10831,1.10804,1.10806,1021,3,0
1725861600,1.10806,1.10816,1.10787,1.10798,914,3,0
1725865200,1.10795,1.10802,1.10745,1.10755,929,3,0
1725868800,1.10755,1.10757,1.10688,1.10689,986,1,0
1725872400,1.10689,1.10717,1.10604,1.10645,1966,3,0
1725876000,1.10647,1.10661,1.10549,1.10591,2505,3,0
1725879600,1.1059,1.10623,1.10454,1.10474,2198,3,0
1725883200,1.10474,1.10589,1.10455,1.10561,1871,3,0
1725886800,1.1056,1.10565,1.10368,1.104,1733,3,0
1725890400,1.104,1.10448,1.10356,1.10447,1705,3,0
1725894000,1.10442,1.10488,1.10379,1.10395,2259,3,0
1725897600,1.10395,1.10519,1.10394,1.10469,2479,3,0
1725901200,1.10469,1.1047,1.1034,1.10419,2880,3,0
1725904800,1.1042,1.10447,1.10355,1.10414,2392,3,0
1725908400,1.10414,1.10506,1.10414,1.10486,1942,3,0
1725912000,1.10489,1.10534,1.10433,1.10434,1736,3,0
1725915600,1.10434,1.10462,1.10414,1.10429,1516,3,0
1725919200,1.10428,1.10429,1.10373,1.10381,1411,4,0
1725922800,1.10381,1.10392,1.10326,1.10332,972,3,0
1725926400,1.10334,1.10377,1.10307,1.1036299999999999,360,4,0
1725930000,1.10364,1.10395,1.10348,1.10375,398,3,0
1725933600,1.10374,1.10382,1.10345,1.10352,389,2,0
1725937200,1.10353,1.10353,1.10283,1.10307,1146,3,0
1725940800,1.10307,1.10352,1.10305,1.10347,979,3,0
1725944400,1.10347,1.1036,1.10325,1.10347,735,4,0
1725948000,1.10347,1.1039,1.10347,1.10384,556,4,0
1725951600,1.10383,1.10404,1.1036,1.10399,504,4,0
1725955200,1.104,1.1042399999999999,1.10381,1.10397,769,3,0
1725958800,1.10396,1.10496,1.10337,1.10496,1766,3,0
1725962400,1.10491,1.10491,1.10368,1.1037,2056,3,0
1725966000,1.10369,1.10399,1.10334,1.10376,1624,3,0
1725969600,1.10378,1.10422,1.10323,1.10383,1558,0,0
1725973200,1.10387,1.10415,1.10337,1.10402,1293,3,0
1725976800,1.10406,1.10437,1.10265,1.10311,1774,4,0
1725980400,1.1031,1.10367,1.10264,1.10297,2283,3,0
1725984000,1.10296,1.10347,1.10174,1.10194,2622,3,0
1725987600,1.10195,1.10232,1.1015,1.10184,2865,3,0
1725991200,1.10185,1.10272,1.10173,1.10251,2097,3,0
1725994800,1.10249,1.10287,1.10223,1.10264,1770,3,0
1725998400,1.10264,1.10277,1.10224,1.10228,1520,3,0
1726002000,1.10227,1.1026799999999999,1.10204,1.10243,1137,4,0
1726005600,1.10243,1.10275,1.10221,1.10267,1200,3,0
1726009200,1.1026799999999999,1.1026799999999999,1.10176,1.10186,662,1,0
1726012800,1.10184,1.1019700000000001,1.10164,1.1019700000000001,165,4,0
1726016400,1.1019700000000001,1.10213,1.10194,1.10196,365,4,0
1726020000,1.10196,1.10236,1.10191,1.102,473,4,0
1726023600,1.10199,1.10226,1.10167,1.10199,1049,4,0
1726027200,1.102,1.10399,1.10181,1.10366,1640,3,0
1726030800,1.10367,1.10443,1.10326,1.10331,1334,4,0
1726034400,1.10331,1.10425,1.10315,1.10384,1048,4,0
1726038000,1.10385,1.1047,1.10379,1.10464,1108,4,0
1726041600,1.10465,1.10512,1.10425,1.10437,1221,4,0
1726045200,1.10434,1.10489,1.10406,1.10451,1599,4,0
1726048800,1.1045,1.10518,1.10402,1.1041,2130,3,0
1726052400,1.1041,1.10477,1.10365,1.10437,1744,3,0
1726056000,1.10436,1.10488,1.10418,1.10421,1598,3,0
1726059600,1.10419,1.10487,1.10384,1.1048499999999999,1450,3,0
1726063200,1.1048499999999999,1.1054599999999999,1.10426,1.10434,1661,3,0
1726066800,1.10433,1.10487,1.10033,1.10161,3959,3,0
1726070400,1.10164,1.10261,1.10097,1.10128,3755,3,0
1726074000,1.10127,1.10151,1.10018,1.10101,3716,3,0
1726077600,1.10101,1.10163,1.1007500000000001,1.10119,2628,3,0
1726081200,1.10113,1.10176,1.10097,1.10157,2022,3,0
1726084800,1.10157,1.1020699999999999,1.10151,1.10184,2058,3,0
1726088400,1.10185,1.10226,1.10179,1.10181,1375,4,0
1726092000,1.10181,1.10262,1.10158,1.10174,1463,3,0
1726095600,1.10174,1.1018,1.10103,1.10114,691,4,0
1726099200,1.101,1.1014,1.10069,1.10134,209,3,0
1726102800,1.1013,1.1015,1.10111,1.10121,335,4,0
1726106400,1.10121,1.10127,1.10101,1.10101,457,3,0
1726110000,1.101,1.10116,1.10059,1.10066,922,4,0
1726113600,1.10066,1.10127,1.10065,1.1011,923,4,0
1726117200,1.10111,1.10123,1.10073,1.10097,821,4,0
1726120800,1.10097,1.1014,1.10096,1.10135,573,4,0
1726124400,1.10135,1.10167,1.10135,1.10162,496,4,0
1726128000,1.10162,1.10218,1.10152,1.10218,682,0,0
1726131600,1.10216,1.10238,1.10076,1.10079,1501,3,0
1726135200,1.1008,1.10157,1.10059,1.10076,2019,3,0
1726138800,1.10076,1.10217,1.10054,1.10154,1764,3,0
1726142400,1.10155,1.10199,1.10127,1.10144,1485,3,0
1726146000,1.10144,1.10233,1.10144,1.10217,1335,4,0
1726149600,1.10217,1.10232,1.10129,1.1013600000000001,1486,4,0
1726153200,1.10135,1.10322,1.10099,1.10249,3471,3,0
1726156800,1.10249,1.10407,1.10247,1.10373,3498,3,0
1726160400,1.10366,1.1047,1.10297,1.10398,3021,3,0
1726164000,1.10397,1.10426,1.10306,1.104,2132,3,0
1726167600,1.104,1.10479,1.10369,1.10458,1736,3,0
1726171200,1.10461,1.10566,1.1042399999999999,1.10562,2012,3,0
1726174800,1.10562,1.10622,1.10511,1.10606,2138,3,0
1726178400,1.10606,1.10715,1.10598,1.10702,1843,3,0
1726182000,1.10701,1.10749,1.10683,1.10737,811,3,0
1726185600,1.10734,1.10744,1.10684,1.10739,159,4,0
1726189200,1.10739,1.10748,1.10703,1.10717,526,3,0
1726192800,1.10718,1.1078999999999999,1.10715,1.10788,765,4,0
1726196400,1.10788,1.10872,1.10774,1.10869,1231,3,0
1726200000,1.10869,1.10887,1.10801,1.10815,1140,4,0
1726203600,1.10816,1.10897,1.10792,1.10867,1188,4,0
1726207200,1.10866,1.109,1.1084,1.10868,792,4,0
1726210800,1.10868,1.10883,1.1084,1.10844,645,4,0
1726214400,1.10842,1.1086,1.10814,1.10827,886,4,0
1726218000,1.10824,1.10845,1.10744,1.10789,1724,3,0
1726221600,1.10787,1.10937,1.1073,1.10923,2034,3,0
1726225200,1.10922,1.10937,1.10857,1.10926,1811,4,0
1726228800,1.10926,1.11007,1.10881,1.10919,1931,3,0
1726232400,1.10913,1.1097299999999999,1.10867,1.1090200000000001,1722,4,0
1726236000,1.10904,1.1093,1.10811,1.1084100000000001,1822,3,0
1726239600,1.10842,1.10933,1.10792,1.10929,2598,3,0
1726243200,1.10928,1.11016,1.10879,1.10946,2957,3,0
1726246800,1.10942,1.10951,1.10843,1.10888,3297,3,0
1726250400,1.1089,1.10917,1.10819,1.10843,2110,3,0
1726254000,1.10844,1.10849,1.10768,1.10838,1839,3,0
1726257600,1.10838,1.10857,1.10801,1.10815,1307,3,0
1726261200,1.10815,1.10844,1.10765,1.1078000000000001,1297,4,0
1726264800,1.10778,1.10812,1.1076,1.10777,1094,4,0
1726268400,1.10777,1.10782,1.10727,1.10753,680,2,0
1726444800,1.10755,1.10794,1.10743,1.10751,376,3,0
1726448400,1.10763,1.10872,1.10763,1.10867,575,4,0
1726452000,1.10867,1.10895,1.10848,1.10873,585,4,0
1726455600,1.10872,1.10924,1.10871,1.10894,876,4,0
1726459200,1.10894,1.10924,1.10874,1.10877,840,1,0
1726462800,1.10877,1.10909,1.10866,1.10889,710,4,0
1726466400,1.1089,1.1105,1.10879,1.1104,973,4,0
1726470000,1.1104,1.11046,1.10968,1.1097,837,4,0
1726473600,1.1097,1.10994,1.10956,1.10981,673,3,0
1726477200,1.10983,1.11157,1.1097299999999999,1.11144,1722,3,0
1726480800,1.11142,1.11197,1.11093,1.11149,1841,4,0
1726484400,1.11148,1.1126,1.11137,1.11226,1843,3,0
1726488000,1.11226,1.11288,1.11178,1.11204,1750,3,0
1726491600,1.11202,1.1128,1.11199,1.11219,1538,3,0
1726495200,1.1122,1.11255,1.11158,1.11235,1590,3,0
1726498800,1.11235,1.11328,1.11166,1.11248,2454,4,0
1726502400,1.1125099999999999,1.11375,1.11226,1.11294,2652,3,0
1726506000,1.11298,1.11305,1.11179,1.11237,2448,3,0
1726509600,1.11236,1.11242,1.11164,1.11225,2003,3,0
1726513200,1.11224,1.11299,1.11194,1.11288,1694,3,0
1726516800,1.11289,1.11298,1.1116,1.11233,1378,3,0
1726520400,1.11234,1.11243,1.11196,1.11206,1399,3,0
1726524000,1.1120700000000001,1.11296,1.11185,1.11285,1138,3,0
1726527600,1.11289,1.11332,1.11279,1.11316,611,4,0
1726531200,1.1131199999999999,1.1132,1.11304,1.11308,241,4,0
1726534800,1.11308,1.11313,1.11267,1.11272,434,4,0
1726538400,1.11273,1.11299,1.11232,1.11291,742,4,0
1726542000,1.11291,1.11311,1.11218,1.11229,1044,3,0
1726545600,1.11227,1.11292,1.11226,1.11277,1035,3,0
1726549200,1.11276,1.11296,1.11247,1.11271,793,4,0
1726552800,1.1127,1.11282,1.11226,1.11238,794,4,0
1726556400,1.11238,1.11244,1.11216,1.11243,750,3,0
1726560000,1.11242,1.11287,1.11218,1.11266,731,4,0
1726563600,1.1126800000000001,1.11332,1.11208,1.11208,1477,3,0
1726567200,1.1120700000000001,1.11377,1.11156,1.11361,2083,3,0
1726570800,1.11359,1.11461,1.1132900000000001,1.11446,1900,4,0
1726574400,1.11447,1.11447,1.11345,1.11379,1771,4,0
1726578000,1.1138,1.11397,1.11315,1.11342,1440,4,0
1726581600,1.11342,1.11427,1.11301,1.11384,1624,4,0
1726585200,1.11387,1.11437,1.11177,1.11248,3366,3,0
1726588800,1.11246,1.11276,1.11115,1.11129,3454,3,0
1726592400,1.11131,1.11281,1.11131,1.11244,3212,3,0
1726596000,1.11246,1.11261,1.11151,1.11173,2338,3,0
1726599600,1.11171,1.11216,1.11149,1.11193,2078,3,0
1726603200,1.11194,1.1120700000000001,1.11103,1.11161,1989,3,0
1726606800,1.11161,1.11225,1.11153,1.11222,1673,4,0
1726610400,1.11222,1.11234,1.1114600000000001,1.11157,1383,4,0
1726614000,1.11158,1.11169,1.11118,1.11124,899,0,0
1726617600,1.11116,1.11157,1.11113,1.11134,328,4,0
1726621200,1.11134,1.11186,1.11134,1.1118,317,4,0
1726624800,1.1118,1.11236,1.11178,1.11219,422,3,0
1726628400,1.1122,1.11284,1.11213,1.1126800000000001,1079,4,0
1726632000,1.11269,1.11304,1.1125099999999999,1.11278,1078,4,0
1726635600,1.11278,1.11285,1.11246,1.11279,860,4,0
1726639200,1.11279,1.11285,1.11252,1.11262,620,4,0
1726642800,1.11262,1.11263,1.112,1.112,491,4,0
1726646400,1.11199,1.11215,1.11176,1.11205,668,4,0
1726650000,1.11204,1.11259,1.11152,1.11186,1762,3,0
1726653600,1.11186,1.1131,1.11173,1.1131,2057,4,0
1726657200,1.1131199999999999,1.11332,1.11277,1.11295,1797,4,0
1726660800,1.11294,1.11397,1.11266,1.11379,1682,3,0
1726664400,1.11379,1.11385,1.11295,1.11298,1380,4,0
1726668000,1.11298,1.113,1.11223,1.11243,1472,3,0
1726671600,1.11244,1.11285,1.11178,1.11222,1913,4,0
1726675200,1.11223,1.11396,1.11222,1.11351,2427,3,0
1726678800,1.11353,1.11361,1.1108,1.11179,2769,3,0
1726682400,1.1118,1.11219,1.11118,1.11157,2187,4,0
1726686000,1.11156,1.11261,1.11154,1.11242,1625,3,0
1726689600,1.11242,1.11303,1.1117,1.11243,1790,3,0
1726693200,1.11409,1.1189,1.11409,1.11493,6258,3,0
1726696800,1.11483,1.11484,1.10966,1.11057,4903,3,0
1726700400,1.11053,1.11202,1.11043,1.11176,1095,1,0
1726704000,1.11174,1.11175,1.11088,1.11156,249,10,0
1726707600,1.11149,1.11238,1.11148,1.11218,751,3,0
1726711200,1.11219,1.11219,1.1111,1.11139,1041,4,0
1726714800,1.11141,1.11165,1.1078999999999999,1.10813,2247,3,0
1726718400,1.10814,1.10855,1.10684,1.10833,2074,3,0
1726722000,1.10831,1.11035,1.10831,1.11018,1910,3,0
1726725600,1.11018,1.1118999999999999,1.10994,1.11184,1379,3,0
1726729200,1.11184,1.11212,1.11149,1.11201,978,3,0
1726732800,1.11201,1.1131,1.112,1.11309,1528,3,0
1726736400,1.11309,1.1145100000000001,1.11287,1.1145100000000001,2507,3,0
1726740000,1.11454,1.11529,1.11401,1.11458,3100,3,0
1726743600,1.11457,1.1169,1.1145,1.11627,2426,3,0
1726747200,1.11625,1.11786,1.11622,1.11776,2436,3,0
1726750800,1.11776,1.11786,1.11686,1.11703,2018,3,0
1726754400,1.11703,1.1176,1.11517,1.11578,2774,3,0
1726758000,1.11578,1.11581,1.11255,1.11258,3724,3,0
1726761600,1.11254,1.11405,1.11174,1.11218,3916,3,0
1726765200,1.11217,1.1133,1.11164,1.11291,3739,3,0
1726768800,1.11292,1.11487,1.11254,1.11467,2753,3,0
1726772400,1.11467,1.11581,1.1145100000000001,1.11554,2236,3,0
1726776000,1.11554,1.11612,1.11522,1.11604,1872,3,0
1726779600,1.11605,1.1167799999999999,1.11605,1.11654,1637,3,0
1726783200,1.11649,1.11666,1.11587,1.11619,1438,4,0
1726786800,1.11619,1.11641,1.11602,1.11605,643,2,0
1726790400,1.11613,1.11627,1.11577,1.11618,303,3,0
1726794000,1.11618,1.11625,1.11602,1.1160700000000001,390,3,0
1726797600,1.11608,1.11609,1.11583,1.11593,603,4,0
1726801200,1.11593,1.11615,1.11571,1.11602,1233,4,0
1726804800,1.11603,1.11639,1.11583,1.1159,1362,4,0
1726808400,1.1159,1.11632,1.11572,1.11613,1168,3,0
1726812000,1.11613,1.11691,1.11612,1.11656,1374,3,0
1726815600,1.11656,1.11677,1.11637,1.11649,783,4,0
1726819200,1.11649,1.11663,1.1161,1.11638,1072,4,0
1726822800,1.11638,1.11783,1.11638,1.11765,2179,4,0
1726826400,1.11762,1.11817,1.11592,1.11625,2736,3,0
1726830000,1.11622,1.11689,1.11522,1.11642,2388,3,0
1726833600,1.11643,1.11659,1.11569,1.1160700000000001,1722,3,0
1726837200,1.1160700000000001,1.11625,1.1155,1.1159,1490,3,0
1726840800,1.1159,1.11622,1.1154,1.11614,1685,3,0
1726844400,1.11614,1.11767,1.11614,1.11742,2446,3,0
1726848000,1.11741,1.11761,1.11539,1.11546,2998,3,0
1726851600,1.11546,1.11546,1.1138,1.11435,3168,3,0
1726855200,1.11435,1.11593,1.11359,1.11588,3526,3,0
1726858800,1.11588,1.11757,1.11588,1.11736,2832,3,0
1726862400,1.11734,1.11741,1.11581,1.11592,1807,4,0
1726866000,1.11593,1.1166,1.1157,1.11649,1691,3,0
1726869600,1.11649,1.11657,1.11616,1.11619,1320,4,0
1726873200,1.11619,1.11636,1.1156,1.11629,780,4,0
1727049600,1.11615,1.11643,1.11563,1.1161699999999999,225,3,0
1727053200,1.11602,1.11646,1.11593,1.11621,541,3,0
1727056800,1.11621,1.11639,1.1159,1.1159,754,3,0
1727060400,1.11588,1.1160700000000001,1.1156,1.11588,1204,4,0
1727064000,1.11585,1.11614,1.11557,1.11589,1273,4,0
1727067600,1.11589,1.11635,1.11563,1.11621,944,3,0
1727071200,1.11621,1.11647,1.1161,1.11615,697,3,0
1727074800,1.11615,1.11649,1.116,1.11635,568,1,0
1727078400,1.11634,1.11671,1.11613,1.11631,670,4,0
1727082000,1.11631,1.11641,1.11551,1.11586,1825,3,0
1727085600,1.11586,1.11594,1.10978,1.11014,3533,3,0
1727089200,1.11013,1.11017,1.10831,1.10924,2952,4,0
1727092800,1.10923,1.11121,1.10921,1.11058,1955,3,0
1727096400,1.11063,1.11192,1.11053,1.11129,1775,3,0
1727100000,1.1113,1.11255,1.11124,1.11196,1975,3,0
1727103600,1.11199,1.11237,1.11084,1.11223,2477,3,0
1727107200,1.11223,1.11386,1.11201,1.11292,3213,3,0
1727110800,1.11289,1.11432,1.11152,1.11322,3526,3,0
1727114400,1.11323,1.11369,1.11234,1.11302,2499,3,0
1727118000,1.11298,1.11298,1.11211,1.1125,2365,4,0
1727121600,1.11252,1.11284,1.11201,1.11204,1727,3,0
1727125200,1.11204,1.11238,1.11158,1.11166,1562,3,0
1727128800,1.11166,1.11175,1.11118,1.1114600000000001,1269,4,0
1727132400,1.11145,1.11147,1.11096,1.11099,669,1,0
1727136000,1.11152,1.11152,1.11063,1.11115,413,3,0
1727139600,1.11111,1.11161,1.11108,1.1111,389,3,0
1727143200,1.11113,1.11116,1.11073,1.11109,429,2,0
1727146800,1.11108,1.11136,1.11041,1.11056,1307,3,0
1727150400,1.11056,1.1111,1.11043,1.11073,1548,4,0
1727154000,1.11073,1.11082,1.1103,1.11053,953,4,0
1727157600,1.11053,1.11134,1.11053,1.11125,992,4,0
1727161200,1.11123,1.11176,1.11092,1.11168,966,4,0
1727164800,1.11168,1.11195,1.11139,1.11163,1309,4,0
1727168400,1.11155,1.1118999999999999,1.11042,1.1115,2325,3,0
1727172000,1.11147,1.11321,1.11125,1.11272,2546,3,0
1727175600,1.11273,1.11447,1.11262,1.11399,2321,3,0
1727179200,1.11398,1.11458,1.11315,1.11354,1751,4,0
1727182800,1.11354,1.11411,1.11269,1.1128,1921,3,0
1727186400,1.1128,1.11297,1.1122,1.1129,1705,4,0
1727190000,1.1129,1.11476,1.1129,1.11407,2247,3,0
1727193600,1.11408,1.11442,1.11324,1.11386,2719,3,0
1727197200,1.11382,1.11634,1.11382,1.11507,3619,3,0
1727200800,1.11505,1.11561,1.11467,1.11497,2541,3,0
1727204400,1.11497,1.11619,1.11493,1.11584,1811,3,0
1727208000,1.11584,1.11637,1.11546,1.11625,1510,4,0
1727211600,1.11626,1.1166800000000001,1.11596,1.11659,1315,3,0
1727215200,1.11662,1.11766,1.11649,1.11765,1275,4,0
1727218800,1.11765,1.11807,1.11749,1.11785,768,0,0
1727222400,1.11765,1.1179999999999999,1.11726,1.11783,224,4,0
1727226000,1.11782,1.11888,1.1178,1.11885,474,4,0
1727229600,1.11885,1.11909,1.11832,1.11907,733,4,0
1727233200,1.11908,1.11938,1.11872,1.11931,1327,4,0
1727236800,1.11931,1.11936,1.11853,1.1188,1585,4,0
1727240400,1.11879,1.11959,1.11877,1.11946,976,4,0
1727244000,1.11947,1.11985,1.11917,1.1198,883,4,0
1727247600,1.11981,1.11985,1.11936,1.1195599999999999,725,0,0
1727251200,1.1195599999999999,1.11959,1.11922,1.11955,914,4,0
1727254800,1.11955,1.1195599999999999,1.11868,1.11904,1721,4,0
1727258400,1.11905,1.11963,1.11855,1.11916,2351,3,0
1727262000,1.11916,1.11953,1.1182,1.11847,2058,3,0
1727265600,1.11846,1.11876,1.1178,1.11831,1936,4,0
1727269200,1.11831,1.11887,1.11809,1.1187,1677,3,0
1727272800,1.11871,1.1197300000000001,1.11831,1.11957,1668,3,0
1727276400,1.11958,1.12077,1.11916,1.11975,2541,3,0
1727280000,1.11975,1.1214,1.1195,1.11952,3189,3,0
1727283600,1.11951,1.11953,1.11652,1.11722,3015,3,0
1727287200,1.11725,1.11751,1.11417,1.1143,2813,3,0
1727290800,1.11429,1.11475,1.11327,1.11342,2189,4,0
1727294400,1.11342,1.11377,1.11214,1.11368,1910,4,0
1727298000,1.11368,1.11386,1.11325,1.11341,1517,3,0
1727301600,1.11337,1.11356,1.11253,1.11259,1216,3,0
1727305200,1.11259,1.11323,1.11249,1.11321,683,2,0
1727308800,1.11306,1.1133,1.11263,1.11325,370,7,0
1727312400,1.11325,1.1133,1.11301,1.11317,312,4,0
1727316000,1.11316,1.11321,1.11293,1.11297,399,0,0
1727319600,1.11297,1.11368,1.1129,1.11366,974,4,0
1727323200,1.11366,1.11411,1.11315,1.11394,1075,1,0
1727326800,1.11394,1.11417,1.1137,1.11408,870,2,0
1727330400,1.11409,1.1145100000000001,1.11379,1.11403,708,0,0
1727334000,1.11403,1.11433,1.11378,1.11415,590,2,0
1727337600,1.11415,1.11518,1.11404,1.11503,1016,4,0
1727341200,1.11494,1.11564,1.11468,1.11534,1991,4,0
1727344800,1.11534,1.11578,1.11336,1.11347,2561,3,0
1727348400,1.11344,1.11435,1.11257,1.11411,2696,4,0
1727352000,1.11413,1.11522,1.11413,1.11436,2013,4,0
1727355600,1.11436,1.1155,1.11396,1.11538,2068,3,0
1727359200,1.11539,1.11613,1.1148,1.1154,2153,3,0
1727362800,1.1154,1.11652,1.1137299999999999,1.11511,3427,3,0
1727366400,1.1151200000000001,1.11597,1.11346,1.11398,3644,3,0
1727370000,1.11399,1.11745,1.11257,1.11647,3696,3,0
1727373600,1.11646,1.1189,1.11641,1.11827,2730,3,0
1727377200,1.11828,1.11828,1.11662,1.11691,2279,3,0
1727380800,1.11689,1.11798,1.11682,1.11795,2018,3,0
1727384400,1.11797,1.11824,1.11732,1.11795,1641,4,0
1727388000,1.11796,1.1184,1.11762,1.11778,1198,4,0
1727391600,1.1178,1.11786,1.11743,1.11756,772,1,0
1727395200,1.11746,1.11781,1.11731,1.11756,372,3,0
1727398800,1.11758,1.11785,1.11743,1.1176,477,3,0
1727402400,1.11763,1.11771,1.11735,1.11767,521,4,0
1727406000,1.11769,1.11774,1.1167799999999999,1.11691,1472,3,0
1727409600,1.11691,1.11718,1.11624,1.11642,1533,3,0
1727413200,1.11641,1.11695,1.11623,1.11689,1175,4,0
1727416800,1.11689,1.11731,1.11684,1.1169,941,4,0
1727420400,1.1169,1.11695,1.11638,1.11645,953,4,0
1727424000,1.11645,1.11682,1.11584,1.11638,1820,4,0
1727427600,1.11638,1.1176,1.11402,1.11509,3191,3,0
1727431200,1.11474,1.11477,1.11247,1.1132900000000001,3100,3,0
1727434800,1.1132900000000001,1.1145100000000001,1.11262,1.11444,2467,3,0
1727438400,1.11444,1.11596,1.11371,1.11593,2097,3,0
1727442000,1.11593,1.11708,1.1155599999999999,1.11632,1926,3,0
1727445600,1.11631,1.11675,1.11589,1.11623,1885,4,0
1727449200,1.11623,1.12014,1.1154,1.11995,3355,3,0
1727452800,1.11991,1.12028,1.11794,1.1185100000000001,3395,3,0
1727456400,1.11838,1.11919,1.11693,1.11783,3379,3,0
1727460000,1.11781,1.11781,1.11539,1.11583,2629,3,0
1727463600,1.11583,1.11598,1.11463,1.11515,2341,3,0
1727467200,1.11515,1.11657,1.11503,1.11635,2002,3,0
1727470800,1.11636,1.11676,1.11596,1.11676,1725,4,0
1727474400,1.11676,1.11677,1.11627,1.11638,1307,4,0
1727478000,1.11637,1.11677,1.11586,1.11629,918,4,0
1727654400,1.116,1.11658,1.11524,1.11597,419,10,0
1727658000,1.11593,1.11723,1.11583,1.11707,725,3,0
1727661600,1.11708,1.11714,1.11676,1.11689,703,3,0
1727665200,1.11688,1.11737,1.11684,1.11707,1315,3,0
1727668800,1.11706,1.11725,1.11605,1.11605,1374,4,0
1727672400,1.11604,1.11622,1.11563,1.11603,1068,4,0
1727676000,1.11604,1.11615,1.11561,1.11581,889,4,0
1727679600,1.11581,1.11619,1.11581,1.11615,864,4,0
1727683200,1.11615,1.11692,1.11612,1.11665,1278,4,0
1727686800,1.1166,1.11688,1.1156,1.1168,1669,4,0
1727690400,1.1167799999999999,1.11754,1.11592,1.11721,2138,3,0
1727694000,1.11747,1.12087,1.11728,1.12049,2659,3,0
1727697600,1.12056,1.12057,1.11884,1.11893,2220,4,0
1727701200,1.11893,1.1191,1.11833,1.11899,1660,4,0
1727704800,1.11899,1.12028,1.11888,1.11974,1740,3,0
1727708400,1.11976,1.12012,1.11862,1.11897,2048,3,0
1727712000,1.11898,1.1191200000000001,1.11666,1.11684,2939,3,0
1727715600,1.11676,1.11685,1.11407,1.11581,3580,3,0
1727719200,1.1158,1.1164,1.11349,1.1144,2877,3,0
1727722800,1.11441,1.11497,1.11396,1.11482,2249,3,0
1727726400,1.11482,1.11623,1.1148,1.1153,1669,3,0
1727730000,1.11528,1.11544,1.11136,1.11323,3800,3,0
1727733600,1.11322,1.11361,1.11213,1.11323,1950,3,0
1727737200,1.1133,1.11364,1.113,1.11341,705,3,0
1727740800,1.11334,1.11351,1.11265,1.1135,289,4,0
1727744400,1.11345,1.11418,1.11339,1.11414,388,3,0
1727748000,1.11418,1.11426,1.11355,1.11365,663,1,0
1727751600,1.11365,1.11372,1.11271,1.1132,1370,4,0
1727755200,1.11321,1.11432,1.1131199999999999,1.1143,1240,4,0
1727758800,1.11431,1.11433,1.1136,1.11387,792,4,0
1727762400,1.11387,1.11399,1.11353,1.11376,838,4,0
1727766000,1.11376,1.11412,1.11346,1.11405,665,0,0
1727769600,1.11407,1.11439,1.11362,1.11374,1073,4,0
1727773200,1.11372,1.11409,1.11308,1.11343,1872,4,0
1727776800,1.11343,1.11369,1.11115,1.11148,3141,3,0
1727780400,1.11152,1.112,1.10979,1.11015,2529,3,0
1727784000,1.11016,1.11143,1.1092,1.1095,2252,3,0
1727787600,1.10949,1.10974,1.10837,1.10867,1968,3,0
1727791200,1.10869,1.10999,1.10785,1.10845,2266,4,0
1727794800,1.10845,1.10886,1.107,1.1071,2536,3,0
1727798400,1.10709,1.1083,1.10583,1.10689,3581,3,0
1727802000,1.10694,1.10866,1.10549,1.10763,4260,3,0
1727805600,1.10763,1.10775,1.10597,1.10664,2851,3,0
1727809200,1.10661,1.10713,1.10483,1.10543,2669,3,0
1727812800,1.1054,1.10648,1.10457,1.10621,2823,3,0
1727816400,1.10626,1.10721,1.10625,1.10714,1810,3,0
1727820000,1.10715,1.1077,1.10661,1.10675,1492,4,0
1727823600,1.10676,1.10726,1.10656,1.10669,820,2,0
1727827200,1.10628,1.10699,1.10621,1.10682,399,4,0
1727830800,1.10672,1.10706,1.10669,1.10672,447,4,0
1727834400,1.10672,1.10673,1.10633,1.10645,543,2,0
1727838000,1.10645,1.10718,1.10632,1.10654,1388,4,0
1727841600,1.10657,1.10738,1.10657,1.10721,1185,3,0
1727845200,1.10719,1.1073,1.10632,1.10664,1106,4,0
1727848800,1.10664,1.10711,1.10641,1.10705,1107,4,0
1727852400,1.10706,1.10736,1.10603,1.10628,941,4,0
1727856000,1.10629,1.10635,1.1054,1.10621,1592,3,0
1727859600,1.10616,1.107,1.10598,1.10663,1924,3,0
1727863200,1.10667,1.10726,1.1063,1.10664,2366,3,0
1727866800,1.10664,1.10827,1.1064,1.10722,2202,4,0
1727870400,1.10723,1.10723,1.10611,1.10713,1770,4,0
1727874000,1.10712,1.1076,1.10663,1.10666,1928,3,0
1727877600,1.1067,1.10766,1.10645,1.10754,1964,4,0
1727881200,1.10757,1.10773,1.10511,1.10532,2633,3,0
1727884800,1.10536,1.10655,1.10469,1.10511,2790,3,0
1727888400,1.10511,1.1056300000000001,1.10351,1.1036,3102,3,0
1727892000,1.10361,1.10503,1.10326,1.10494,2420,3,0
1727895600,1.10494,1.10547,1.10437,1.10464,1841,3,0
1727899200,1.10466,1.10499,1.10444,1.1047,1577,3,0
1727902800,1.1047,1.10483,1.10375,1.10381,1342,4,0
1727906400,1.10381,1.10533,1.10366,1.10488,1020,3,0
1727910000,1.10487,1.10523,1.1042399999999999,1.10432,878,3,0
1727913600,1.10429,1.10477,1.10429,1.10474,373,4,0
1727917200,1.10457,1.10491,1.10451,1.10461,482,4,0
1727920800,1.10462,1.10477,1.10436,1.10458,482,1,0
1727924400,1.10458,1.10465,1.10371,1.1039,1330,4,0
1727928000,1.10389,1.10406,1.10351,1.10391,1253,4,0
1727931600,1.10392,1.10392,1.10352,1.10358,966,3,0
1727935200,1.10357,1.10367,1.1032,1.10357,771,3,0
1727938800,1.10357,1.10357,1.10322,1.10328,743,2,0
1727942400,1.10328,1.10347,1.10249,1.10285,1518,3,0
1727946000,1.10284,1.1042,1.10264,1.10378,2030,3,0
1727949600,1.10376,1.10398,1.10274,1.1033,2435,3,0
1727953200,1.1033,1.1046,1.10293,1.10374,2408,3,0
1727956800,1.10376,1.10465,1.10346,1.10358,1858,4,0
1727960400,1.10357,1.10438,1.10341,1.10426,1709,4,0
1727964000,1.10428,1.1046,1.1038000000000001,1.10422,1999,4,0
1727967600,1.10426,1.10466,1.10281,1.10321,2926,3,0
1727971200,1.10316,1.10437,1.10283,1.10359,3037,3,0
1727974800,1.10199,1.10387,1.1008,1.10168,4341,3,0
1727978400,1.10168,1.10239,1.1012,1.10145,2810,3,0
1727982000,1.10148,1.10337,1.1014,1.10302,1988,3,0
1727985600,1.10305,1.1036,1.103,1.10327,1660,3,0
1727989200,1.1033,1.10345,1.10257,1.1026,1384,3,0
1727992800,1.10259,1.10317,1.10249,1.10284,1101,3,0
1727996400,1.10283,1.10326,1.10259,1.10306,690,4,0
1728000000,1.10334,1.10334,1.10233,1.10306,312,8,0
1728003600,1.10303,1.1035,1.10292,1.10342,412,4,0
1728007200,1.10342,1.1037,1.10331,1.10351,420,2,0
1728010800,1.10349,1.10396,1.1033,1.10346,1234,4,0
1728014400,1.10345,1.10359,1.10286,1.10297,1529,3,0
1728018000,1.10298,1.10344,1.10279,1.10304,1390,4,0
1728021600,1.10304,1.10313,1.10253,1.1027,956,4,0
1728025200,1.1027,1.10299,1.10251,1.10276,835,2,0
1728028800,1.10276,1.1035,1.10263,1.10332,967,0,0
1728032400,1.1033,1.10345,1.1027,1.1031900000000001,1701,4,0
1728036000,1.10317,1.10354,1.10254,1.10277,2203,3,0
1728039600,1.10278,1.10299,1.10211,1.10253,1888,4,0
1728043200,1.10254,1.10281,1.10199,1.1027,1839,4,0
1728046800,1.1027,1.10335,1.10259,1.10275,1583,3,0
1728050400,1.10273,1.10367,1.1027,1.10322,1536,4,0
1728054000,1.1031900000000001,1.1033,1.09589,1.09609,3773,3,0
1728057600,1.09606,1.09788,1.09586,1.09731,3780,3,0
1728061200,1.09734,1.09816,1.09669,1.09692,3273,3,0
1728064800,1.09693,1.09739,1.09547,1.09605,2651,3,0
1728068400,1.09606,1.09618,1.09512,1.09595,2083,1,0
1728072000,1.09594,1.09693,1.09576,1.09678,1533,3,0
1728075600,1.0968,1.09738,1.09651,1.09725,1215,3,0
1728079200,1.09725,1.09777,1.09706,1.09763,1038,4,0
1728082800,1.09764,1.09776,1.09724,1.09737,813,2,0
1728259200,1.09633,1.09722,1.09543,1.09702,439,9,0
1728262800,1.09686,1.09723,1.09632,1.09692,948,3,0
1728266400,1.09693,1.09717,1.09677,1.09705,862,4,0
1728270000,1.09704,1.09753,1.09682,1.09699,1454,4,0
1728273600,1.09698,1.09775,1.09696,1.09733,1690,3,0
1728277200,1.09735,1.09773,1.09712,1.09713,1456,2,0
1728280800,1.09713,1.09732,1.09696,1.0972,984,3,0
1728284400,1.0972,1.09735,1.09682,1.09685,655,1,0
1728288000,1.09684,1.097,1.09643,1.09692,779,4,0
1728291600,1.09677,1.09721,1.09634,1.0971,2100,4,0
1728295200,1.09711,1.09724,1.0958,1.09693,2647,3,0
1728298800,1.09695,1.09789,1.09653,1.097,2254,3,0
1728302400,1.097,1.097,1.09541,1.09586,2133,4,0
1728306000,1.09586,1.09696,1.0958,1.09651,2002,3,0
1728309600,1.0965,1.09804,1.0962,1.09766,2204,3,0
1728313200,1.09766,1.09833,1.09715,1.09772,2529,3,0
1728316800,1.09771,1.09829,1.0972,1.09795,2950,3,0
1728320400,1.0979700000000001,1.09846,1.09696,1.09746,2914,3,0
1728324000,1.09745,1.0979,1.0973,1.09758,2390,3,0
1728327600,1.09757,1.09845,1.09752,1.0984,1654,1,0
1728331200,1.09837,1.09867,1.09811,1.0982,1318,4,0
1728334800,1.09822,1.09822,1.09683,1.0969,1278,3,0
1728338400,1.09693,1.09726,1.09656,1.09722,1603,4,0
1728342000,1.09714,1.09746,1.09708,1.09739,605,4,0
1728345600,1.09743,1.09746,1.09581,1.09732,421,4,0
1728349200,1.09733,1.09787,1.09717,1.09777,381,3,0
1728352800,1.09784,1.09791,1.09742,1.09742,606,1,0
1728356400,1.09742,1.09838,1.09737,1.09816,1154,4,0
1728360000,1.09815,1.09848,1.09804,1.09835,1426,4,0
1728363600,1.09835,1.09844,1.09727,1.09814,1946,3,0
1728367200,1.09816,1.09867,1.09816,1.0983,1324,4,0
1728370800,1.0983,1.09866,1.0983,1.09854,705,0,0
1728374400,1.09853,1.09867,1.09815,1.09829,1238,4,0
1728378000,1.09829,1.09888,1.09812,1.09836,1931,3,0
1728381600,1.09836,1.09953,1.09785,1.09951,2685,4,0
1728385200,1.09951,1.0997,1.09828,1.09937,2012,3,0
1728388800,1.09937,1.09946,1.09855,1.09875,1737,3,0
1728392400,1.09874,1.09918,1.09821,1.09851,1697,3,0
1728396000,1.0985,1.09895,1.09784,1.09875,1640,3,0
1728399600,1.09874,1.09897,1.09713,1.09758,2103,3,0
1728403200,1.09754,1.09838,1.09743,1.09777,2681,3,0
1728406800,1.09777,1.09802,1.09662,1.09708,2626,4,0
1728410400,1.09709,1.0971899999999999,1.09608,1.09697,2152,4,0
1728414000,1.09697,1.09777,1.09686,1.09755,1574,4,0
1728417600,1.09755,1.09755,1.09656,1.09742,1608,3,0
1728421200,1.09742,1.09763,1.09685,1.09721,1108,4,0
1728424800,1.09721,1.09781,1.09694,1.09776,1078,4,0
1728428400,1.09775,1.09802,1.09713,1.09721,542,3,0
1728432000,1.0977,1.09799,1.09686,1.09786,580,4,0
1728435600,1.09777,1.09807,1.09777,1.09806,364,0,0
1728439200,1.09808,1.09809,1.09751,1.09754,448,1,0
1728442800,1.09754,1.09787,1.0973600000000001,1.09754,867,2,0
1728446400,1.09753,1.09772,1.09685,1.09734,1627,3,0
1728450000,1.09735,1.09739,1.09685,1.09705,1360,4,0
1728453600,1.09704,1.09711,1.09667,1.09676,1178,1,0
1728457200,1.09676,1.09683,1.0962,1.09631,676,4,0
1728460800,1.09631,1.09759,1.09631,1.09731,2160,4,0
1728464400,1.0973,1.0973,1.09621,1.09628,1654,3,0
1728468000,1.09627,1.09668,1.0951,1.09601,2331,3,0
1728471600,1.09602,1.09641,1.09531,1.09574,1914,3,0
1728475200,1.09577,1.09673,1.09569,1.09666,1650,4,0
1728478800,1.09663,1.09705,1.09634,1.09656,1337,3,0
1728482400,1.09656,1.09667,1.09539,1.09539,1458,4,0
1728486000,1.09539,1.0959,1.09526,1.09566,1789,4,0
1728489600,1.09566,1.09583,1.09463,1.09531,2263,4,0
1728493200,1.09528,1.09596,1.09394,1.09477,2477,4,0
1728496800,1.09476,1.0956,1.09467,1.09505,2083,4,0
1728500400,1.09503,1.09503,1.094,1.09413,1545,4,0
1728504000,1.09413,1.09421,1.09368,1.09387,1372,3,0
1728507600,1.09386,1.09425,1.0936,1.09364,1363,3,0
1728511200,1.09365,1.09413,1.09365,1.09383,957,3,0
1728514800,1.09384,1.09407,1.09366,1.09372,624,0,0
1728518400,1.09379,1.09414,1.09367,1.09404,232,4,0
1728522000,1.0939,1.0942,1.09375,1.09407,430,4,0
1728525600,1.09407,1.09422,1.09388,1.09414,522,0,0
1728529200,1.09414,1.09428,1.09391,1.09404,991,4,0
1728532800,1.094,1.09459,1.09396,1.09429,1393,4,0
1728536400,1.09427,1.09453,1.09388,1.09419,1450,4,0
1728540000,1.09419,1.09458,1.09413,1.09434,974,4,0
1728543600,1.09434,1.09445,1.09382,1.09408,686,0,0
1728547200,1.09408,1.09424,1.09367,1.09389,957,1,0
1728550800,1.09387,1.0943,1.09363,1.0937000000000001,1533,4,0
1728554400,1.09368,1.09426,1.0933,1.09372,2032,4,0
1728558000,1.09377,1.09392,1.0928,1.09329,1775,3,0
1728561600,1.09329,1.09338,1.09277,1.09335,1376,0,0
1728565200,1.09335,1.09396,1.09307,1.09389,1367,3,0
1728568800,1.09389,1.09395,1.0927,1.09308,1688,3,0
1728572400,1.09308,1.09548,1.09055,1.0944,3969,3,0
1728576000,1.09445,1.09496,1.09339,1.09372,3840,3,0
1728579600,1.09372,1.0942,1.0913599999999999,1.09221,3436,3,0
1728583200,1.09221,1.09297,1.09164,1.09246,2428,3,0
1728586800,1.09247,1.0928,1.09028,1.09059,2265,3,0
1728590400,1.09063,1.09205,1.09,1.09189,2283,3,0
1728594000,1.0919,1.09265,1.0918,1.09219,1501,3,0
1728597600,1.09219,1.09345,1.0921,1.09342,1319,3,0
1728601200,1.09342,1.09376,1.0934,1.09346,607,1,0
1728604800,1.09249,1.09362,1.09095,1.09353,342,4,0
1728608400,1.09338,1.09364,1.09328,1.09337,374,4,0
1728612000,1.09337,1.09342,1.09323,1.09334,464,2,0
1728615600,1.09334,1.09378,1.0932,1.09372,887,0,0
1728619200,1.09373,1.09377,1.09294,1.09317,1071,4,0
1728622800,1.09317,1.09376,1.09308,1.09367,708,0,0
1728626400,1.09367,1.09406,1.09362,1.09395,836,0,0
1728630000,1.09394,1.09405,1.09351,1.09355,553,0,0
1728633600,1.09355,1.09377,1.09325,1.09355,541,0,0
1728637200,1.09353,1.09404,1.09324,1.09399,1468,3,0
1728640800,1.09399,1.09452,1.09321,1.09445,1651,3,0
1728644400,1.09444,1.09537,1.09416,1.09494,1460,3,0
1728648000,1.0949200000000001,1.09509,1.0937999999999999,1.09387,1233,4,0
1728651600,1.09386,1.09392,1.09308,1.0935,1256,3,0
1728655200,1.0935,1.0936,1.09271,1.0930900000000001,1476,3,0
1728658800,1.09307,1.09504,1.09259,1.09329,2652,3,0
1728662400,1.09329,1.09402,1.09279,1.09372,2537,3,0
1728666000,1.09379,1.0949,1.09335,1.09427,2863,3,0
1728669600,1.09427,1.09523,1.0941,1.09412,1937,4,0
1728673200,1.09412,1.09475,1.09402,1.09448,1165,4,0
1728676800,1.09447,1.09473,1.09425,1.09433,1117,4,0
1728680400,1.0943,1.09461,1.09388,1.0939,846,4,0
1728684000,1.0939,1.09393,1.0933,1.09331,771,1,0
1728687600,1.09329,1.09381,1.09323,1.09362,882,0,0
1728864000,1.093,1.09345,1.09287,1.09322,202,4,0
1728867600,1.09321,1.09333,1.0927,1.09271,539,4,0
1728871200,1.09275,1.09283,1.0922,1.0923,617,1,0
1728874800,1.09231,1.09243,1.09152,1.09214,957,4,0
1728878400,1.09213,1.09254,1.09178,1.09231,1386,4,0
1728882000,1.09231,1.09266,1.09183,1.09239,1153,4,0
1728885600,1.0924,1.09291,1.09235,1.09254,654,0,0
1728889200,1.09255,1.09257,1.09232,1.09236,320,0,0
1728892800,1.09236,1.09263,1.09224,1.0925799999999999,712,1,0
1728896400,1.0926,1.09303,1.09247,1.09249,1197,0,0
1728900000,1.0924800000000001,1.0931,1.09237,1.09283,1812,4,0
1728903600,1.0928,1.09315,1.09235,1.09268,1681,3,0
1728907200,1.09267,1.09365,1.09266,1.09287,1192,4,0
1728910800,1.09287,1.093,1.0922,1.09227,1157,4,0
1728914400,1.09226,1.09245,1.0909200000000001,1.09126,1546,3,0
1728918000,1.09122,1.09167,1.09072,1.09095,1839,3,0
1728921600,1.09093,1.09271,1.09047,1.09191,2313,3,0
1728925200,1.09187,1.09187,1.0905,1.09147,2430,3,0
1728928800,1.09148,1.09163,1.09047,1.09068,1507,3,0
1728932400,1.09069,1.09085,1.09006,1.09015,1005,1,0
1728936000,1.09015,1.09041,1.08973,1.09039,842,4,0
1728939600,1.09039,1.09048,1.08949,1.0897000000000001,755,0,0
1728943200,1.08971,1.09058,1.08879,1.09037,1431,0,0
1728946800,1.09036,1.0909200000000001,1.09027,1.09081,576,1,0
1728950400,1.09045,1.09084,1.09045,1.09081,175,10,0
1728954000,1.0908,1.09095,1.09048,1.09085,335,0,0
1728957600,1.09085,1.09103,1.09065,1.09088,476,0,0
1728961200,1.09089,1.09097,1.0904,1.09073,901,4,0
1728964800,1.09072,1.09085,1.09048,1.09071,809,0,0
1728968400,1.09071,1.09087,1.09003,1.09019,969,4,0
1728972000,1.09019,1.09028,1.08956,1.08964,945,4,0
1728975600,1.08964,1.08964,1.08915,1.08928,725,1,0
1728979200,1.08928,1.08928,1.08881,1.08916,862,3,0
1728982800,1.08911,1.08955,1.0885,1.08925,1708,4,0
1728986400,1.08924,1.08986,1.08849,1.08985,2144,3,0
1728990000,1.08985,1.09159,1.0897000000000001,1.09103,1934,3,0
1728993600,1.09104,1.09145,1.0906,1.09135,1750,4,0
1728997200,1.0913599999999999,1.09148,1.09026,1.09027,1492,4,0
1729000800,1.09024,1.09091,1.08971,1.09008,1882,3,0
1729004400,1.09012,1.09123,1.08994,1.09099,2139,3,0
1729008000,1.091,1.09165,1.09082,1.09097,2497,4,0
1729011600,1.09095,1.09115,1.08988,1.09025,2796,3,0
1729015200,1.09026,1.09071,1.08984,1.08988,2196,3,0
1729018800,1.08989,1.09023,1.08891,1.08891,1505,3,0
1729022400,1.08893,1.08902,1.08817,1.08847,1385,4,0
1729026000,1.08849,1.08903,1.08837,1.08871,1309,3,0
1729029600,1.08871,1.089,1.08857,1.08869,1359,0,0
1729033200,1.08867,1.0892,1.08856,1.08907,658,2,0
1729036800,1.0889,1.08946,1.08883,1.08914,207,4,0
1729040400,1.08914,1.08917,1.08876,1.08896,334,0,0
1729044000,1.08896,1.08899,1.08828,1.08829,507,0,0
1729047600,1.08828,1.08865,1.08819,1.08852,785,0,0
1729051200,1.08853,1.08918,1.08842,1.08916,1249,4,0
1729054800,1.08917,1.08932,1.08885,1.08926,885,4,0
1729058400,1.08926,1.08956,1.08906,1.0890900000000001,841,1,0
1729062000,1.0890900000000001,1.0893,1.08876,1.08894,481,0,0
1729065600,1.08893,1.08901,1.08864,1.08879,684,0,0
1729069200,1.08884,1.08887,1.08761,1.08776,2332,3,0
1729072800,1.08776,1.08852,1.08751,1.08821,2058,3,0
1729076400,1.0882,1.08843,1.08776,1.08832,1837,3,0
1729080000,1.0883099999999999,1.08972,1.08825,1.08946,1833,3,0
1729083600,1.08948,1.0895299999999999,1.08893,1.08899,1278,0,0
1729087200,1.08897,1.08955,1.08868,1.08943,1527,4,0
1729090800,1.08942,1.09013,1.08863,1.08886,1775,3,0
1729094400,1.08891,1.08974,1.08849,1.089,2078,4,0
1729098000,1.08903,1.08907,1.08713,1.08797,2425,3,0
1729101600,1.08796,1.088,1.0866,1.08722,1782,4,0
1729105200,1.08723,1.08766,1.08669,1.08681,1205,4,0
1729108800,1.08682,1.08682,1.0861399999999999,1.0862,1010,4,0
1729112400,1.0862,1.08627,1.08551,1.08554,1065,4,0
1729116000,1.08556,1.08602,1.08533,1.08577,997,1,0
1729119600,1.08576,1.08627,1.08573,1.08605,613,1,0
1729123200,1.08556,1.08689,1.0855299999999999,1.08632,445,4,0
1729126800,1.08623,1.08754,1.08574,1.08585,425,3,0
1729130400,1.08585,1.08594,1.0856,1.08588,479,0,0
1729134000,1.08587,1.0864,1.08577,1.08632,1118,3,0
1729137600,1.0863,1.08637,1.0859,1.08623,1255,4,0
1729141200,1.08624,1.0865,1.08592,1.08618,1165,4,0
1729144800,1.08618,1.0862,1.08507,1.0853,801,0,0
1729148400,1.08527,1.08554,1.08522,1.08533,609,0,0
1729152000,1.08533,1.0855299999999999,1.08524,1.0854300000000001,939,1,0
1729155600,1.08535,1.08582,1.08495,1.08505,1368,3,0
1729159200,1.08504,1.08574,1.08489,1.08546,1846,3,0
1729162800,1.08545,1.08566,1.08488,1.08515,1673,4,0
1729166400,1.08517,1.0864,1.08502,1.08587,1445,4,0
1729170000,1.08586,1.08647,1.08579,1.08639,1414,4,0
1729173600,1.0864,1.08672,1.08629,1.08631,1213,4,0
1729177200,1.08631,1.08733,1.08332,1.08427,3287,3,0
1729180800,1.08427,1.08445,1.08109,1.0833,3542,3,0
1729184400,1.08331,1.0835,1.08139,1.08285,3245,3,0
1729188000,1.08286,1.08407,1.08244,1.08364,2362,3,0
1729191600,1.08365,1.0836999999999999,1.08223,1.08246,1732,3,0
1729195200,1.08253,1.08279,1.08208,1.08254,1091,3,0
1729198800,1.08254,1.08318,1.08244,1.0824799999999999,1341,4,0
1729202400,1.08249,1.08284,1.08233,1.08278,1129,4,0
1729206000,1.08277,1.08307,1.08267,1.083,682,2,0
1729209600,1.08302,1.08315,1.0826500000000001,1.08311,191,12,0
1729213200,1.08301,1.08329,1.08289,1.08289,375,4,0
1729216800,1.0829,1.08299,1.08252,1.0829,465,0,0
1729220400,1.0829,1.08322,1.08272,1.08288,1147,4,0
1729224000,1.08288,1.0836,1.08273,1.08349,1264,4,0
1729227600,1.0835,1.08395,1.08332,1.08388,1030,4,0
1729231200,1.08382,1.08394,1.08369,1.08385,761,1,0
1729234800,1.08384,1.08404,1.08381,1.08403,525,0,0
1729238400,1.08405,1.0844,1.08383,1.08433,860,1,0
1729242000,1.08424,1.08484,1.0838,1.08442,1907,3,0
1729245600,1.08441,1.08441,1.08369,1.08409,2009,3,0
1729249200,1.08408,1.08467,1.08344,1.08377,1728,3,0
1729252800,1.08377,1.08455,1.0834,1.08441,1703,4,0
1729256400,1.08442,1.08488,1.08379,1.0845,1485,3,0
1729260000,1.0845,1.08517,1.08417,1.08481,1536,4,0
1729263600,1.08481,1.08599,1.08465,1.08592,1880,3,0
1729267200,1.08591,1.08632,1.08511,1.08568,1839,4,0
1729270800,1.08568,1.08644,1.08548,1.08571,2209,3,0
1729274400,1.08571,1.08601,1.08529,1.08534,1748,4,0
1729278000,1.08533,1.0868,1.08528,1.08664,1236,3,0
1729281600,1.0866500000000001,1.0866500000000001,1.08589,1.08617,1040,3,0
1729285200,1.08617,1.08678,1.0861399999999999,1.08653,1046,0,0
1729288800,1.08653,1.08658,1.08621,1.08637,1109,4,0
1729292400,1.08635,1.08694,1.0863,1.08666,635,0,0
1729468800,1.0861,1.08667,1.08591,1.08657,244,12,0
1729472400,1.08655,1.08717,1.08645,1.08689,592,4,0
1729476000,1.0869,1.08695,1.08653,1.08681,641,0,0
1729479600,1.08681,1.08688,1.08639,1.08648,895,4,0
1729483200,1.08648,1.08691,1.08636,1.0865,1170,3,0
1729486800,1.08649,1.08672,1.0864,1.08644,984,4,0
1729490400,1.08644,1.08677,1.08644,1.08661,713,0,0
1729494000,1.08661,1.08661,1.08582,1.08585,583,0,0
1729497600,1.08585,1.08633,1.08585,1.08598,880,4,0
1729501200,1.08597,1.08597,1.08495,1.08522,1364,4,0
1729504800,1.08525,1.08571,1.08462,1.0848,1589,4,0
1729508400,1.08479,1.08577,1.08479,1.08552,1434,3,0
1729512000,1.08551,1.08581,1.08464,1.08465,1346,4,0
1729515600,1.08461,1.0849199999999999,1.08444,1.08473,1286,4,0
1729519200,1.08473,1.08562,1.08465,1.08557,1309,4,0
1729522800,1.08556,1.08589,1.08511,1.08572,1759,4,0
1729526400,1.08572,1.08578,1.08437,1.08473,1847,4,0
1729530000,1.08473,1.08486,1.0833,1.08347,2197,4,0
1729533600,1.08346,1.08349,1.08199,1.08199,2027,3,0
1729537200,1.08199,1.08227,1.0817,1.08185,1457,4,0
1729540800,1.08184,1.08228,1.08154,1.08161,1244,4,0
1729544400,1.0816,1.0817,1.08109,1.08112,1114,4,0
1729548000,1.08115,1.08152,1.08109,1.08152,992,4,0
1729551600,1.0815,1.08166,1.08121,1.08147,740,0,0
1729555200,1.08128,1.08177,1.08099,1.08149,227,12,0
1729558800,1.08149,1.08176,1.08149,1.08153,411,4,0
1729562400,1.08154,1.08166,1.0814,1.08153,524,0,0
1729566000,1.08152,1.08182,1.08141,1.0816,892,4,0
1729569600,1.0816,1.08206,1.0816,1.08188,1182,4,0
1729573200,1.0819,1.08212,1.0815,1.08156,827,0,0
1729576800,1.08155,1.0819,1.08147,1.0819,754,3,0
1729580400,1.0819,1.08208,1.08179,1.08201,648,0,0
1729584000,1.08201,1.08234,1.08192,1.08192,774,0,0
1729587600,1.08185,1.08287,1.0818,1.08254,1389,1,0
1729591200,1.08249,1.0838,1.08207,1.08364,1922,3,0
1729594800,1.08364,1.08369,1.08259,1.0827,1461,3,0
1729598400,1.08269,1.08305,1.08145,1.08158,1466,4,0
1729602000,1.08156,1.08292,1.08142,1.08285,1665,3,0
1729605600,1.08286,1.08289,1.08149,1.08175,1494,4,0
1729609200,1.08175,1.08214,1.08107,1.08117,1876,4,0
1729612800,1.08116,1.08183,1.08012,1.08071,2368,3,0
1729616400,1.08075,1.08132,1.08007,1.08094,2487,4,0
1729620000,1.08095,1.08152,1.0804,1.08045,1812,4,0
1729623600,1.08044,1.08142,1.08031,1.08075,1291,4,0
1729627200,1.08075,1.08087,1.08012,1.08026,1242,4,0
1729630800,1.08027,1.08039,1.07997,1.07997,864,4,0
1729634400,1.07998,1.08017,1.07939,1.07946,913,1,0
1729638000,1.07946,1.07988,1.07925,1.07988,783,3,0
1729641600,1.07992,1.07992,1.07921,1.07982,215,10,0
1729645200,1.07982,1.07995,1.07958,1.07982,370,0,0
1729648800,1.07983,1.07983,1.07962,1.07962,369,0,0
1729652400,1.07961,1.08006,1.07922,1.0795,920,0,0
1729656000,1.07951,1.07982,1.07936,1.07948,1134,4,0
1729659600,1.07948,1.08052,1.07947,1.08044,936,0,0
1729663200,1.08047,1.08051,1.07987,1.0802100000000001,743,0,0
1729666800,1.08022,1.08026,1.07994,1.0802,676,1,0
1729670400,1.0802,1.0806499999999999,1.0802,1.0806499999999999,992,4,0
1729674000,1.0806499999999999,1.0806499999999999,1.07924,1.07924,1539,4,0
1729677600,1.07924,1.07924,1.07805,1.07816,1998,3,0
1729681200,1.07815,1.07913,1.07793,1.0788,1667,3,0
1729684800,1.07881,1.07892,1.07814,1.07823,1552,4,0
1729688400,1.07823,1.07832,1.07774,1.07774,1350,4,0
1729692000,1.07775,1.07798,1.07629,1.07631,1602,3,0
1729695600,1.07631,1.07749,1.07611,1.07743,2184,4,0
1729699200,1.07742,1.0783,1.07696,1.07752,2018,3,0
1729702800,1.07752,1.07823,1.07707,1.07743,2156,4,0
1729706400,1.07745,1.0786,1.0774,1.0778699999999999,1814,4,0
1729710000,1.0778699999999999,1.07789,1.07705,1.0773,1499,3,0
1729713600,1.0773,1.07745,1.07671,1.07688,1452,4,0
1729717200,1.07686,1.07822,1.07683,1.07803,1628,4,0
1729720800,1.07804,1.07864,1.07798,1.07856,1117,4,0
1729724400,1.07857,1.07862,1.078,1.07811,756,4,0
1729728000,1.07808,1.07834,1.0778699999999999,1.07818,207,4,0
1729731600,1.07818,1.07849,1.07797,1.0782,431,3,0
1729735200,1.07823,1.07846,1.07792,1.07803,464,0,0
1729738800,1.07804,1.07897,1.07796,1.07886,1212,4,0
1729742400,1.07887,1.07892,1.0782,1.07829,1115,3,0
1729746000,1.07828,1.07887,1.0781,1.07874,984,4,0
1729749600,1.07873,1.0789,1.07851,1.07868,632,0,0
1729753200,1.07868,1.07934,1.07867,1.07929,730,0,0
1729756800,1.07929,1.0793,1.07881,1.07881,875,1,0
1729760400,1.07888,1.07905,1.07816,1.07832,1507,4,0
1729764000,1.07826,1.07985,1.07706,1.07951,2586,3,0
1729767600,1.07956,1.08078,1.07956,1.08031,2256,3,0
1729771200,1.08028,1.0805,1.07953,1.07967,1492,4,0
1729774800,1.07968,1.08042,1.0796000000000001,1.07989,1369,3,0
1729778400,1.07987,1.08028,1.07919,1.0795,1487,4,0
1729782000,1.07949,1.08039,1.07885,1.07963,2660,3,0
1729785600,1.07964,1.0811,1.0795,1.07999,2623,4,0
1729789200,1.07999,1.08107,1.07969,1.07979,2621,4,0
1729792800,1.07979,1.08054,1.07962,1.08048,1837,4,0
1729796400,1.0805,1.08109,1.08024,1.08107,1509,4,0
1729800000,1.08106,1.08242,1.08105,1.08206,1241,4,0
1729803600,1.08206,1.08258,1.08176,1.08228,1121,4,0
1729807200,1.08226,1.08288,1.0821,1.08288,992,4,0
1729810800,1.08288,1.08297,1.08256,1.08266,552,4,0
1729814400,1.08271,1.08284,1.08229,1.08284,265,4,0
1729818000,1.08284,1.08285,1.08241,1.08241,355,0,0
1729821600,1.08241,1.08245,1.08226,1.08237,497,0,0
1729825200,1.08239,1.08249,1.082,1.08216,1040,3,0
1729828800,1.08217,1.0824799999999999,1.082,1.08234,1003,4,0
1729832400,1.08233,1.08274,1.08227,1.08258,825,0,0
1729836000,1.08258,1.08258,1.08201,1.08216,610,1,0
1729839600,1.08217,1.0823,1.08205,1.08218,637,0,0
1729843200,1.08217,1.08254,1.08208,1.08215,811,3,0
1729846800,1.08214,1.08225,1.08144,1.08155,1368,3,0
1729850400,1.08156,1.08272,1.08135,1.08243,1970,3,0
1729854000,1.08233,1.0836999999999999,1.08214,1.08237,1914,4,0
1729857600,1.08237,1.0827,1.0822,1.08226,1380,4,0
1729861200,1.08224,1.08276,1.08222,1.08239,1099,4,0
1729864800,1.08239,1.08289,1.08213,1.08213,1248,4,0
1729868400,1.08213,1.08391,1.08209,1.08383,1860,4,0
1729872000,1.08383,1.08384,1.08255,1.08337,1958,4,0
1729875600,1.08337,1.08373,1.08267,1.08305,2418,3,0
1729879200,1.08305,1.08347,1.08107,1.0812,1975,3,0
1729882800,1.0812,1.0812,1.08024,1.08048,1439,4,0
1729886400,1.08051,1.08064,1.0802,1.0803,1227,4,0
1729890000,1.08031,1.08045,1.07987,1.08027,1257,4,0
1729893600,1.08029,1.08029,1.0793,1.07954,1276,0,0
1729897200,1.07958,1.07971,1.07942,1.07952,887,1,0
1730073600,1.07937,1.07982,1.07857,1.07956,1095,4,0
1730077200,1.07957,1.08015,1.07938,1.07961,956,4,0
1730080800,1.07959,1.08012,1.07939,1.07941,1321,3,0
1730084400,1.07937,1.07958,1.07902,1.0790899999999999,1350,3,0
1730088000,1.07907,1.07956,1.07857,1.07884,1108,4,0
1730091600,1.07884,1.07898,1.0782,1.07828,835,3,0
1730095200,1.07828,1.07889,1.07827,1.07877,746,2,0
1730098800,1.07875,1.07882,1.07819,1.07876,809,4,0
1730102400,1.07873,1.07965,1.07861,1.07943,1053,4,0
1730106000,1.07941,1.08054,1.07931,1.0804,1525,4,0
1730109600,1.08041,1.08212,1.08008,1.08189,2031,4,0
1730113200,1.08188,1.08198,1.08084,1.08128,1592,4,0
1730116800,1.08129,1.08193,1.08109,1.08165,1628,4,0
1730120400,1.08165,1.08199,1.0815,1.08194,1167,4,0
1730124000,1.08193,1.08261,1.08131,1.08153,1927,4,0
1730127600,1.08153,1.08223,1.08139,1.08202,2014,4,0
1730131200,1.08202,1.08275,1.08151,1.08241,1851,3,0
1730134800,1.08241,1.08252,1.08136,1.0818699999999999,1996,4,0
1730138400,1.0818699999999999,1.0826,1.08144,1.08155,1637,4,0
1730142000,1.08154,1.08179,1.08129,1.08136,1313,0,0
1730145600,1.0813,1.08148,1.08099,1.08118,1282,4,0
1730149200,1.08118,1.08188,1.08112,1.08149,1150,4,0
1730152800,1.08152,1.08173,1.08102,1.0811,632,0,0
1730156400,1.08111,1.08144,1.08101,1.08135,263,4,0
1730160000,1.08135,1.08144,1.08108,1.08124,412,4,0
1730163600,1.08124,1.08176,1.08107,1.08175,486,4,0
1730167200,1.08175,1.0819,1.0812599999999999,1.08156,986,4,0
1730170800,1.08157,1.08169,1.08113,1.08156,1286,4,0
1730174400,1.08157,1.0818,1.08113,1.08122,1030,4,0
1730178000,1.08121,1.08133,1.0806,1.08078,824,0,0
1730181600,1.08077,1.08089,1.08066,1.08086,623,0,0
1730185200,1.08086,1.08132,1.08085,1.0811,793,4,0
1730188800,1.08109,1.08138,1.08066,1.08113,787,4,0
1730192400,1.08112,1.08159,1.08055,1.08095,1405,4,0
1730196000,1.08094,1.08202,1.08094,1.08184,2281,4,0
1730199600,1.08183,1.08262,1.0813,1.08176,1740,4,0
1730203200,1.08176,1.08206,1.08032,1.08055,1670,3,0
1730206800,1.08055,1.08056,1.07964,1.0799,1755,3,0
1730210400,1.07986,1.07995,1.07721,1.07773,2328,4,0
1730214000,1.07772,1.0790899999999999,1.07687,1.07867,2535,3,0
1730217600,1.07855,1.08119,1.07855,1.08003,3715,3,0
1730221200,1.08007,1.0801,1.0785,1.07974,2791,3,0
1730224800,1.07973,1.08072,1.07923,1.07988,2164,3,0
1730228400,1.07989,1.0811,1.0798,1.08056,1970,3,0
1730232000,1.08057,1.08162,1.08031,1.08132,1452,4,0
1730235600,1.08132,1.08151,1.08108,1.08139,1253,3,0
1730239200,1.08136,1.08181,1.08128,1.08172,674,1,0
1730242800,1.08176,1.08176,1.08108,1.08136,376,9,0
1730246400,1.08133,1.08214,1.08121,1.08199,355,4,0
1730250000,1.0820400000000001,1.08217,1.08179,1.08197,493,4,0
1730253600,1.08197,1.08259,1.08196,1.08218,1057,4,0
1730257200,1.08218,1.08257,1.082,1.08215,1006,4,0
1730260800,1.08215,1.08216,1.08172,1.08181,848,4,0
1730264400,1.08181,1.08181,1.08135,1.0814,784,1,0
1730268000,1.0814,1.08177,1.0813,1.08164,696,4,0
1730271600,1.08165,1.08167,1.08139,1.08155,605,0,0
1730275200,1.08154,1.08261,1.08154,1.08234,1030,4,0
1730278800,1.08236,1.08238,1.08157,1.08188,1442,4,0
1730282400,1.0819,1.08445,1.0819,1.08335,2384,4,0
1730286000,1.08334,1.08591,1.0832600000000001,1.08395,2549,3,0
1730289600,1.08395,1.08437,1.0830899999999999,1.08343,1820,4,0
1730293200,1.08343,1.08353,1.08214,1.08241,1616,4,0
1730296800,1.0824,1.08293,1.08081,1.08139,2949,3,0
1730300400,1.08139,1.08442,1.08113,1.08433,3120,4,0
1730304000,1.08434,1.08577,1.08421,1.0849199999999999,3386,3,0
1730307600,1.08491,1.08667,1.08417,1.08635,2798,3,0
1730311200,1.08634,1.08655,1.08569,1.0861,1958,4,0
1730314800,1.08605,1.08686,1.08535,1.0866,1660,3,0
1730318400,1.08659,1.08712,1.0865,1.08692,1152,1,0
1730322000,1.08692,1.08692,1.08561,1.08606,1510,4,0
1730325600,1.0860400000000001,1.08617,1.08539,1.08544,844,0,0
1730329200,1.08552,1.08584,1.08521,1.08554,530,9,0
1730332800,1.08554,1.08587,1.08533,1.08585,667,4,0
1730336400,1.08584,1.08599,1.08578,1.08581,524,4,0
1730340000,1.0858,1.08591,1.08529,1.08533,882,1,0
1730343600,1.08532,1.0858,1.08441,1.08446,1134,4,0
1730347200,1.08447,1.0851,1.08443,1.08489,1042,4,0
1730350800,1.08489,1.08533,1.08485,1.08497,842,4,0
1730354400,1.08498,1.08498,1.08449,1.08477,793,2,0
1730358000,1.08475,1.08519,1.08465,1.08512,789,2,0
1730361600,1.08513,1.08556,1.0848,1.08516,1225,4,0
1730365200,1.0852,1.08634,1.08476,1.08587,1931,4,0
1730368800,1.08595,1.08608,1.0851,1.08561,2251,3,0
1730372400,1.08562,1.08671,1.08541,1.0865,1825,3,0
1730376000,1.0865,1.08753,1.08647,1.08669,1860,3,0
1730379600,1.08668,1.08698,1.08591,1.08679,1733,4,0
1730383200,1.08682,1.08867,1.08641,1.08797,3200,3,0
1730386800,1.08796,1.08879,1.08559,1.08593,3006,3,0
1730390400,1.08593,1.08766,1.08515,1.08655,3424,3,0
1730394000,1.08653,1.08653,1.08466,1.08552,3555,3,0
1730397600,1.08549,1.08628,1.08534,1.08579,2652,3,0
1730401200,1.08579,1.08642,1.08554,1.0861399999999999,1845,4,0
1730404800,1.08615,1.0873,1.08605,1.08703,1894,3,0
1730408400,1.08706,1.08781,1.08679,1.08772,1894,4,0
1730412000,1.08774,1.08849,1.0877,1.08825,865,1,0
1730415600,1.08822,1.08852,1.08812,1.08817,254,4,0
1730419200,1.08817,1.08863,1.08804,1.08859,463,4,0
1730422800,1.08861,1.08863,1.08833,1.08839,708,4,0
1730426400,1.08839,1.08873,1.08804,1.08866,924,4,0
1730430000,1.08865,1.08885,1.08785,1.08798,1161,4,0
1730433600,1.08798,1.08811,1.08764,1.08782,998,4,0
1730437200,1.08782,1.08789,1.08751,1.08762,667,1,0
1730440800,1.08763,1.08788,1.08757,1.08771,596,0,0
1730444400,1.08771,1.08779,1.08708,1.08715,659,0,0
1730448000,1.08715,1.08747,1.08707,1.08729,930,4,0
1730451600,1.08729,1.08773,1.08681,1.08681,1447,4,0
1730455200,1.0867499999999999,1.0868,1.08572,1.08621,2089,3,0
1730458800,1.08622,1.08683,1.08579,1.08583,1642,3,0
1730462400,1.08582,1.0861,1.08523,1.08606,1580,3,0
1730466000,1.08605,1.08693,1.08587,1.08679,1403,4,0
1730469600,1.08679,1.09054,1.08623,1.08861,3588,3,0
1730473200,1.08867,1.08896,1.08654,1.08679,3389,3,0
1730476800,1.08702,1.0873,1.08499,1.0854300000000001,3512,4,0
1730480400,1.0854300000000001,1.08585,1.08472,1.08484,2606,4,0
1730484000,1.0848,1.08541,1.08462,1.08523,1886,4,0
1730487600,1.0852,1.08526,1.0834,1.08359,1648,3,0
1730491200,1.08358,1.08455,1.08358,1.08392,1496,4,0
1730494800,1.08388,1.08416,1.08343,1.08358,1212,4,0
1730498400,1.08358,1.08369,1.08318,1.0833,855,0,0
1730678400,1.08755,1.08819,1.08728,1.08816,550,4,0
1730682000,1.08816,1.08816,1.08714,1.0872600000000001,1360,4,0
1730685600,1.0872600000000001,1.0879,1.08698,1.08769,1045,4,0
1730689200,1.08769,1.08912,1.08766,1.08882,1470,4,0
1730692800,1.08882,1.08942,1.08847,1.08942,1333,4,0
1730696400,1.08942,1.09048,1.08942,1.0901399999999999,1291,3,0
1730700000,1.09013,1.09028,1.08967,1.08973,844,1,0
1730703600,1.08973,1.08998,1.08942,1.08988,1028,4,0
1730707200,1.08988,1.09017,1.08912,1.08914,1277,4,0
1730710800,1.08916,1.08955,1.0887,1.08912,1790,4,0
1730714400,1.08911,1.09006,1.0889199999999999,1.08928,2131,3,0
1730718000,1.08926,1.0902,1.08911,1.08961,1846,4,0
1730721600,1.08961,1.09027,1.08935,1.09015,1476,3,0
1730725200,1.09013,1.09139,1.08995,1.09134,1493,4,0
1730728800,1.09133,1.09147,1.0901399999999999,1.09045,1608,3,0
1730732400,1.09045,1.0909,1.08933,1.09051,2227,4,0
1730736000,1.0905,1.09097,1.08955,1.08997,2507,3,0
1730739600,1.08997,1.09081,1.08959,1.08991,2820,4,0
1730743200,1.0899,1.09009,1.08801,1.08839,2103,4,0
1730746800,1.0884,1.08937,1.08798,1.08885,1685,4,0
1730750400,1.08887,1.08891,1.08781,1.0885,1550,4,0
1730754000,1.08851,1.08855,1.08776,1.0878700000000001,1344,4,0
1730757600,1.0878700000000001,1.08813,1.08752,1.08755,1177,4,0
1730761200,1.08749,1.08774,1.08738,1.08767,514,2,0
1730764800,1.08768,1.08786,1.08724,1.08776,209,4,0
1730768400,1.08786,1.0878700000000001,1.08733,1.08735,431,4,0
1730772000,1.08735,1.08764,1.08723,1.08755,642,1,0
1730775600,1.08754,1.0878,1.08729,1.08774,990,1,0
1730779200,1.08775,1.08797,1.08753,1.08772,829,1,0
1730782800,1.08771,1.08795,1.08753,1.08757,661,0,0
1730786400,1.08757,1.08782,1.08743,1.08752,632,0,0
1730790000,1.08752,1.08799,1.08748,1.08785,584,1,0
1730793600,1.08785,1.08822,1.08768,1.08807,756,0,0
1730797200,1.08807,1.08907,1.08807,1.08884,1327,4,0
1730800800,1.08886,1.08941,1.08842,1.08917,1620,4,0
1730804400,1.08914,1.08975,1.089,1.08917,1309,3,0
1730808000,1.08919,1.08943,1.08908,1.08938,1228,4,0
1730811600,1.08937,1.09016,1.08926,1.08994,1219,3,0
1730815200,1.08994,1.09012,1.08939,1.08956,1216,1,0
1730818800,1.08957,1.08985,1.08895,1.08928,1457,4,0
1730822400,1.08925,1.09109,1.08924,1.09058,2292,4,0
1730826000,1.08929,1.09121,1.08894,1.09019,3056,3,0
1730829600,1.09019,1.09204,1.0901,1.09199,2012,3,0
1730833200,1.09199,1.09303,1.09181,1.09301,1391,4,0
1730836800,1.09302,1.09363,1.09288,1.09303,1676,3,0
1730840400,1.09303,1.09339,1.09269,1.0930900000000001,1389,4,0
1730844000,1.0931,1.0931,1.09241,1.09251,1189,2,0
1730847600,1.0925,1.09302,1.09241,1.09263,650,4,0
1730851200,1.09274,1.0929,1.09204,1.09267,221,11,0
1730854800,1.09267,1.09369,1.09118,1.09339,1468,3,0
1730858400,1.09339,1.09339,1.0832,1.08363,4393,3,0
1730862000,1.08368,1.0857,1.08212,1.08366,4004,3,0
1730865600,1.08365,1.08391,1.07618,1.07625,4513,3,0
1730869200,1.07625,1.07794,1.07181,1.07466,4171,3,0
1730872800,1.07466,1.0788,1.07395,1.07776,3178,3,0
1730876400,1.07778,1.07945,1.07501,1.07597,3818,3,0
1730880000,1.07601,1.07614,1.07026,1.0725,3756,3,0
1730883600,1.07262,1.07521,1.07262,1.07342,4311,3,0
1730887200,1.07333,1.07812,1.0732,1.07732,3838,3,0
1730890800,1.07723,1.07737,1.07501,1.07552,3268,3,0
1730894400,1.07547,1.07616,1.07416,1.07464,2571,3,0
1730898000,1.07462,1.07467,1.0701100000000001,1.0708,3537,3,0
1730901600,1.07076,1.07187,1.06826,1.06884,3668,3,0
1730905200,1.06884,1.07192,1.06825,1.07098,3814,3,0
1730908800,1.07091,1.07197,1.06983,1.07157,3775,3,0
1730912400,1.07154,1.07397,1.07141,1.07382,4147,3,0
1730916000,1.07379,1.0745,1.0726,1.07312,3160,4,0
1730919600,1.07311,1.07446,1.0725500000000001,1.07271,2585,3,0
1730923200,1.07271,1.0758,1.0726,1.07529,2765,3,0
1730926800,1.07529,1.07533,1.07296,1.07351,2373,3,0
1730930400,1.07351,1.07383,1.07327,1.07351,2017,4,0
1730934000,1.0734,1.07357,1.07254,1.07254,714,3,0
1730937600,1.0722,1.07301,1.07208,1.07291,297,10,0
1730941200,1.07287,1.07343,1.07283,1.07315,704,4,0
1730944800,1.07315,1.07372,1.07205,1.0721,1339,4,0
1730948400,1.07209,1.07285,1.07128,1.07176,1869,4,0
1730952000,1.07176,1.07367,1.07173,1.07364,1481,3,0
1730955600,1.07365,1.07413,1.07319,1.07399,1143,1,0
1730959200,1.07398,1.07454,1.07342,1.0737700000000001,997,0,0
1730962800,1.07378,1.07477,1.07373,1.07461,1126,1,0
1730966400,1.07459,1.07503,1.07409,1.07498,1417,4,0
1730970000,1.07475,1.07699,1.0745,1.07519,2600,3,0
1730973600,1.07523,1.07714,1.0749,1.07685,2832,3,0
1730977200,1.07682,1.07689,1.0746,1.07462,2396,4,0
1730980800,1.07462,1.0766499999999999,1.07462,1.07562,1899,3,0
1730984400,1.07558,1.07621,1.07521,1.07588,1710,3,0
1730988000,1.07588,1.07772,1.07566,1.07751,2730,3,0
1730991600,1.07752,1.07945,1.07733,1.07923,3550,3,0
1730995200,1.07923,1.08165,1.07811,1.08093,3091,3,0
1730998800,1.0809,1.08246,1.08049,1.08109,3224,3,0
1731002400,1.08105,1.08147,1.07845,1.07913,2865,3,0
1731006000,1.07913,1.08062,1.07873,1.08046,1824,4,0
1731009600,1.08051,1.0806499999999999,1.07926,1.07979,1523,4,0
1731013200,1.07981,1.08033,1.07669,1.07808,4509,3,0
1731016800,1.07816,1.08093,1.078,1.08022,3218,3,0
1731020400,1.08017,1.08044,1.07994,1.08034,726,3,0
1731024000,1.08035,1.08047,1.08014,1.0803,212,4,0
1731027600,1.0803,1.08042,1.07941,1.07954,792,4,0
1731031200,1.07954,1.07973,1.07882,1.07904,1184,4,0
1731034800,1.07903,1.07913,1.07791,1.07868,1684,4,0
1731038400,1.07868,1.07896,1.07796,1.07808,1562,4,0
1731042000,1.07807,1.07886,1.07769,1.0778,1154,4,0
1731045600,1.0778,1.07836,1.07764,1.07828,925,4,0
1731049200,1.0783,1.07863,1.07798,1.07816,1031,0,0
1731052800,1.07816,1.07837,1.07727,1.07772,1623,4,0
1731056400,1.07773,1.07837,1.0775,1.07795,2167,3,0
1731060000,1.07794,1.07825,1.07609,1.07788,3553,3,0
1731063600,1.07788,1.07891,1.0772,1.0779,2447,3,0
1731067200,1.07789,1.07794,1.07671,1.07784,2117,3,0
1731070800,1.07785,1.07973,1.07785,1.07829,1940,3,0
1731074400,1.07831,1.07843,1.0766499999999999,1.07718,2393,3,0
1731078000,1.07719,1.07725,1.0744,1.07527,2822,3,0
1731081600,1.07527,1.0765500000000001,1.07492,1.07506,2799,3,0
1731085200,1.07497,1.07522,1.074,1.07483,3110,3,0
1731088800,1.0748199999999999,1.07503,1.07093,1.07095,2629,4,0
1731092400,1.07096,1.07131,1.06868,1.0709,2809,3,0
1731096000,1.0709,1.07186,1.06999,1.07066,1651,3,0
1731099600,1.07067,1.07152,1.07052,1.07135,1283,4,0
1731103200,1.07134,1.07195,1.07104,1.07174,1288,4,0
1731106800,1.07178,1.07214,1.07167,1.07179,730,4,0
1731283200,1.0708,1.07173,1.07042,1.07087,752,4,0
1731286800,1.07077,1.07169,1.0707200000000001,1.07129,915,4,0
1731290400,1.07129,1.07185,1.07085,1.07168,1341,4,0
1731294000,1.07166,1.07277,1.07158,1.07201,1684,4,0
1731297600,1.07202,1.07249,1.07193,1.07226,1241,4,0
1731301200,1.07226,1.07268,1.07151,1.07167,990,4,0
1731304800,1.07166,1.07167,1.07078,1.07137,869,1,0
1731308400,1.07141,1.07187,1.07112,1.07174,947,3,0
1731312000,1.07174,1.07213,1.07124,1.07208,1019,4,0
1731315600,1.07205,1.07219,1.06859,1.0689899999999999,2537,3,0
1731319200,1.0689899999999999,1.06942,1.06785,1.06872,2472,3,0
1731322800,1.06871,1.06895,1.06679,1.06815,2341,3,0
1731326400,1.06814,1.06884,1.06708,1.06718,1873,4,0
1731330000,1.06717,1.06717,1.06556,1.06624,2145,4,0
1731333600,1.06624,1.06645,1.0652,1.06522,1671,3,0
1731337200,1.06522,1.06552,1.06362,1.06479,2337,3,0
1731340800,1.0648,1.06575,1.06286,1.06425,2405,3,0
1731344400,1.06426,1.06504,1.06362,1.0647,2293,4,0
1731348000,1.06471,1.06541,1.06447,1.06518,1662,3,0
1731351600,1.06518,1.06561,1.0645,1.0649,1330,4,0
1731355200,1.0648900000000001,1.06516,1.06458,1.06503,1231,4,0
1731358800,1.065,1.06571,1.06493,1.0651,961,4,0
1731362400,1.06511,1.06562,1.06511,1.06556,935,4,0
1731366000,1.06552,1.06577,1.06506,1.06509,457,0,0
1731369600,1.06508,1.06571,1.06407,1.06559,245,7,0
1731373200,1.06554,1.0663,1.06538,1.0663,542,3,0
1731376800,1.0663,1.0663,1.06542,1.06578,990,4,0
1731380400,1.06578,1.06597,1.06478,1.06481,1666,4,0
1731384000,1.06482,1.06516,1.06418,1.06434,1552,3,0
1731387600,1.06433,1.06493,1.06379,1.06382,1122,4,0
1731391200,1.06382,1.06455,1.06379,1.0644,1047,4,0
1731394800,1.06442,1.06455,1.06392,1.06398,1363,4,0
1731398400,1.06392,1.06392,1.06294,1.06341,1634,4,0
1731402000,1.06341,1.0637,1.06216,1.06321,2377,3,0
1731405600,1.06319,1.06341,1.06169,1.06317,2705,3,0
1731409200,1.0631599999999999,1.06322,1.06164,1.06263,2029,3,0
1731412800,1.06262,1.06262,1.0611,1.06178,2154,3,0
1731416400,1.06178,1.06295,1.06173,1.06187,1868,4,0
1731420000,1.06187,1.06212,1.06062,1.06197,2256,4,0
1731423600,1.06196,1.06272,1.06143,1.06228,2638,4,0
1731427200,1.06228,1.06259,1.06137,1.06175,2652,4,0
1731430800,1.06174,1.06176,1.06018,1.06089,2932,3,0
1731434400,1.06089,1.06155,1.05959,1.05979,2740,3,0
1731438000,1.05978,1.0608,1.05949,1.06067,2572,3,0
1731441600,1.06067,1.0617,1.06063,1.06159,1899,4,0
1731445200,1.06156,1.06185,1.06121,1.06122,1342,4,0
1731448800,1.06122,1.06235,1.06092,1.06221,1357,4,0
1731452400,1.06222,1.06265,1.062,1.062,652,0,0
1731456000,1.06202,1.06233,1.06143,1.06199,514,4,0
1731459600,1.06196,1.06213,1.06137,1.06164,612,3,0
1731463200,1.06164,1.06171,1.06109,1.06127,1055,4,0
1731466800,1.06126,1.06289,1.0612,1.06278,1795,0,0
1731470400,1.06279,1.06292,1.06215,1.0626,1355,4,0
1731474000,1.0626,1.06279,1.06177,1.06189,837,1,0
1731477600,1.0619,1.06225,1.06175,1.06178,653,0,0
1731481200,1.06178,1.06184,1.06093,1.06129,905,2,0
1731484800,1.06129,1.06169,1.06074,1.06133,1561,4,0
1731488400,1.0613,1.06143,1.06026,1.06029,1649,3,0
1731492000,1.0602800000000001,1.06129,1.05932,1.06119,2155,3,0
1731495600,1.0612,1.06296,1.06078,1.06267,2001,4,0
1731499200,1.06268,1.06282,1.06115,1.06149,1777,4,0
1731502800,1.06148,1.06379,1.061,1.06375,1698,3,0
1731506400,1.06375,1.06434,1.06242,1.06313,1904,3,0
1731510000,1.0631,1.0653299999999999,1.06237,1.06364,4015,3,0
1731513600,1.06364,1.06378,1.0576,1.05853,4343,3,0
1731517200,1.05857,1.05935,1.05556,1.05886,4497,3,0
1731520800,1.05886,1.05918,1.05623,1.0566,3149,3,0
1731524400,1.0566,1.05774,1.05615,1.05688,2428,3,0
1731528000,1.0569,1.05694,1.05563,1.05587,1973,3,0
1731531600,1.05587,1.05757,1.05564,1.05653,1835,4,0
1731535200,1.05653,1.05687,1.05587,1.05618,1486,4,0
1731538800,1.0562,1.05668,1.05615,1.05618,663,3,0
1731542400,1.05626,1.05634,1.05563,1.05622,457,6,0
1731546000,1.05629,1.05659,1.05593,1.05656,629,4,0
1731549600,1.05657,1.05684,1.05626,1.05652,1094,1,0
1731553200,1.05652,1.05652,1.05508,1.05559,1667,3,0
1731556800,1.05558,1.05576,1.05473,1.05494,1467,4,0
1731560400,1.05492,1.05556,1.05455,1.05476,1142,4,0
1731564000,1.05478,1.05501,1.05451,1.05484,867,1,0
1731567600,1.05483,1.05484,1.05339,1.0547,1265,3,0
1731571200,1.05469,1.05541,1.05422,1.05449,1554,4,0
1731574800,1.05449,1.05546,1.05406,1.05507,2034,4,0
1731578400,1.05511,1.05577,1.05325,1.0536,2398,3,0
1731582000,1.05361,1.05419,1.05177,1.05203,2150,3,0
1731585600,1.05202,1.05209,1.05015,1.05111,2285,4,0
1731589200,1.05112,1.05338,1.04961,1.05288,2509,3,0
1731592800,1.05288,1.0545,1.05229,1.05358,2478,1,0
1731596400,1.05358,1.05432,1.05135,1.05305,3756,3,0
1731600000,1.05301,1.05686,1.05293,1.05524,3630,3,0
1731603600,1.05524,1.05776,1.05524,1.05747,3697,3,0
1731607200,1.05747,1.05824,1.05604,1.05618,2709,4,0
1731610800,1.05617,1.05636,1.05549,1.05591,2137,4,0
1731614400,1.05592,1.05604,1.05459,1.05471,1677,3,0
1731618000,1.05469,1.05516,1.05432,1.05475,1510,3,0
1731621600,1.05476,1.05485,1.05118,1.05203,3894,3,0
1731625200,1.05202,1.05306,1.05187,1.05298,1062,1,0
1731628800,1.05306,1.05323,1.05254,1.05293,308,5,0
1731632400,1.05293,1.05318,1.05257,1.05294,757,4,0
1731636000,1.05294,1.05336,1.05236,1.05306,1304,4,0
1731639600,1.05306,1.05415,1.05282,1.05318,1687,4,0
1731643200,1.05318,1.05425,1.05317,1.0541,1587,4,0
1731646800,1.0541,1.05459,1.05391,1.05402,1095,4,0
1731650400,1.05401,1.05458,1.05392,1.05423,829,4,0
1731654000,1.05424,1.05427,1.05391,1.05401,1142,4,0
1731657600,1.054,1.05613,1.05336,1.0554,1632,3,0
1731661200,1.05535,1.05638,1.05507,1.05565,1988,4,0
1731664800,1.05563,1.05718,1.05522,1.05698,2413,3,0
1731668400,1.05697,1.05799,1.05605,1.0562,2147,3,0
1731672000,1.05622,1.05775,1.05588,1.05749,2185,4,0
1731675600,1.05744,1.05798,1.05705,1.0577,1805,4,0
1731679200,1.05771,1.05789,1.05638,1.05758,1717,4,0
1731682800,1.05758,1.05926,1.05537,1.05583,3876,3,0
1731686400,1.05584,1.05632,1.0523,1.05318,3822,3,0
1731690000,1.05313,1.05421,1.05246,1.05351,3731,3,0
1731693600,1.05351,1.05514,1.0533,1.05511,3176,3,0
1731697200,1.05513,1.05598,1.05471,1.05486,2497,3,0
1731700800,1.05488,1.05545,1.05385,1.05512,1891,4,0
1731704400,1.05514,1.0552,1.05359,1.05371,1800,3,0
1731708000,1.0537,1.05377,1.05163,1.05276,1921,3,0
1731711600,1.05276,1.05404,1.05227,1.05389,825,3,0
1731888000,1.053,1.05385,1.0529,1.05311,447,10,0
1731891600,1.05312,1.05386,1.05302,1.05363,872,4,0
1731895200,1.05363,1.05497,1.05331,1.05487,1594,4,0
1731898800,1.05487,1.05505,1.05386,1.0542,2195,4,0
1731902400,1.05419,1.05464,1.05377,1.05412,1481,3,0
1731906000,1.05412,1.05445,1.05303,1.0534,1225,4,0
1731909600,1.0534,1.05423,1.05334,1.05406,841,4,0
1731913200,1.05401,1.05439,1.05354,1.0538,1098,3,0
1731916800,1.05376,1.05473,1.05362,1.05427,1412,4,0
1731920400,1.05426,1.05482,1.05379,1.0547,1703,2,0
1731924000,1.05471,1.05561,1.05417,1.05467,2482,3,0
1731927600,1.05466,1.05711,1.05434,1.05661,2426,4,0
1731931200,1.05657,1.05671,1.05456,1.05479,1963,3,0
1731934800,1.05479,1.05479,1.05323,1.05421,1885,4,0
1731938400,1.05424,1.05486,1.05346,1.0547,1885,4,0
1731942000,1.0547,1.05685,1.05454,1.05678,2438,3,0
1731945600,1.05677,1.05743,1.05606,1.05687,2628,4,0
1731949200,1.05686,1.05753,1.05605,1.05734,2559,4,0
1731952800,1.05734,1.05857,1.05651,1.05857,2166,4,0
1731956400,1.05858,1.05923,1.05798,1.05909,1848,3,0
1731960000,1.0591,1.05977,1.05871,1.0597,1417,4,0
1731963600,1.05971,1.0607,1.05886,1.05907,1504,4,0
1731967200,1.05907,1.05961,1.0589,1.05923,1211,3,0
1731970800,1.05923,1.06004,1.05904,1.05974,536,1,0
1731974400,1.05964,1.05993,1.05935,1.05982,295,7,0
1731978000,1.05979,1.05979,1.0593,1.05943,594,3,0
1731981600,1.05944,1.05945,1.0587,1.05896,1231,4,0
1731985200,1.05897,1.05959,1.05887,1.05929,1614,4,0
1731988800,1.05929,1.05963,1.05887,1.05918,1359,4,0
1731992400,1.05916,1.06006,1.05914,1.0596700000000001,1097,4,0
1731996000,1.0596700000000001,1.06006,1.05863,1.0587,960,2,0
1731999600,1.05869,1.05884,1.05826,1.05834,902,1,0
1732003200,1.05836,1.05962,1.05832,1.05927,1213,4,0
1732006800,1.05927,1.05946,1.05743,1.05776,2224,4,0
1732010400,1.05774,1.05878,1.05625,1.05716,3391,3,0
1732014000,1.05715,1.05779,1.05238,1.05492,3839,3,0
1732017600,1.05492,1.0569,1.05433,1.05609,2440,4,0
1732021200,1.0561,1.05646,1.05494,1.05619,1932,3,0
1732024800,1.0562,1.05721,1.05594,1.0572,1918,3,0
1732028400,1.05721,1.05971,1.05717,1.0576699999999999,3218,3,0
1732032000,1.05762,1.05955,1.05699,1.05725,4006,3,0
1732035600,1.05719,1.06005,1.05654,1.05866,3168,3,0
1732039200,1.05866,1.05927,1.05708,1.05773,2422,3,0
1732042800,1.05772,1.0588899999999999,1.05763,1.05802,1865,3,0
1732046400,1.05801,1.05901,1.0571,1.05896,1612,3,0
1732050000,1.05898,1.05951,1.05835,1.05935,1779,4,0
1732053600,1.05934,1.05978,1.05913,1.05935,1270,4,0
1732057200,1.05934,1.05975,1.05927,1.05931,530,4,0
1732060800,1.05898,1.05954,1.05894,1.05921,724,4,0
1732064400,1.05914,1.06078,1.05914,1.0607,711,3,0
1732068000,1.0607,1.06097,1.0599,1.05993,975,1,0
1732071600,1.05993,1.06038,1.05958,1.06,1468,3,0
1732075200,1.06003,1.06033,1.05955,1.05957,1033,1,0
1732078800,1.05957,1.05987,1.05883,1.05896,761,0,0
1732082400,1.05897,1.05943,1.05877,1.05928,658,0,0
1732086000,1.05928,1.05941,1.05864,1.05871,839,4,0
1732089600,1.05869,1.05953,1.0582799999999999,1.05873,1395,3,0
1732093200,1.0586,1.05947,1.05764,1.05782,2345,4,0
1732096800,1.05782,1.05787,1.056,1.05644,2372,3,0
1732100400,1.05638,1.05688,1.0553,1.05554,2158,4,0
1732104000,1.05552,1.05614,1.05453,1.05486,2086,4,0
1732107600,1.05487,1.05561,1.0542,1.05543,1946,4,0
1732111200,1.05545,1.05677,1.05513,1.05584,2007,4,0
1732114800,1.05585,1.0563,1.05515,1.05565,2190,3,0
1732118400,1.05564,1.05567,1.05224,1.05248,2800,3,0
1732122000,1.05249,1.05378,1.05159,1.05214,3230,4,0
1732125600,1.05215,1.05246,1.05068,1.052,2699,4,0
1732129200,1.05199,1.05363,1.05159,1.0532,1732,3,0
1732132800,1.0532,1.05362,1.05254,1.05359,1654,3,0
1732136400,1.05365,1.05422,1.05358,1.05394,1212,3,0
1732140000,1.05394,1.05399,1.05361,1.0539,1142,4,0
1732143600,1.05387,1.05442,1.05378,1.05431,577,3,0
1732147200,1.05431,1.05431,1.05364,1.05417,455,10,0
1732150800,1.05412,1.05458,1.05412,1.05456,416,4,0
1732154400,1.05456,1.05473,1.05423,1.05455,768,0,0
1732158000,1.05455,1.05495,1.05449,1.05457,1117,3,0
1732161600,1.05457,1.055,1.05456,1.05493,962,1,0
1732165200,1.05492,1.05531,1.05474,1.0553,697,0,0
1732168800,1.0553,1.05548,1.05488,1.05512,693,1,0
1732172400,1.05512,1.05514,1.05463,1.05465,863,2,0
1732176000,1.0547,1.05543,1.0542,1.05453,1492,4,0
1732179600,1.05449,1.05473,1.05295,1.05363,2302,4,0
1732183200,1.05365,1.05431,1.05241,1.05406,2479,4,0
1732186800,1.05401,1.05407,1.05138,1.05168,3051,1,0
1732190400,1.05169,1.05284,1.0514000000000001,1.05208,1887,3,0
1732194000,1.05208,1.05312,1.05159,1.052,1900,3,0
1732197600,1.05203,1.05357,1.05175,1.05274,1892,4,0
1732201200,1.05273,1.0539,1.05159,1.05328,3161,3,0
1732204800,1.05328,1.05356,1.05208,1.0535,3143,3,0
1732208400,1.0535,1.05445,1.05088,1.05102,3364,3,0
1732212000,1.05103,1.05145,1.04712,1.04742,4021,3,0
1732215600,1.0474,1.04877,1.04621,1.04873,2729,4,0
1732219200,1.04872,1.04892,1.04779,1.04861,1823,3,0
1732222800,1.0486,1.04872,1.04732,1.04843,1607,3,0
1732226400,1.04841,1.04867,1.04778,1.04789,1309,4,0
1732230000,1.04788,1.04807,1.04716,1.04734,565,1,0
1732233600,1.04732,1.04768,1.04685,1.04736,315,4,0
1732237200,1.04736,1.0477,1.04676,1.04689,758,4,0
1732240800,1.04689,1.04755,1.04664,1.04754,1200,4,0
1732244400,1.04756,1.04776,1.04694,1.04714,1236,4,0
1732248000,1.04714,1.04731,1.0467,1.04727,1119,4,0
1732251600,1.04727,1.04781,1.04724,1.04748,1077,4,0
1732255200,1.04749,1.04761,1.04694,1.04746,768,0,0
1732258800,1.04746,1.04746,1.04615,1.04646,1179,4,0
1732262400,1.04644,1.04702,1.04635,1.04694,1357,4,0
1732266000,1.04694,1.04892,1.04622,1.0486,2157,4,0
1732269600,1.0486,1.04979,1.0441,1.0443500000000001,3573,3,0
1732273200,1.04441,1.04441,1.03313,1.04019,4963,3,0
1732276800,1.0402,1.04373,1.03848,1.0429599999999999,3492,3,0
1732280400,1.0429599999999999,1.04298,1.0408,1.04166,2661,3,0
1732284000,1.04169,1.04195,1.03978,1.04073,2778,3,0
1732287600,1.04076,1.04342,1.04063,1.04293,3194,3,0
1732291200,1.04294,1.04346,1.04022,1.04025,3415,3,0
1732294800,1.04028,1.04199,1.03951,1.04105,4147,3,0
1732298400,1.04106,1.04116,1.0392,1.03982,2676,3,0
1732302000,1.03984,1.04203,1.03981,1.04189,1888,3,0
1732305600,1.04186,1.04253,1.04148,1.04165,1560,4,0
1732309200,1.04165,1.04188,1.04085,1.04107,1247,4,0
1732312800,1.04107,1.04173,1.04079,1.04145,1331,4,0
1732316400,1.04144,1.04197,1.04133,1.04178,764,2,0
1732492800,1.04799,1.04817,1.04616,1.04794,854,4,0
1732496400,1.04785,1.05011,1.04663,1.04792,1993,3,0
1732500000,1.04792,1.04848,1.04735,1.04813,1926,3,0
1732503600,1.04808,1.04899,1.0474,1.04779,2004,4,0
1732507200,1.04776,1.04893,1.04745,1.04868,1484,4,0
1732510800,1.04867,1.04881,1.04757,1.04778,1242,4,0
1732514400,1.04778,1.04809,1.04744,1.0479,1066,3,0
1732518000,1.04791,1.04828,1.0475,1.0479,1327,4,0
1732521600,1.0479,1.04894,1.0475,1.04833,1649,4,0
1732525200,1.0483,1.04835,1.04498,1.04503,2353,3,0
1732528800,1.04506,1.0467,1.0449,1.04653,3141,1,0
1732532400,1.04649,1.04969,1.04628,1.04892,3111,3,0
1732536000,1.0489,1.04968,1.04834,1.0486,2627,3,0
1732539600,1.04859,1.04903,1.0475,1.04794,2010,4,0
1732543200,1.04799,1.04932,1.04739,1.04885,2277,3,0
1732546800,1.04886,1.053,1.04886,1.05284,3561,3,0
1732550400,1.05283,1.053,1.05046,1.0507900000000001,3569,4,0
1732554000,1.05082,1.05191,1.04861,1.04883,3096,3,0
1732557600,1.04882,1.04944,1.04667,1.04775,2855,3,0
1732561200,1.04774,1.04869,1.04689,1.04859,2041,3,0
1732564800,1.04859,1.05077,1.04857,1.05072,2005,3,0
1732568400,1.05075,1.05106,1.05012,1.05054,1407,4,0
1732572000,1.05054,1.05092,1.04918,1.04921,1096,0,0
1732575600,1.04921,1.0497,1.04918,1.04928,627,0,0
1732579200,1.04889,1.0495700000000001,1.04886,1.0493999999999999,303,14,0
1732582800,1.04941,1.05005,1.04426,1.04433,1897,3,0
1732586400,1.04437,1.04568,1.0425,1.04347,3385,3,0
1732590000,1.04349,1.04645,1.04303,1.0454,2722,3,0
1732593600,1.0454,1.04644,1.04513,1.04607,1593,4,0
1732597200,1.04606,1.048,1.04582,1.0478,1302,4,0
1732600800,1.04779,1.04904,1.04766,1.04796,1052,4,0
1732604400,1.04796,1.04814,1.04739,1.04752,1044,0,0
1732608000,1.04752,1.04834,1.04741,1.04761,1515,4,0
1732611600,1.04767,1.04854,1.0472,1.0472,2805,3,0
1732615200,1.04719,1.04962,1.04701,1.04913,3083,3,0
1732618800,1.04913,1.05189,1.04909,1.05072,3020,3,0
1732622400,1.05072,1.05208,1.05055,1.05169,2179,3,0
1732626000,1.05169,1.05208,1.05049,1.05132,1810,4,0
1732629600,1.05132,1.05446,1.051,1.05238,3012,3,0
1732633200,1.05237,1.05266,1.04999,1.05035,3401,3,0
1732636800,1.05034,1.05059,1.04895,1.05034,3384,3,0
1732640400,1.05023,1.05098,1.04784,1.04795,3673,3,0
1732644000,1.04795,1.0486,1.04635,1.04798,2981,3,0
1732647600,1.04796,1.04806,1.04641,1.04703,2124,4,0
1732651200,1.04703,1.04744,1.04571,1.04646,1872,3,0
1732654800,1.04656,1.04807,1.0458,1.04726,2467,3,0
1732658400,1.04727,1.04818,1.04715,1.04808,1725,4,0
1732662000,1.04807,1.04901,1.04804,1.04811,738,3,0
1732665600,1.0481,1.04883,1.04763,1.04868,438,4,0
1732669200,1.04852,1.04918,1.04844,1.04915,679,4,0
1732672800,1.04916,1.04962,1.04887,1.04893,1488,4,0
1732676400,1.04893,1.04926,1.04843,1.04866,2005,3,0
1732680000,1.04864,1.0488,1.04813,1.04854,1466,4,0
1732683600,1.04854,1.04857,1.04777,1.04827,1047,1,0
1732687200,1.04827,1.04838,1.04773,1.04788,810,3,0
1732690800,1.04786,1.04799,1.04743,1.04768,825,0,0
1732694400,1.04767,1.04861,1.04752,1.04797,1466,3,0
1732698000,1.04797,1.05051,1.04796,1.04981,2526,4,0
1732701600,1.04979,1.05402,1.0496,1.05141,4098,3,0
1732705200,1.0514000000000001,1.0518399999999999,1.05089,1.05164,2545,3,0
1732708800,1.05162,1.05303,1.05126,1.05274,2353,4,0
1732712400,1.05274,1.05304,1.05104,1.0526,2089,3,0
1732716000,1.0526,1.05377,1.05199,1.05278,2569,3,0
1732719600,1.05281,1.05736,1.05269,1.05726,3631,3,0
1732723200,1.0573,1.05786,1.05481,1.05537,3479,3,0
1732726800,1.05554,1.05796,1.0533,1.05705,3861,3,0
1732730400,1.05703,1.05846,1.05548,1.05741,3181,3,0
1732734000,1.05743,1.05875,1.05712,1.05763,2603,3,0
1732737600,1.05763,1.05785,1.05652,1.05661,1630,3,0
1732741200,1.0566,1.05708,1.05604,1.05628,1538,4,0
1732744800,1.05627,1.05665,1.05592,1.05652,1421,3,0
1732748400,1.05651,1.05682,1.05626,1.05643,582,1,0
1732752000,1.05645,1.05678,1.05604,1.05665,348,9,0
1732755600,1.05645,1.0569,1.05609,1.05619,571,4,0
1732759200,1.05619,1.05623,1.0551,1.05517,1334,1,0
1732762800,1.05517,1.05626,1.05472,1.05569,1852,3,0
1732766400,1.05572,1.0561,1.05512,1.05569,1401,4,0
1732770000,1.05568,1.05577,1.055,1.05522,1082,4,0
1732773600,1.05528,1.05572,1.05486,1.05546,931,4,0
1732777200,1.05546,1.05579,1.05495,1.055,823,2,0
1732780800,1.05499,1.05515,1.05428,1.05483,1209,4,0
1732784400,1.05483,1.05551,1.05319,1.05417,2047,4,0
1732788000,1.05402,1.05495,1.05275,1.05443,3076,3,0
1732791600,1.05442,1.05563,1.05309,1.05319,2973,3,0
1732795200,1.0532,1.05505,1.05299,1.05505,2031,3,0
1732798800,1.05506,1.05562,1.05454,1.05498,1570,3,0
1732802400,1.05498,1.05536,1.05436,1.0545,1543,3,0
1732806000,1.05445,1.05477,1.05302,1.05338,2347,3,0
1732809600,1.05338,1.05494,1.05314,1.05491,2158,3,0
1732813200,1.05492,1.05569,1.05418,1.05524,2264,3,0
1732816800,1.05517,1.05547,1.05472,1.05538,1237,0,0
1732820400,1.05538,1.05554,1.05504,1.05527,541,0,0
1732824000,1.05527,1.05567,1.05521,1.05554,293,0,0
1732827600,1.05554,1.05567,1.0553,1.05566,237,1,0
1732831200,1.05567,1.05569,1.05537,1.05546,256,1,0
1732834800,1.05548,1.05567,1.05469,1.05469,319,4,0
1732838400,1.05477,1.05553,1.05464,1.05504,419,7,0
1732842000,1.05503,1.0562,1.05492,1.056,730,4,0
1732845600,1.056,1.05717,1.05585,1.05624,1504,3,0
1732849200,1.05625,1.05746,1.05565,1.05598,2461,4,0
1732852800,1.05597,1.05738,1.05589,1.05709,1531,4,0
1732856400,1.05709,1.05757,1.0566,1.05736,1269,3,0
1732860000,1.05736,1.0576699999999999,1.05683,1.05698,1019,4,0
1732863600,1.05698,1.05741,1.05661,1.05679,1431,3,0
1732867200,1.05675,1.05805,1.05651,1.05801,1461,4,0
1732870800,1.05803,1.0597,1.05751,1.05793,2797,3,0
1732874400,1.05793,1.05819,1.05638,1.05699,2687,4,0
1732878000,1.05703,1.05815,1.05519,1.05565,2801,3,0
1732881600,1.05564,1.05731,1.05564,1.05645,2628,3,0
1732885200,1.05644,1.05676,1.0555,1.05624,2220,3,0
1732888800,1.0563,1.05655,1.05481,1.05642,2495,3,0
1732892400,1.05642,1.05682,1.05551,1.05627,2547,3,0
1732896000,1.05628,1.05645,1.05454,1.05531,2644,3,0
1732899600,1.0553,1.05675,1.05459,1.0561,3401,3,0
1732903200,1.05612,1.05629,1.05414,1.05464,2888,3,0
1732906800,1.05462,1.05677,1.05435,1.05676,2006,4,0
1732910400,1.05672,1.0578,1.05672,1.0575,1071,1,0
1732914000,1.05752,1.05795,1.0572300000000001,1.05795,755,1,0
1732917600,1.05795,1.05844,1.0578,1.05826,731,1,0
1732921200,1.0582,1.05826,1.05726,1.05755,1127,4,0
1733097600,1.057,1.05719,1.05544,1.05622,552,4,0
1733101200,1.05621,1.05666,1.05335,1.05438,1639,3,0
1733104800,1.05438,1.05461,1.05312,1.0536,1832,3,0
1733108400,1.05361,1.0539,1.05279,1.05304,2013,4,0
1733112000,1.05304,1.05319,1.05199,1.05252,1808,4,0
1733115600,1.05253,1.05268,1.052,1.05234,1291,4,0
1733119200,1.05234,1.0529,1.05189,1.05233,1058,2,0
1733122800,1.05232,1.05281,1.05151,1.0522,1471,4,0
1733126400,1.05218,1.05361,1.05213,1.05328,1904,4,0
1733130000,1.05331,1.05371,1.0501800000000001,1.05027,3279,3,0
1733133600,1.05027,1.05122,1.04959,1.0502,3200,3,0
1733137200,1.0502,1.0519,1.0502,1.05134,2539,3,0
1733140800,1.05131,1.05238,1.0506199999999999,1.05216,2558,3,0
1733144400,1.05214,1.05286,1.05197,1.05229,2054,3,0
1733148000,1.05228,1.05381,1.04949,1.05008,2741,3,0
1733151600,1.05006,1.05142,1.04961,1.05055,3096,3,0
1733155200,1.05065,1.05146,1.0472,1.0473,3607,3,0
1733158800,1.04709,1.04808,1.04617,1.04689,4058,3,0
1733162400,1.04694,1.04975,1.04606,1.04835,3617,3,0
1733166000,1.04835,1.04987,1.048,1.04874,2221,3,0
1733169600,1.04873,1.04929,1.04845,1.04897,1642,3,0
1733173200,1.04895,1.04942,1.04872,1.04902,1515,4,0
1733176800,1.04901,1.05158,1.04887,1.04999,2472,3,0
1733180400,1.04999,1.05027,1.0496,1.0496,650,3,0
1733184000,1.04968,1.05003,1.04939,1.04964,333,4,0
1733187600,1.04954,1.05015,1.04954,1.05008,595,4,0
1733191200,1.05005,1.05015,1.04885,1.04911,1315,3,0
1733194800,1.04913,1.0497,1.04842,1.04878,1995,3,0
1733198400,1.04877,1.04918,1.04823,1.04894,1537,3,0
1733202000,1.04893,1.04943,1.04869,1.04902,1322,0,0
1733205600,1.04902,1.04912,1.04843,1.04853,1022,0,0
1733209200,1.04853,1.04922,1.04807,1.04914,1086,4,0
1733212800,1.04914,1.04946,1.04833,1.04877,1453,3,0
1733216400,1.04872,1.05114,1.04861,1.04981,2365,3,0
1733220000,1.0498,1.05277,1.04972,1.05252,3161,3,0
1733223600,1.05252,1.05306,1.05162,1.05203,2524,3,0
1733227200,1.05202,1.05296,1.0512,1.05145,1917,3,0
1733230800,1.05144,1.05273,1.05137,1.05225,2123,3,0
1733234400,1.05225,1.05243,1.0507,1.05075,2285,3,0
1733238000,1.05076,1.05268,1.0506199999999999,1.05238,2582,3,0
1733241600,1.05242,1.05288,1.05168,1.05177,3365,3,0
1733245200,1.05178,1.05183,1.0492,1.05165,3920,3,0
1733248800,1.0517,1.05194,1.05031,1.05173,2820,3,0
1733252400,1.05173,1.05301,1.05082,1.05285,2360,3,0
1733256000,1.05281,1.05349,1.05247,1.05277,1937,3,0
1733259600,1.05276,1.05287,1.05042,1.05042,1547,4,0
1733263200,1.05039,1.05125,1.05028,1.05087,1506,4,0
1733266800,1.05085,1.05116,1.05042,1.05049,703,4,0
1733270400,1.05052,1.05083,1.05027,1.0507,268,9,0
1733274000,1.05068,1.05108,1.05057,1.05098,585,3,0
1733277600,1.05097,1.0512,1.04972,1.04992,1341,4,0
1733281200,1.04991,1.05125,1.04972,1.0506,1863,4,0
1733284800,1.05061,1.05083,1.04977,1.05002,1663,4,0
1733288400,1.05002,1.05004,1.04878,1.04936,1555,4,0
1733292000,1.04936,1.05134,1.04907,1.05107,1420,4,0
1733295600,1.05107,1.05198,1.05094,1.05149,1347,4,0
1733299200,1.05152,1.05288,1.05103,1.05228,1604,4,0
1733302800,1.0522,1.05265,1.05074,1.05092,2278,3,0
1733306400,1.05087,1.05148,1.04902,1.04912,2757,4,0
1733310000,1.04913,1.05061,1.04824,1.05028,2934,4,0
1733313600,1.0503,1.05092,1.04958,1.04992,2312,4,0
1733317200,1.04991,1.05122,1.04976,1.05048,2106,3,0
1733320800,1.05045,1.05047,1.04877,1.04911,2183,4,0
1733324400,1.04902,1.04972,1.0479,1.04835,3233,3,0
1733328000,1.04833,1.04985,1.04722,1.04938,3135,3,0
1733331600,1.04931,1.05439,1.04931,1.05291,4627,3,0
1733335200,1.05293,1.05367,1.05199,1.05267,3007,3,0
1733338800,1.05267,1.05424,1.05247,1.05372,2117,4,0
1733342400,1.05371,1.05387,1.05154,1.05164,1749,3,0
1733346000,1.05152,1.05291,1.05072,1.05137,2822,3,0
1733349600,1.05137,1.05173,1.05048,1.05128,1806,3,0
1733353200,1.0513,1.05158,1.05051,1.0506,711,3,0
1733356800,1.05051,1.0512,1.05051,1.05102,314,8,0
1733360400,1.05099,1.05153,1.05078,1.0512299999999999,656,4,0
1733364000,1.0512299999999999,1.05156,1.05081,1.05141,1237,4,0
1733367600,1.05143,1.05157,1.05091,1.05121,1535,4,0
1733371200,1.05121,1.05226,1.05105,1.05197,1373,1,0
1733374800,1.05198,1.05232,1.05158,1.05228,984,4,0
1733378400,1.05227,1.05254,1.05171,1.05182,786,0,0
1733382000,1.05182,1.05287,1.05172,1.05264,1180,3,0
1733385600,1.05264,1.05296,1.05229,1.05256,1414,4,0
1733389200,1.05253,1.05385,1.05247,1.05352,1969,3,0
1733392800,1.05347,1.05463,1.0529,1.05301,2519,3,0
1733396400,1.05302,1.05346,1.05211,1.05285,1967,3,0
1733400000,1.05278,1.05352,1.0525,1.0526,1917,3,0
1733403600,1.05256,1.05379,1.05233,1.0536,1766,3,0
1733407200,1.05362,1.05385,1.05237,1.05367,2077,4,0
1733410800,1.05368,1.0568,1.05331,1.05669,3611,3,0
1733414400,1.05668,1.05895,1.05657,1.05754,3438,0,0
1733418000,1.05754,1.05797,1.05506,1.05722,3240,3,0
1733421600,1.05721,1.05782,1.05647,1.05702,2676,3,0
1733425200,1.0570599999999999,1.05745,1.05574,1.05675,2077,3,0
1733428800,1.05674,1.05696,1.05569,1.0568,1655,4,0
1733432400,1.05685,1.05885,1.05685,1.05873,1800,4,0
1733436000,1.05873,1.0588,1.05809,1.05844,1293,4,0
1733439600,1.05834,1.05883,1.05818,1.05824,670,3,0
1733443200,1.05823,1.0588,1.05823,1.05857,330,4,0
1733446800,1.05855,1.05875,1.05836,1.05863,574,3,0
1733450400,1.05863,1.05863,1.05765,1.05773,1214,3,0
1733454000,1.05772,1.0578,1.05658,1.05685,1500,4,0
1733457600,1.05686,1.05781,1.05682,1.05768,1473,4,0
1733461200,1.05768,1.05802,1.05728,1.05758,1276,4,0
1733464800,1.05757,1.05769,1.05724,1.05751,810,0,0
1733468400,1.05752,1.05752,1.05687,1.05721,1037,0,0
1733472000,1.05721,1.05775,1.05692,1.05743,1162,4,0
1733475600,1.05747,1.05844,1.05674,1.05836,2090,4,0
1733479200,1.05834,1.05938,1.05765,1.05819,2314,3,0
1733482800,1.05818,1.05834,1.05712,1.05772,2034,3,0
1733486400,1.05775,1.05847,1.05714,1.05824,1816,4,0
1733490000,1.05825,1.05888,1.05766,1.05869,1685,4,0
1733493600,1.05868,1.05883,1.05804,1.05812,1960,3,0
1733497200,1.05814,1.06296,1.05791,1.06043,4037,3,0
1733500800,1.06046,1.06069,1.05677,1.05778,4326,3,0
1733504400,1.05768,1.05785,1.05442,1.05631,3427,3,0
1733508000,1.05631,1.05754,1.05538,1.05623,2588,3,0
1733511600,1.05618,1.05619,1.0547,1.05509,2282,3,0
1733515200,1.05508,1.0561,1.0546,1.05493,1596,4,0
1733518800,1.05493,1.05549,1.05421,1.05542,1363,3,0
1733522400,1.05549,1.05639,1.05539,1.05636,1387,4,0
1733526000,1.05635,1.05694,1.05614,1.05665,672,4,0
1733702400,1.05557,1.05629,1.05534,1.05626,518,11,0
1733706000,1.05614,1.05692,1.05595,1.05655,858,3,0
1733709600,1.05655,1.05657,1.05555,1.05592,1151,4,0
1733713200,1.05593,1.05608,1.05512,1.05518,1223,0,0
1733716800,1.05518,1.05561,1.05504,1.05547,1169,4,0
1733720400,1.05547,1.05563,1.05366,1.05372,1055,3,0
1733724000,1.05373,1.05398,1.05321,1.05346,1083,4,0
1733727600,1.05346,1.05382,1.05337,1.0537,1186,4,0
1733731200,1.05371,1.05447,1.05364,1.05442,1210,4,0
1733734800,1.05441,1.05663,1.0541,1.05641,2494,3,0
1733738400,1.05643,1.05702,1.05564,1.05673,2813,3,0
1733742000,1.05675,1.05748,1.05613,1.05661,2213,4,0
1733745600,1.05661,1.05853,1.05661,1.05804,2102,3,0
1733749200,1.05803,1.05849,1.05674,1.05687,1662,3,0
1733752800,1.05686,1.05711,1.05577,1.05656,1750,3,0
1733756400,1.05657,1.05776,1.05581,1.0576,2782,3,0
1733760000,1.05761,1.05846,1.05716,1.05781,2850,3,0
1733763600,1.05783,1.05925,1.05717,1.05909,2847,3,0
1733767200,1.0591,1.05943,1.05681,1.05703,2057,4,0
1733770800,1.05702,1.05742,1.05666,1.05668,1606,3,0
1733774400,1.05667,1.05675,1.05602,1.05635,1469,3,0
1733778000,1.05635,1.05644,1.05514,1.0555,1505,3,0
1733781600,1.05552,1.05573,1.0547,1.05499,1295,0,0
1733785200,1.05503,1.05549,1.05491,1.05496,645,1,0
1733788800,1.0551,1.05546,1.05487,1.05532,246,8,0
1733792400,1.05532,1.0557,1.05526,1.05542,609,4,0
1733796000,1.05541,1.05543,1.0549,1.05529,1037,3,0
1733799600,1.0553,1.05535,1.05452,1.05529,1508,3,0
1733803200,1.05529,1.05613,1.05515,1.05532,1673,4,0
1733806800,1.05532,1.05576,1.05489,1.05564,1472,4,0
1733810400,1.05564,1.05598,1.0556,1.05574,1129,4,0
1733814000,1.05576,1.05625,1.0554,1.05619,1195,4,0
1733817600,1.05618,1.0568,1.05608,1.05665,1354,4,0
